distribution_id,beneficiary_id,distribution_date,assistance_type,amount,cycle
1,1,5/16/2025,cash,100,2
2,1,6/11/2025,cash,100,3
3,2,4/16/2025,cash,90,1
4,2,5/18/2025,food,110,2
5,2,6/13/2025,food,100,3
6,3,4/20/2025,food,110,1
7,3,5/13/2025,cash,110,2
8,4,4/10/2025,food,90,1
9,4,6/20/2025,food,90,3
10,5,4/16/2025,cash,100,1
11,5,5/17/2025,cash,110,2
12,5,6/19/2025,cash,110,3
13,6,4/18/2025,cash,90,1
14,6,5/11/2025,food,110,2
15,7,5/17/2025,cash,100,2
16,7,6/13/2025,cash,90,3
17,8,4/20/2025,cash,90,1
18,8,5/10/2025,cash,100,2
19,9,4/13/2025,food,110,1
20,9,5/20/2025,cash,110,2
21,9,6/18/2025,food,90,3
22,10,4/15/2025,cash,110,1
23,10,5/19/2025,cash,110,2
24,10,6/16/2025,food,90,3
25,11,4/11/2025,food,90,1
26,11,5/15/2025,cash,110,2
27,12,4/12/2025,food,100,1
28,12,5/10/2025,food,90,2
29,12,6/13/2025,food,100,3
30,13,4/15/2025,cash,110,1
31,13,5/19/2025,cash,90,2
32,13,6/18/2025,food,100,3
33,14,4/14/2025,cash,100,1
34,14,5/12/2025,food,90,2
35,14,6/10/2025,food,100,3
36,15,4/11/2025,food,110,1
37,15,5/20/2025,cash,100,2
38,15,6/16/2025,cash,100,3
39,16,4/13/2025,cash,110,1
40,16,5/12/2025,food,110,2
41,16,6/20/2025,cash,90,3
42,17,4/15/2025,food,110,1
43,17,5/15/2025,food,100,2
44,17,6/14/2025,food,110,3
45,18,5/18/2025,food,90,2
46,18,6/19/2025,cash,110,3
47,19,4/20/2025,cash,110,1
48,19,5/17/2025,food,90,2
49,19,6/13/2025,cash,100,3
50,20,4/19/2025,cash,110,1
51,20,5/12/2025,food,100,2
52,20,6/12/2025,cash,90,3
53,21,4/17/2025,cash,90,1
54,21,5/18/2025,food,110,2
55,21,6/12/2025,food,90,3
56,22,4/13/2025,food,100,1
57,22,5/19/2025,cash,110,2
58,22,6/20/2025,cash,100,3
59,23,4/20/2025,food,100,1
60,23,5/17/2025,food,90,2
61,23,6/11/2025,cash,100,3
62,24,4/18/2025,cash,90,1
63,24,5/19/2025,food,100,2
64,24,6/11/2025,cash,100,3
65,25,4/20/2025,food,100,1
66,25,5/11/2025,food,90,2
67,25,6/18/2025,cash,100,3
68,26,4/10/2025,food,110,1
69,26,5/18/2025,food,90,2
70,26,6/19/2025,cash,90,3
71,27,5/12/2025,cash,90,2
72,27,6/15/2025,cash,90,3
73,28,4/13/2025,cash,90,1
74,28,5/10/2025,cash,90,2
75,28,6/15/2025,cash,100,3
76,29,5/13/2025,food,90,2
77,30,4/14/2025,food,90,1
78,30,5/15/2025,food,110,2
79,30,6/13/2025,cash,110,3
80,31,4/13/2025,cash,90,1
81,31,5/13/2025,cash,110,2
82,31,6/19/2025,food,100,3
83,32,4/19/2025,food,90,1
84,32,5/14/2025,food,110,2
85,33,4/11/2025,food,110,1
86,33,5/12/2025,cash,90,2
87,33,6/14/2025,cash,110,3
88,34,4/20/2025,cash,100,1
89,34,5/15/2025,food,100,2
90,34,6/19/2025,cash,90,3
91,35,4/18/2025,cash,110,1
92,35,5/11/2025,food,110,2
93,35,6/15/2025,food,90,3
94,36,4/13/2025,food,90,1
95,36,5/13/2025,food,90,2
96,36,6/11/2025,cash,110,3
97,37,4/14/2025,food,90,1
98,37,5/19/2025,food,110,2
99,37,6/11/2025,cash,90,3
100,38,4/16/2025,cash,100,1
101,38,5/20/2025,food,100,2
102,38,6/14/2025,cash,110,3
103,39,4/12/2025,cash,90,1
104,39,5/14/2025,cash,110,2
105,39,6/15/2025,cash,110,3
106,40,4/17/2025,cash,100,1
107,40,6/18/2025,food,100,3
108,41,5/13/2025,food,110,2
109,41,6/14/2025,food,100,3
110,42,4/20/2025,cash,90,1
111,42,5/11/2025,cash,110,2
112,42,6/14/2025,food,90,3
113,43,5/18/2025,cash,100,2
114,43,6/20/2025,cash,100,3
115,44,4/13/2025,cash,110,1
116,44,5/18/2025,food,90,2
117,45,4/18/2025,cash,110,1
118,45,5/12/2025,cash,90,2
119,45,6/12/2025,food,90,3
120,46,4/16/2025,cash,100,1
121,46,6/20/2025,cash,110,3
122,47,4/11/2025,food,100,1
123,47,5/14/2025,cash,90,2
124,47,6/19/2025,food,90,3
125,49,4/10/2025,food,110,1
126,49,5/10/2025,food,90,2
127,49,6/15/2025,food,100,3
128,50,4/15/2025,cash,100,1
129,50,5/11/2025,food,100,2
130,50,6/18/2025,cash,100,3
131,51,4/17/2025,cash,90,1
132,51,5/14/2025,cash,100,2
133,51,6/14/2025,food,100,3
134,52,4/18/2025,food,90,1
135,52,6/17/2025,cash,90,3
136,53,4/16/2025,cash,100,1
137,53,5/13/2025,cash,90,2
138,53,6/12/2025,food,100,3
139,54,4/10/2025,cash,110,1
140,54,5/17/2025,food,90,2
141,54,6/18/2025,food,110,3
142,55,4/15/2025,food,110,1
143,55,5/16/2025,cash,90,2
144,56,4/12/2025,cash,100,1
145,56,5/20/2025,cash,90,2
146,56,6/15/2025,food,110,3
147,57,4/16/2025,food,100,1
148,57,5/11/2025,food,90,2
149,57,6/18/2025,cash,90,3
150,58,4/11/2025,food,110,1
151,58,5/16/2025,cash,100,2
152,58,6/11/2025,cash,90,3
153,59,5/20/2025,cash,90,2
154,59,6/16/2025,cash,100,3
155,60,6/19/2025,cash,90,3
156,61,4/16/2025,food,110,1
157,61,5/20/2025,cash,90,2
158,61,6/17/2025,cash,110,3
159,62,4/10/2025,food,90,1
160,62,5/14/2025,food,110,2
161,62,6/15/2025,cash,90,3
162,63,4/10/2025,food,90,1
163,63,5/14/2025,cash,100,2
164,63,6/17/2025,food,100,3
165,64,4/11/2025,cash,110,1
166,64,5/12/2025,food,100,2
167,64,6/15/2025,food,90,3
168,65,4/13/2025,food,90,1
169,65,5/12/2025,cash,90,2
170,65,6/20/2025,cash,90,3
171,66,4/11/2025,cash,110,1
172,66,5/14/2025,food,90,2
173,66,6/12/2025,cash,90,3
174,67,4/18/2025,food,110,1
175,67,6/17/2025,cash,100,3
176,68,4/16/2025,cash,90,1
177,68,5/12/2025,food,90,2
178,69,4/13/2025,food,100,1
179,69,5/18/2025,cash,90,2
180,69,6/18/2025,food,110,3
181,70,4/16/2025,food,90,1
182,70,5/12/2025,cash,110,2
183,70,6/18/2025,food,110,3
184,71,4/18/2025,food,100,1
185,71,5/14/2025,food,110,2
186,71,6/13/2025,cash,110,3
187,72,4/10/2025,cash,100,1
188,72,6/10/2025,cash,90,3
189,73,4/10/2025,food,110,1
190,73,5/15/2025,food,90,2
191,74,4/14/2025,cash,100,1
192,74,5/14/2025,food,90,2
193,74,6/10/2025,food,90,3
194,75,4/14/2025,cash,100,1
195,75,6/19/2025,cash,110,3
196,76,4/16/2025,food,110,1
197,76,5/18/2025,cash,100,2
198,76,6/14/2025,cash,110,3
199,77,4/16/2025,cash,100,1
200,77,5/16/2025,food,90,2
201,78,4/12/2025,food,90,1
202,78,5/12/2025,cash,110,2
203,78,6/12/2025,food,90,3
204,79,4/12/2025,food,110,1
205,79,5/11/2025,cash,90,2
206,79,6/17/2025,food,90,3
207,80,4/12/2025,cash,110,1
208,80,5/16/2025,cash,90,2
209,80,6/20/2025,cash,90,3
210,81,4/11/2025,food,90,1
211,81,6/10/2025,cash,110,3
212,82,4/15/2025,cash,90,1
213,82,5/19/2025,food,90,2
214,82,6/17/2025,cash,90,3
215,83,4/14/2025,cash,90,1
216,83,5/11/2025,food,90,2
217,83,6/16/2025,cash,90,3
218,84,5/16/2025,food,90,2
219,84,6/14/2025,cash,110,3
220,85,4/11/2025,food,90,1
221,85,6/14/2025,food,90,3
222,86,4/11/2025,food,90,1
223,86,5/19/2025,cash,90,2
224,86,6/15/2025,cash,110,3
225,87,4/20/2025,food,110,1
226,87,5/15/2025,cash,100,2
227,88,4/14/2025,cash,90,1
228,88,5/12/2025,cash,100,2
229,88,6/17/2025,food,90,3
230,89,4/16/2025,food,90,1
231,89,5/12/2025,cash,100,2
232,89,6/17/2025,food,100,3
233,90,4/16/2025,food,90,1
234,90,5/20/2025,cash,100,2
235,90,6/17/2025,food,110,3
236,91,4/13/2025,food,90,1
237,91,5/16/2025,cash,110,2
238,91,6/15/2025,cash,90,3
239,92,5/18/2025,food,90,2
240,93,4/15/2025,food,90,1
241,93,5/12/2025,food,90,2
242,93,6/13/2025,cash,110,3
243,94,4/12/2025,food,110,1
244,94,5/16/2025,food,90,2
245,94,6/20/2025,cash,100,3
246,95,4/12/2025,cash,90,1
247,95,5/11/2025,cash,90,2
248,95,6/16/2025,cash,90,3
249,96,4/12/2025,food,100,1
250,96,5/15/2025,food,110,2
251,96,6/14/2025,cash,90,3
252,97,4/20/2025,cash,110,1
253,97,5/18/2025,cash,90,2
254,97,6/16/2025,food,110,3
255,98,4/14/2025,food,110,1
256,98,5/12/2025,food,90,2
257,98,6/12/2025,cash,100,3
258,99,4/13/2025,food,90,1
259,99,5/18/2025,cash,110,2
260,99,6/15/2025,food,100,3
261,100,4/15/2025,food,90,1
262,100,5/11/2025,cash,100,2
263,100,6/15/2025,cash,90,3
264,101,4/18/2025,cash,90,1
265,101,5/10/2025,food,90,2
266,101,6/20/2025,cash,90,3
267,102,4/19/2025,cash,110,1
268,102,6/10/2025,food,90,3
269,103,5/15/2025,food,100,2
270,103,6/15/2025,food,110,3
271,104,4/12/2025,cash,100,1
272,104,5/18/2025,cash,110,2
273,104,6/12/2025,cash,110,3
274,105,4/17/2025,cash,100,1
275,105,5/20/2025,food,90,2
276,105,6/11/2025,cash,90,3
277,106,4/20/2025,cash,110,1
278,106,5/18/2025,food,100,2
279,106,6/15/2025,food,100,3
280,107,4/16/2025,cash,110,1
281,107,5/16/2025,cash,90,2
282,108,4/12/2025,food,90,1
283,108,5/12/2025,food,110,2
284,108,6/11/2025,food,90,3
285,109,4/12/2025,food,90,1
286,109,5/19/2025,food,100,2
287,109,6/12/2025,food,100,3
288,110,6/17/2025,cash,90,3
289,111,5/15/2025,food,100,2
290,111,6/19/2025,cash,100,3
291,112,4/19/2025,food,100,1
292,112,5/16/2025,food,100,2
293,112,6/20/2025,cash,110,3
294,113,5/13/2025,cash,90,2
295,113,6/14/2025,food,90,3
296,114,4/11/2025,cash,100,1
297,114,5/20/2025,cash,100,2
298,114,6/20/2025,food,90,3
299,115,4/11/2025,food,100,1
300,115,5/15/2025,cash,100,2
301,115,6/19/2025,food,90,3
302,116,4/17/2025,cash,100,1
303,116,5/18/2025,cash,100,2
304,116,6/13/2025,food,110,3
305,117,4/19/2025,food,90,1
306,117,6/16/2025,food,90,3
307,118,4/10/2025,food,100,1
308,118,5/12/2025,cash,90,2
309,118,6/16/2025,cash,100,3
310,119,4/17/2025,food,110,1
311,119,5/14/2025,cash,90,2
312,119,6/16/2025,food,100,3
313,120,4/15/2025,food,100,1
314,120,5/12/2025,food,100,2
315,121,4/10/2025,cash,90,1
316,121,5/19/2025,cash,100,2
317,121,6/15/2025,cash,90,3
318,122,4/12/2025,food,100,1
319,122,5/20/2025,food,100,2
320,122,6/10/2025,food,90,3
321,123,4/20/2025,cash,90,1
322,123,5/13/2025,food,110,2
323,123,6/12/2025,food,90,3
324,124,4/13/2025,cash,100,1
325,124,5/10/2025,food,100,2
326,124,6/11/2025,food,110,3
327,125,5/15/2025,food,110,2
328,125,6/15/2025,cash,90,3
329,126,4/15/2025,cash,110,1
330,126,5/18/2025,food,100,2
331,126,6/20/2025,food,110,3
332,127,4/19/2025,cash,90,1
333,127,5/11/2025,cash,110,2
334,127,6/16/2025,cash,100,3
335,128,4/19/2025,cash,110,1
336,128,5/19/2025,cash,110,2
337,128,6/16/2025,cash,90,3
338,129,4/18/2025,food,90,1
339,129,5/17/2025,cash,100,2
340,130,5/20/2025,food,90,2
341,131,4/18/2025,food,100,1
342,131,5/14/2025,food,100,2
343,131,6/10/2025,food,90,3
344,132,4/12/2025,food,110,1
345,132,5/19/2025,food,100,2
346,132,6/19/2025,food,90,3
347,133,4/16/2025,cash,110,1
348,133,5/10/2025,food,90,2
349,134,4/12/2025,food,100,1
350,134,5/16/2025,cash,90,2
351,134,6/12/2025,cash,110,3
352,135,4/16/2025,food,110,1
353,135,5/15/2025,cash,90,2
354,135,6/16/2025,cash,110,3
355,136,4/12/2025,cash,110,1
356,136,5/11/2025,food,90,2
357,136,6/12/2025,food,110,3
358,137,4/15/2025,cash,90,1
359,137,5/13/2025,food,90,2
360,137,6/13/2025,food,100,3
361,138,4/14/2025,cash,90,1
362,138,5/20/2025,cash,90,2
363,138,6/19/2025,cash,90,3
364,139,4/14/2025,cash,90,1
365,139,5/15/2025,cash,100,2
366,139,6/10/2025,food,90,3
367,140,4/20/2025,cash,90,1
368,140,5/16/2025,food,110,2
369,141,4/12/2025,food,90,1
370,141,6/20/2025,cash,90,3
371,142,6/19/2025,cash,90,3
372,143,4/14/2025,cash,90,1
373,143,5/18/2025,cash,110,2
374,143,6/12/2025,cash,100,3
375,144,4/13/2025,cash,100,1
376,144,5/11/2025,cash,100,2
377,144,6/13/2025,cash,100,3
378,145,4/20/2025,food,100,1
379,145,5/17/2025,food,110,2
380,146,5/13/2025,food,100,2
381,146,6/19/2025,food,90,3
382,147,4/17/2025,food,100,1
383,147,5/14/2025,food,110,2
384,147,6/16/2025,food,90,3
385,148,4/15/2025,cash,100,1
386,148,5/10/2025,food,110,2
387,148,6/19/2025,food,100,3
388,149,4/12/2025,food,100,1
389,149,5/15/2025,cash,90,2
390,149,6/15/2025,food,90,3
391,150,4/11/2025,cash,100,1
392,150,5/15/2025,cash,100,2
393,150,6/15/2025,cash,110,3
394,151,4/14/2025,cash,110,1
395,151,5/18/2025,food,110,2
396,151,6/20/2025,cash,110,3
397,152,4/16/2025,food,100,1
398,152,5/13/2025,cash,90,2
399,152,6/17/2025,cash,100,3
400,153,4/11/2025,food,90,1
401,153,5/19/2025,food,90,2
402,153,6/14/2025,cash,110,3
403,154,4/19/2025,cash,100,1
404,154,5/16/2025,cash,110,2
405,155,4/20/2025,cash,90,1
406,155,5/16/2025,food,100,2
407,155,6/15/2025,food,90,3
408,156,4/15/2025,food,110,1
409,156,5/14/2025,food,100,2
410,156,6/11/2025,food,110,3
411,157,4/13/2025,cash,90,1
412,157,5/15/2025,food,90,2
413,157,6/13/2025,food,110,3
414,158,6/14/2025,cash,90,3
415,159,4/14/2025,cash,100,1
416,159,5/19/2025,food,100,2
417,159,6/12/2025,food,90,3
418,160,4/12/2025,food,110,1
419,160,5/11/2025,cash,110,2
420,160,6/17/2025,food,100,3
421,161,4/17/2025,cash,90,1
422,161,5/14/2025,cash,100,2
423,161,6/13/2025,cash,110,3
424,162,4/17/2025,cash,90,1
425,162,5/13/2025,food,100,2
426,162,6/11/2025,food,90,3
427,163,4/18/2025,food,100,1
428,163,5/20/2025,cash,110,2
429,163,6/12/2025,cash,100,3
430,164,4/17/2025,cash,100,1
431,164,5/14/2025,food,90,2
432,164,6/19/2025,cash,90,3
433,165,4/11/2025,cash,90,1
434,165,5/17/2025,cash,100,2
435,165,6/20/2025,food,100,3
436,166,4/18/2025,cash,100,1
437,166,5/12/2025,food,110,2
438,166,6/15/2025,cash,100,3
439,167,4/11/2025,cash,110,1
440,167,5/16/2025,cash,100,2
441,167,6/12/2025,food,110,3
442,168,4/18/2025,food,90,1
443,168,5/20/2025,cash,90,2
444,168,6/10/2025,cash,110,3
445,169,4/11/2025,cash,100,1
446,169,5/19/2025,food,100,2
447,169,6/13/2025,food,100,3
448,170,4/13/2025,food,110,1
449,170,5/19/2025,food,110,2
450,170,6/12/2025,food,110,3
451,171,4/13/2025,cash,100,1
452,171,5/12/2025,cash,100,2
453,171,6/12/2025,cash,110,3
454,172,4/15/2025,cash,90,1
455,172,6/12/2025,cash,110,3
456,173,4/17/2025,cash,100,1
457,173,5/17/2025,cash,90,2
458,173,6/19/2025,food,90,3
459,174,4/12/2025,cash,90,1
460,174,5/15/2025,food,100,2
461,174,6/18/2025,food,110,3
462,175,4/15/2025,food,90,1
463,175,5/14/2025,food,110,2
464,175,6/19/2025,food,90,3
465,176,4/18/2025,cash,90,1
466,176,6/20/2025,cash,100,3
467,177,4/13/2025,food,100,1
468,177,5/11/2025,cash,100,2
469,177,6/14/2025,food,110,3
470,178,4/20/2025,food,100,1
471,178,5/16/2025,food,100,2
472,178,6/19/2025,food,110,3
473,179,4/17/2025,food,100,1
474,179,5/10/2025,food,110,2
475,179,6/20/2025,cash,110,3
476,180,5/20/2025,cash,100,2
477,180,6/11/2025,food,90,3
478,181,4/13/2025,food,110,1
479,181,5/17/2025,food,90,2
480,181,6/20/2025,cash,90,3
481,182,4/15/2025,food,110,1
482,182,5/18/2025,cash,90,2
483,182,6/12/2025,cash,100,3
484,183,4/11/2025,food,90,1
485,183,5/15/2025,cash,110,2
486,183,6/16/2025,food,90,3
487,184,4/14/2025,food,90,1
488,184,5/20/2025,food,110,2
489,184,6/13/2025,food,90,3
490,185,4/13/2025,food,100,1
491,185,5/19/2025,food,110,2
492,185,6/16/2025,cash,90,3
493,186,4/15/2025,food,100,1
494,186,5/17/2025,food,100,2
495,186,6/18/2025,cash,100,3
496,187,4/12/2025,food,90,1
497,187,5/15/2025,cash,110,2
498,187,6/19/2025,food,90,3
499,188,4/16/2025,cash,100,1
500,188,5/17/2025,food,90,2
501,188,6/14/2025,cash,100,3
502,189,4/14/2025,food,110,1
503,189,5/10/2025,cash,110,2
504,189,6/18/2025,cash,110,3
505,190,4/12/2025,food,90,1
506,190,5/20/2025,cash,100,2
507,190,6/10/2025,food,110,3
508,191,4/11/2025,cash,90,1
509,191,5/11/2025,cash,90,2
510,191,6/17/2025,cash,110,3
511,192,4/10/2025,cash,100,1
512,192,5/12/2025,cash,110,2
513,192,6/19/2025,food,110,3
514,193,4/16/2025,cash,110,1
515,193,5/12/2025,cash,90,2
516,193,6/18/2025,cash,100,3
517,194,4/14/2025,cash,110,1
518,194,5/20/2025,food,100,2
519,194,6/11/2025,food,100,3
520,195,4/12/2025,cash,100,1
521,195,5/19/2025,food,90,2
522,195,6/10/2025,food,90,3
523,196,5/12/2025,food,110,2
524,196,6/10/2025,cash,100,3
525,197,4/18/2025,cash,100,1
526,197,6/18/2025,cash,90,3
527,198,4/15/2025,food,100,1
528,198,5/12/2025,food,110,2
529,198,6/16/2025,cash,110,3
530,199,4/17/2025,cash,110,1
531,199,5/18/2025,food,90,2
532,199,6/19/2025,food,110,3
533,200,4/16/2025,cash,90,1
534,200,5/12/2025,cash,90,2
535,200,6/17/2025,food,100,3
536,201,4/13/2025,cash,90,1
537,201,5/16/2025,food,90,2
538,201,6/14/2025,cash,90,3
539,202,4/11/2025,food,100,1
540,202,5/10/2025,cash,100,2
541,202,6/17/2025,food,90,3
542,203,5/13/2025,cash,100,2
543,203,6/20/2025,food,90,3
544,204,4/12/2025,food,110,1
545,204,5/13/2025,cash,110,2
546,204,6/20/2025,cash,90,3
547,205,4/12/2025,cash,100,1
548,205,5/19/2025,cash,100,2
549,205,6/20/2025,food,90,3
550,206,4/19/2025,food,110,1
551,206,5/19/2025,cash,90,2
552,206,6/20/2025,food,90,3
553,207,4/12/2025,food,90,1
554,207,5/13/2025,cash,110,2
555,207,6/10/2025,cash,100,3
556,208,5/15/2025,cash,90,2
557,209,4/19/2025,cash,110,1
558,209,6/16/2025,cash,110,3
559,210,4/11/2025,food,100,1
560,210,5/10/2025,food,100,2
561,210,6/15/2025,cash,90,3
562,211,4/15/2025,cash,90,1
563,211,5/19/2025,cash,100,2
564,212,5/19/2025,cash,110,2
565,212,6/12/2025,food,110,3
566,213,4/10/2025,food,110,1
567,213,5/15/2025,food,100,2
568,213,6/13/2025,cash,90,3
569,214,4/13/2025,food,110,1
570,214,5/10/2025,food,90,2
571,214,6/16/2025,cash,100,3
572,215,4/18/2025,cash,90,1
573,215,5/19/2025,food,100,2
574,215,6/16/2025,cash,90,3
575,216,4/19/2025,cash,90,1
576,216,5/18/2025,cash,90,2
577,216,6/13/2025,cash,90,3
578,217,4/17/2025,cash,100,1
579,217,5/15/2025,cash,100,2
580,217,6/16/2025,food,110,3
581,218,4/11/2025,cash,100,1
582,218,6/15/2025,cash,100,3
583,219,4/15/2025,food,110,1
584,219,5/14/2025,food,110,2
585,219,6/11/2025,cash,100,3
586,220,5/19/2025,food,100,2
587,220,6/12/2025,cash,100,3
588,221,4/13/2025,cash,100,1
589,221,5/12/2025,cash,90,2
590,221,6/20/2025,food,90,3
591,222,4/10/2025,food,100,1
592,222,5/14/2025,cash,90,2
593,222,6/19/2025,food,100,3
594,223,4/16/2025,food,100,1
595,223,5/13/2025,food,90,2
596,223,6/18/2025,cash,110,3
597,224,4/18/2025,food,90,1
598,224,6/15/2025,food,110,3
599,225,4/10/2025,food,110,1
600,225,5/16/2025,food,110,2
601,226,4/11/2025,food,110,1
602,226,6/18/2025,food,100,3
603,227,4/19/2025,food,90,1
604,227,6/13/2025,cash,90,3
605,228,4/20/2025,food,90,1
606,228,6/14/2025,food,110,3
607,229,4/19/2025,food,100,1
608,229,5/14/2025,cash,90,2
609,229,6/20/2025,food,100,3
610,230,4/17/2025,food,90,1
611,230,5/17/2025,cash,100,2
612,230,6/18/2025,cash,100,3
613,231,4/11/2025,food,110,1
614,231,5/11/2025,food,90,2
615,231,6/14/2025,food,100,3
616,232,4/20/2025,cash,90,1
617,232,5/20/2025,cash,90,2
618,232,6/10/2025,cash,110,3
619,233,4/17/2025,food,90,1
620,233,5/13/2025,cash,110,2
621,234,5/15/2025,cash,110,2
622,234,6/11/2025,cash,110,3
623,235,4/18/2025,cash,90,1
624,235,5/19/2025,food,110,2
625,235,6/20/2025,food,100,3
626,236,4/15/2025,food,100,1
627,236,6/15/2025,food,100,3
628,237,4/12/2025,food,90,1
629,237,5/12/2025,cash,90,2
630,237,6/15/2025,food,90,3
631,238,4/19/2025,cash,110,1
632,238,5/16/2025,cash,90,2
633,239,5/19/2025,food,110,2
634,239,6/18/2025,cash,110,3
635,240,4/18/2025,food,100,1
636,240,5/19/2025,food,90,2
637,240,6/15/2025,cash,100,3
638,241,4/11/2025,cash,100,1
639,241,5/16/2025,food,90,2
640,241,6/18/2025,cash,100,3
641,242,4/19/2025,cash,100,1
642,242,5/13/2025,cash,110,2
643,242,6/16/2025,cash,110,3
644,243,4/14/2025,food,100,1
645,243,5/16/2025,food,110,2
646,244,4/20/2025,cash,90,1
647,244,5/10/2025,cash,90,2
648,244,6/18/2025,food,110,3
649,245,4/10/2025,food,90,1
650,245,5/11/2025,cash,110,2
651,245,6/16/2025,food,100,3
652,246,4/18/2025,cash,110,1
653,246,5/15/2025,food,110,2
654,246,6/11/2025,cash,90,3
655,247,4/15/2025,food,100,1
656,247,5/16/2025,food,100,2
657,247,6/12/2025,cash,90,3
658,248,4/19/2025,food,110,1
659,248,5/16/2025,food,100,2
660,248,6/19/2025,food,90,3
661,249,4/17/2025,food,90,1
662,249,5/18/2025,food,100,2
663,249,6/15/2025,cash,90,3
664,250,4/13/2025,food,110,1
665,250,5/19/2025,food,90,2
666,250,6/12/2025,cash,100,3
667,251,4/17/2025,cash,90,1
668,251,5/14/2025,cash,90,2
669,251,6/12/2025,cash,90,3
670,252,4/18/2025,cash,90,1
671,252,5/10/2025,cash,90,2
672,252,6/10/2025,food,90,3
673,253,4/19/2025,food,110,1
674,253,5/12/2025,food,100,2
675,254,4/11/2025,food,100,1
676,254,5/11/2025,cash,100,2
677,254,6/11/2025,food,90,3
678,255,4/13/2025,cash,100,1
679,255,5/15/2025,food,100,2
680,255,6/18/2025,cash,110,3
681,256,4/10/2025,food,90,1
682,256,6/15/2025,cash,110,3
683,257,4/20/2025,cash,110,1
684,257,5/13/2025,cash,110,2
685,257,6/13/2025,cash,100,3
686,258,4/17/2025,cash,110,1
687,258,5/12/2025,cash,110,2
688,258,6/18/2025,cash,90,3
689,259,4/17/2025,cash,110,1
690,259,5/16/2025,food,110,2
691,259,6/19/2025,cash,110,3
692,260,4/18/2025,cash,100,1
693,260,5/14/2025,food,100,2
694,260,6/16/2025,food,110,3
695,261,4/11/2025,cash,90,1
696,261,6/14/2025,food,100,3
697,262,4/20/2025,food,90,1
698,262,5/15/2025,cash,100,2
699,262,6/12/2025,food,100,3
700,263,4/20/2025,cash,90,1
701,263,5/18/2025,cash,100,2
702,263,6/15/2025,food,110,3
703,264,4/16/2025,food,100,1
704,264,5/10/2025,food,100,2
705,264,6/15/2025,cash,100,3
706,265,4/13/2025,cash,110,1
707,265,5/20/2025,cash,110,2
708,265,6/12/2025,cash,110,3
709,266,4/16/2025,cash,110,1
710,266,5/15/2025,cash,110,2
711,266,6/13/2025,food,110,3
712,267,4/12/2025,food,110,1
713,267,5/12/2025,food,100,2
714,267,6/18/2025,cash,90,3
715,268,4/10/2025,cash,110,1
716,268,5/17/2025,cash,90,2
717,268,6/10/2025,cash,110,3
718,269,4/13/2025,cash,100,1
719,269,5/16/2025,food,90,2
720,269,6/14/2025,cash,90,3
721,270,4/16/2025,cash,90,1
722,270,5/18/2025,cash,90,2
723,270,6/16/2025,cash,110,3
724,271,4/15/2025,food,110,1
725,271,5/14/2025,food,100,2
726,271,6/14/2025,food,100,3
727,272,4/11/2025,cash,100,1
728,272,5/17/2025,food,110,2
729,272,6/13/2025,food,90,3
730,273,5/15/2025,cash,100,2
731,273,6/10/2025,food,90,3
732,274,4/17/2025,cash,110,1
733,274,5/12/2025,cash,90,2
734,274,6/13/2025,food,110,3
735,275,4/12/2025,food,110,1
736,275,5/18/2025,cash,90,2
737,275,6/14/2025,food,100,3
738,276,4/12/2025,cash,100,1
739,276,5/19/2025,food,90,2
740,276,6/13/2025,food,110,3
741,277,4/20/2025,cash,100,1
742,277,5/17/2025,cash,90,2
743,277,6/11/2025,food,90,3
744,278,4/12/2025,cash,90,1
745,278,5/11/2025,cash,100,2
746,278,6/20/2025,food,90,3
747,279,4/18/2025,food,100,1
748,279,5/11/2025,food,100,2
749,279,6/20/2025,food,110,3
750,280,4/15/2025,cash,90,1
751,280,5/20/2025,cash,110,2
752,281,4/19/2025,food,100,1
753,281,5/15/2025,cash,90,2
754,281,6/17/2025,cash,100,3
755,282,4/12/2025,food,90,1
756,282,6/13/2025,cash,110,3
757,283,4/17/2025,food,90,1
758,283,5/17/2025,cash,90,2
759,283,6/18/2025,cash,100,3
760,284,4/13/2025,food,100,1
761,284,5/16/2025,food,100,2
762,284,6/16/2025,food,110,3
763,285,4/20/2025,cash,90,1
764,285,5/11/2025,cash,100,2
765,285,6/19/2025,cash,90,3
766,286,4/19/2025,food,100,1
767,286,5/19/2025,food,110,2
768,286,6/20/2025,food,90,3
769,287,4/13/2025,cash,90,1
770,287,6/12/2025,cash,100,3
771,288,4/15/2025,cash,90,1
772,288,5/17/2025,food,110,2
773,288,6/14/2025,cash,90,3
774,289,4/16/2025,food,110,1
775,289,5/14/2025,food,110,2
776,289,6/19/2025,cash,90,3
777,290,5/12/2025,food,110,2
778,290,6/14/2025,cash,110,3
779,291,4/20/2025,food,90,1
780,291,5/15/2025,food,110,2
781,291,6/16/2025,cash,110,3
782,292,4/13/2025,food,100,1
783,292,5/10/2025,cash,100,2
784,292,6/13/2025,cash,110,3
785,293,4/11/2025,food,100,1
786,293,5/10/2025,food,90,2
787,293,6/20/2025,food,100,3
788,294,4/14/2025,food,110,1
789,294,5/19/2025,cash,110,2
790,295,5/17/2025,cash,100,2
791,295,6/20/2025,cash,90,3
792,296,4/19/2025,cash,110,1
793,296,5/12/2025,cash,100,2
794,296,6/11/2025,cash,100,3
795,297,4/10/2025,food,90,1
796,297,5/14/2025,cash,110,2
797,297,6/10/2025,food,110,3
798,298,4/15/2025,cash,110,1
799,298,5/15/2025,cash,110,2
800,298,6/20/2025,cash,90,3
801,299,4/18/2025,cash,110,1
802,299,5/12/2025,food,90,2
803,299,6/13/2025,food,90,3
804,300,4/10/2025,food,100,1
805,300,5/11/2025,food,100,2
806,300,6/11/2025,food,90,3
807,301,4/11/2025,cash,110,1
808,301,5/15/2025,cash,90,2
809,301,6/13/2025,food,100,3
810,302,4/13/2025,food,110,1
811,302,5/13/2025,cash,100,2
812,302,6/14/2025,cash,100,3
813,303,4/15/2025,food,90,1
814,303,5/14/2025,cash,90,2
815,304,4/17/2025,food,90,1
816,304,5/19/2025,food,100,2
817,304,6/18/2025,food,110,3
818,305,4/12/2025,cash,110,1
819,305,5/18/2025,cash,110,2
820,305,6/20/2025,food,90,3
821,306,4/18/2025,food,90,1
822,306,5/13/2025,food,90,2
823,306,6/10/2025,cash,110,3
824,307,4/12/2025,food,90,1
825,307,5/15/2025,food,110,2
826,307,6/19/2025,cash,100,3
827,308,4/20/2025,food,90,1
828,308,5/17/2025,food,100,2
829,308,6/11/2025,cash,100,3
830,309,4/17/2025,cash,90,1
831,309,5/19/2025,food,110,2
832,309,6/16/2025,food,100,3
833,310,4/14/2025,food,110,1
834,310,5/20/2025,food,100,2
835,310,6/13/2025,cash,100,3
836,311,4/14/2025,food,110,1
837,311,5/18/2025,cash,100,2
838,311,6/18/2025,cash,110,3
839,312,4/12/2025,food,90,1
840,312,6/12/2025,food,100,3
841,313,4/17/2025,cash,110,1
842,313,5/12/2025,food,100,2
843,313,6/13/2025,cash,100,3
844,314,4/13/2025,cash,110,1
845,314,5/15/2025,cash,100,2
846,314,6/11/2025,food,110,3
847,315,4/13/2025,food,110,1
848,315,5/17/2025,cash,90,2
849,315,6/15/2025,cash,100,3
850,316,4/14/2025,food,110,1
851,316,5/11/2025,food,100,2
852,316,6/19/2025,cash,90,3
853,317,4/12/2025,cash,100,1
854,317,5/18/2025,cash,110,2
855,317,6/16/2025,cash,110,3
856,318,4/17/2025,cash,90,1
857,318,5/16/2025,cash,100,2
858,318,6/12/2025,food,90,3
859,319,4/16/2025,food,90,1
860,319,5/16/2025,cash,90,2
861,319,6/18/2025,cash,100,3
862,320,4/15/2025,cash,110,1
863,320,5/10/2025,cash,100,2
864,320,6/18/2025,food,110,3
865,321,4/17/2025,food,100,1
866,321,5/14/2025,food,100,2
867,321,6/11/2025,food,110,3
868,322,4/17/2025,food,110,1
869,322,6/12/2025,food,110,3
870,323,4/20/2025,cash,90,1
871,323,5/19/2025,food,90,2
872,323,6/19/2025,food,100,3
873,324,4/14/2025,cash,90,1
874,324,5/17/2025,food,90,2
875,324,6/20/2025,food,100,3
876,325,4/20/2025,food,90,1
877,325,5/12/2025,food,100,2
878,325,6/17/2025,food,100,3
879,326,4/19/2025,cash,100,1
880,326,5/18/2025,food,90,2
881,326,6/18/2025,cash,90,3
882,327,4/20/2025,food,100,1
883,327,5/15/2025,food,110,2
884,327,6/18/2025,food,90,3
885,328,4/15/2025,cash,90,1
886,328,5/20/2025,cash,100,2
887,328,6/11/2025,food,110,3
888,329,4/16/2025,food,90,1
889,329,5/14/2025,cash,100,2
890,330,4/19/2025,food,100,1
891,330,5/18/2025,cash,110,2
892,330,6/15/2025,food,90,3
893,331,4/16/2025,food,110,1
894,331,5/12/2025,food,110,2
895,331,6/19/2025,food,90,3
896,332,4/14/2025,cash,100,1
897,332,5/16/2025,cash,100,2
898,332,6/19/2025,food,90,3
899,333,4/10/2025,food,90,1
900,333,5/14/2025,food,110,2
901,333,6/19/2025,food,110,3
902,334,4/18/2025,cash,100,1
903,334,5/15/2025,food,90,2
904,334,6/17/2025,cash,110,3
905,335,4/20/2025,food,100,1
906,335,5/20/2025,cash,110,2
907,335,6/15/2025,cash,90,3
908,336,4/18/2025,food,100,1
909,336,5/15/2025,food,110,2
910,336,6/12/2025,cash,110,3
911,337,4/16/2025,food,90,1
912,337,5/14/2025,food,90,2
913,337,6/18/2025,cash,100,3
914,338,4/11/2025,cash,100,1
915,338,5/11/2025,food,90,2
916,338,6/16/2025,food,100,3
917,339,4/16/2025,food,100,1
918,339,5/20/2025,cash,110,2
919,339,6/20/2025,food,110,3
920,340,4/16/2025,cash,100,1
921,340,5/17/2025,food,100,2
922,340,6/12/2025,food,100,3
923,341,4/15/2025,food,110,1
924,341,5/11/2025,food,110,2
925,341,6/16/2025,food,90,3
926,342,4/19/2025,cash,90,1
927,342,5/18/2025,cash,110,2
928,342,6/16/2025,cash,100,3
929,343,4/12/2025,food,110,1
930,343,5/15/2025,cash,110,2
931,343,6/20/2025,food,110,3
932,344,4/13/2025,cash,100,1
933,344,5/13/2025,cash,100,2
934,345,5/14/2025,cash,90,2
935,345,6/17/2025,food,90,3
936,346,4/17/2025,cash,90,1
937,346,6/11/2025,food,90,3
938,347,4/11/2025,cash,110,1
939,347,5/20/2025,food,110,2
940,348,4/11/2025,food,100,1
941,348,5/18/2025,cash,110,2
942,348,6/20/2025,cash,100,3
943,349,4/10/2025,food,100,1
944,349,5/10/2025,food,100,2
945,349,6/18/2025,food,100,3
946,350,4/11/2025,cash,100,1
947,350,5/19/2025,cash,110,2
948,350,6/16/2025,food,90,3
949,351,5/13/2025,food,90,2
950,351,6/11/2025,food,110,3
951,352,4/13/2025,food,100,1
952,352,5/17/2025,food,100,2
953,352,6/19/2025,food,110,3
954,353,4/12/2025,cash,110,1
955,353,5/13/2025,food,110,2
956,353,6/14/2025,food,110,3
957,354,4/20/2025,food,100,1
958,354,5/20/2025,food,90,2
959,354,6/12/2025,cash,110,3
960,355,4/16/2025,food,110,1
961,355,5/13/2025,food,90,2
962,355,6/14/2025,food,110,3
963,356,4/18/2025,food,100,1
964,356,5/12/2025,food,110,2
965,356,6/18/2025,food,110,3
966,357,4/17/2025,cash,110,1
967,357,5/17/2025,food,90,2
968,357,6/11/2025,food,90,3
969,358,4/13/2025,cash,100,1
970,358,5/11/2025,cash,100,2
971,358,6/19/2025,cash,110,3
972,359,4/18/2025,cash,110,1
973,359,5/20/2025,cash,100,2
974,359,6/15/2025,cash,100,3
975,360,4/18/2025,cash,90,1
976,360,5/18/2025,cash,90,2
977,360,6/12/2025,cash,90,3
978,361,4/17/2025,cash,90,1
979,361,6/14/2025,cash,110,3
980,362,4/11/2025,cash,110,1
981,362,5/13/2025,cash,90,2
982,362,6/19/2025,food,100,3
983,363,4/10/2025,food,110,1
984,363,5/17/2025,cash,100,2
985,363,6/13/2025,cash,110,3
986,364,4/19/2025,food,100,1
987,364,5/19/2025,food,90,2
988,364,6/17/2025,cash,110,3
989,365,4/19/2025,food,90,1
990,365,5/16/2025,food,100,2
991,365,6/15/2025,food,110,3
992,366,4/20/2025,food,100,1
993,366,5/13/2025,food,100,2
994,366,6/18/2025,food,110,3
995,367,4/12/2025,food,90,1
996,367,5/18/2025,food,100,2
997,367,6/11/2025,food,110,3
998,368,4/17/2025,food,110,1
999,368,5/12/2025,cash,90,2
1000,368,6/13/2025,food,110,3
1001,369,4/18/2025,food,90,1
1002,369,5/19/2025,cash,110,2
1003,369,6/15/2025,cash,90,3
1004,370,4/12/2025,cash,110,1
1005,370,5/15/2025,food,110,2
1006,370,6/16/2025,food,90,3
1007,371,5/14/2025,food,90,2
1008,371,6/15/2025,food,100,3
1009,372,4/19/2025,food,100,1
1010,372,5/16/2025,cash,100,2
1011,372,6/12/2025,food,100,3
1012,373,4/13/2025,cash,110,1
1013,373,5/14/2025,food,90,2
1014,373,6/16/2025,food,110,3
1015,374,4/13/2025,cash,110,1
1016,374,5/14/2025,cash,90,2
1017,374,6/15/2025,food,110,3
1018,375,4/10/2025,food,110,1
1019,375,6/13/2025,food,110,3
1020,376,4/10/2025,cash,90,1
1021,376,5/14/2025,food,100,2
1022,377,4/12/2025,cash,100,1
1023,377,6/12/2025,cash,110,3
1024,378,4/13/2025,cash,100,1
1025,378,5/19/2025,food,110,2
1026,378,6/14/2025,cash,90,3
1027,379,4/11/2025,food,100,1
1028,379,6/13/2025,cash,100,3
1029,380,4/17/2025,food,100,1
1030,380,5/14/2025,food,110,2
1031,380,6/10/2025,cash,90,3
1032,381,4/16/2025,food,100,1
1033,381,5/18/2025,cash,110,2
1034,381,6/19/2025,food,90,3
1035,382,5/15/2025,food,100,2
1036,382,6/20/2025,cash,110,3
1037,383,4/11/2025,cash,110,1
1038,383,5/18/2025,cash,110,2
1039,384,4/13/2025,cash,110,1
1040,384,5/14/2025,food,100,2
1041,384,6/12/2025,food,90,3
1042,385,4/19/2025,food,100,1
1043,385,5/16/2025,cash,100,2
1044,385,6/10/2025,food,90,3
1045,386,4/15/2025,food,90,1
1046,386,5/13/2025,food,110,2
1047,386,6/20/2025,cash,110,3
1048,387,5/19/2025,cash,90,2
1049,387,6/13/2025,food,90,3
1050,388,4/18/2025,cash,90,1
1051,388,5/11/2025,food,100,2
1052,389,4/13/2025,food,90,1
1053,389,5/14/2025,cash,90,2
1054,389,6/10/2025,cash,100,3
1055,390,4/16/2025,cash,100,1
1056,390,5/13/2025,food,90,2
1057,390,6/16/2025,cash,90,3
1058,391,4/19/2025,cash,90,1
1059,391,6/19/2025,cash,90,3
1060,392,4/11/2025,food,110,1
1061,392,5/15/2025,food,90,2
1062,392,6/11/2025,food,100,3
1063,393,4/11/2025,food,90,1
1064,393,5/16/2025,food,90,2
1065,393,6/14/2025,cash,100,3
1066,394,5/13/2025,cash,110,2
1067,394,6/16/2025,food,90,3
1068,395,5/20/2025,food,90,2
1069,395,6/13/2025,cash,110,3
1070,396,4/18/2025,cash,90,1
1071,396,5/10/2025,cash,110,2
1072,396,6/20/2025,food,100,3
1073,397,4/12/2025,food,90,1
1074,397,5/18/2025,cash,110,2
1075,397,6/20/2025,cash,100,3
1076,398,4/11/2025,cash,90,1
1077,398,5/14/2025,food,110,2
1078,398,6/14/2025,food,90,3
1079,399,4/15/2025,cash,100,1
1080,399,5/12/2025,food,90,2
1081,399,6/19/2025,cash,90,3
1082,400,4/15/2025,cash,90,1
1083,400,5/11/2025,cash,100,2
1084,400,6/16/2025,food,90,3
1085,401,4/20/2025,cash,100,1
1086,401,5/14/2025,cash,100,2
1087,401,6/15/2025,cash,100,3
1088,402,4/19/2025,cash,90,1
1089,402,5/12/2025,cash,90,2
1090,402,6/11/2025,food,100,3
1091,403,4/11/2025,cash,90,1
1092,403,5/20/2025,food,100,2
1093,403,6/17/2025,food,90,3
1094,404,4/15/2025,cash,110,1
1095,404,5/10/2025,food,110,2
1096,404,6/13/2025,cash,90,3
1097,405,4/10/2025,cash,90,1
1098,405,5/10/2025,food,100,2
1099,405,6/13/2025,food,100,3
1100,406,5/14/2025,food,90,2
1101,406,6/20/2025,food,100,3
1102,407,5/15/2025,food,110,2
1103,407,6/11/2025,food,110,3
1104,408,4/15/2025,food,110,1
1105,408,5/18/2025,cash,90,2
1106,408,6/17/2025,cash,90,3
1107,409,4/14/2025,cash,100,1
1108,409,5/16/2025,cash,110,2
1109,409,6/18/2025,cash,90,3
1110,410,4/13/2025,cash,90,1
1111,410,5/15/2025,cash,110,2
1112,410,6/18/2025,cash,110,3
1113,411,4/13/2025,cash,100,1
1114,411,5/20/2025,cash,110,2
1115,411,6/19/2025,cash,110,3
1116,412,4/19/2025,food,90,1
1117,412,5/16/2025,food,100,2
1118,413,5/17/2025,food,90,2
1119,413,6/14/2025,cash,90,3
1120,414,4/18/2025,food,90,1
1121,414,6/11/2025,cash,100,3
1122,415,4/17/2025,cash,90,1
1123,415,5/12/2025,food,100,2
1124,415,6/13/2025,food,90,3
1125,416,4/14/2025,cash,100,1
1126,416,5/19/2025,cash,90,2
1127,416,6/20/2025,food,100,3
1128,417,4/11/2025,food,110,1
1129,417,5/20/2025,food,90,2
1130,417,6/14/2025,cash,110,3
1131,418,4/17/2025,cash,90,1
1132,418,5/15/2025,food,90,2
1133,418,6/14/2025,cash,110,3
1134,419,4/19/2025,cash,110,1
1135,419,5/17/2025,food,90,2
1136,419,6/11/2025,food,90,3
1137,420,4/20/2025,food,110,1
1138,420,6/20/2025,cash,100,3
1139,421,4/14/2025,food,110,1
1140,421,5/16/2025,food,100,2
1141,421,6/11/2025,food,90,3
1142,422,4/13/2025,food,110,1
1143,422,5/17/2025,food,110,2
1144,422,6/20/2025,food,90,3
1145,423,4/19/2025,cash,110,1
1146,423,5/13/2025,food,110,2
1147,423,6/19/2025,food,100,3
1148,424,4/10/2025,food,110,1
1149,424,5/17/2025,cash,100,2
1150,424,6/20/2025,food,110,3
1151,425,5/12/2025,cash,110,2
1152,426,4/16/2025,cash,110,1
1153,426,5/14/2025,food,110,2
1154,426,6/13/2025,food,100,3
1155,427,4/15/2025,food,110,1
1156,427,6/12/2025,cash,110,3
1157,428,4/18/2025,food,110,1
1158,428,5/15/2025,cash,100,2
1159,428,6/15/2025,food,110,3
1160,429,4/13/2025,food,100,1
1161,429,5/11/2025,food,100,2
1162,429,6/20/2025,cash,100,3
1163,430,4/17/2025,food,100,1
1164,430,5/15/2025,cash,90,2
1165,430,6/11/2025,cash,110,3
1166,431,4/18/2025,food,110,1
1167,431,5/16/2025,cash,90,2
1168,431,6/19/2025,food,100,3
1169,432,4/15/2025,food,100,1
1170,432,5/16/2025,cash,110,2
1171,432,6/14/2025,cash,100,3
1172,433,5/10/2025,cash,110,2
1173,433,6/14/2025,cash,100,3
1174,434,4/13/2025,cash,90,1
1175,434,5/13/2025,cash,90,2
1176,434,6/10/2025,food,100,3
1177,435,4/18/2025,cash,100,1
1178,435,5/18/2025,food,110,2
1179,435,6/16/2025,food,110,3
1180,436,4/15/2025,food,100,1
1181,436,5/13/2025,food,110,2
1182,436,6/12/2025,food,110,3
1183,437,4/18/2025,cash,90,1
1184,437,6/18/2025,food,110,3
1185,438,4/19/2025,cash,110,1
1186,438,5/20/2025,cash,100,2
1187,438,6/10/2025,food,110,3
1188,439,4/19/2025,food,90,1
1189,439,6/18/2025,food,110,3
1190,440,4/15/2025,food,110,1
1191,440,5/20/2025,food,90,2
1192,441,4/14/2025,cash,110,1
1193,441,5/16/2025,cash,100,2
1194,441,6/17/2025,food,110,3
1195,442,4/14/2025,food,90,1
1196,442,5/18/2025,food,90,2
1197,442,6/20/2025,food,90,3
1198,443,5/15/2025,cash,90,2
1199,443,6/18/2025,food,110,3
1200,444,4/13/2025,cash,110,1
1201,444,5/12/2025,cash,90,2
1202,444,6/17/2025,cash,100,3
1203,445,4/16/2025,food,100,1
1204,445,5/17/2025,cash,100,2
1205,445,6/14/2025,food,90,3
1206,446,4/14/2025,food,90,1
1207,446,5/16/2025,cash,90,2
1208,446,6/20/2025,cash,100,3
1209,447,4/11/2025,food,90,1
1210,447,5/10/2025,cash,110,2
1211,447,6/12/2025,cash,110,3
1212,448,4/15/2025,food,100,1
1213,448,5/19/2025,food,90,2
1214,449,4/19/2025,food,90,1
1215,449,5/15/2025,cash,110,2
1216,450,4/19/2025,cash,100,1
1217,450,5/12/2025,cash,100,2
1218,450,6/10/2025,cash,100,3
1219,451,5/20/2025,cash,110,2
1220,451,6/11/2025,food,90,3
1221,452,4/19/2025,food,100,1
1222,452,6/16/2025,food,90,3
1223,453,4/11/2025,food,90,1
1224,453,5/13/2025,food,90,2
1225,453,6/10/2025,food,90,3
1226,454,6/20/2025,cash,110,3
1227,455,4/20/2025,food,110,1
1228,455,5/18/2025,food,110,2
1229,455,6/14/2025,food,90,3
1230,456,4/13/2025,food,110,1
1231,456,5/16/2025,food,90,2
1232,456,6/17/2025,cash,100,3
1233,457,4/19/2025,food,100,1
1234,457,5/14/2025,cash,110,2
1235,457,6/13/2025,cash,100,3
1236,458,4/19/2025,cash,110,1
1237,458,5/10/2025,cash,90,2
1238,459,4/15/2025,cash,110,1
1239,459,5/18/2025,cash,110,2
1240,459,6/10/2025,cash,90,3
1241,460,4/12/2025,cash,110,1
1242,460,5/13/2025,food,90,2
1243,460,6/19/2025,cash,90,3
1244,461,5/11/2025,food,90,2
1245,462,4/15/2025,cash,100,1
1246,462,5/15/2025,food,90,2
1247,462,6/19/2025,cash,110,3
1248,463,4/16/2025,food,90,1
1249,463,6/14/2025,food,110,3
1250,464,4/16/2025,food,100,1
1251,464,5/13/2025,food,100,2
1252,464,6/20/2025,food,90,3
1253,465,4/17/2025,cash,110,1
1254,465,5/11/2025,cash,90,2
1255,465,6/17/2025,cash,90,3
1256,466,4/12/2025,food,110,1
1257,466,5/16/2025,food,110,2
1258,466,6/19/2025,food,90,3
1259,467,4/16/2025,cash,90,1
1260,467,5/17/2025,cash,90,2
1261,467,6/10/2025,food,100,3
1262,468,4/13/2025,cash,100,1
1263,468,5/11/2025,cash,100,2
1264,468,6/17/2025,cash,100,3
1265,469,4/10/2025,cash,90,1
1266,469,5/10/2025,cash,90,2
1267,469,6/14/2025,cash,100,3
1268,470,4/20/2025,cash,100,1
1269,470,5/14/2025,cash,90,2
1270,470,6/13/2025,food,110,3
1271,471,4/10/2025,food,90,1
1272,471,5/19/2025,food,110,2
1273,471,6/18/2025,food,90,3
1274,472,4/11/2025,food,110,1
1275,472,5/19/2025,cash,110,2
1276,473,4/12/2025,cash,110,1
1277,473,5/16/2025,cash,110,2
1278,473,6/16/2025,cash,90,3
1279,474,4/10/2025,cash,90,1
1280,474,5/17/2025,food,100,2
1281,474,6/16/2025,food,110,3
1282,475,4/17/2025,food,100,1
1283,475,6/17/2025,cash,100,3
1284,476,4/15/2025,cash,90,1
1285,476,5/12/2025,food,100,2
1286,476,6/15/2025,cash,100,3
1287,477,4/12/2025,cash,100,1
1288,477,5/18/2025,cash,100,2
1289,477,6/20/2025,food,90,3
1290,478,5/16/2025,food,110,2
1291,478,6/16/2025,food,100,3
1292,479,4/20/2025,food,90,1
1293,479,5/13/2025,cash,90,2
1294,479,6/19/2025,cash,110,3
1295,480,4/19/2025,food,100,1
1296,480,5/16/2025,food,110,2
1297,480,6/16/2025,cash,100,3
1298,481,4/20/2025,food,100,1
1299,482,4/16/2025,cash,90,1
1300,482,5/18/2025,cash,110,2
1301,482,6/18/2025,food,90,3
1302,483,5/13/2025,food,110,2
1303,483,6/14/2025,cash,110,3
1304,484,4/13/2025,cash,100,1
1305,484,5/13/2025,cash,100,2
1306,484,6/19/2025,cash,110,3
1307,485,4/11/2025,cash,90,1
1308,485,5/10/2025,food,90,2
1309,485,6/15/2025,cash,110,3
1310,486,4/13/2025,food,90,1
1311,486,5/15/2025,food,100,2
1312,486,6/12/2025,food,100,3
1313,487,4/18/2025,cash,90,1
1314,487,5/11/2025,food,90,2
1315,487,6/20/2025,food,110,3
1316,488,5/13/2025,cash,110,2
1317,489,5/10/2025,cash,100,2
1318,489,6/17/2025,cash,90,3
1319,490,4/15/2025,food,110,1
1320,490,5/17/2025,cash,100,2
1321,491,4/15/2025,cash,100,1
1322,491,5/12/2025,food,110,2
1323,491,6/12/2025,cash,110,3
1324,492,4/20/2025,food,100,1
1325,492,5/11/2025,food,110,2
1326,493,4/19/2025,food,90,1
1327,493,5/14/2025,cash,110,2
1328,493,6/18/2025,cash,100,3
1329,494,4/12/2025,cash,110,1
1330,494,5/14/2025,food,100,2
1331,495,4/14/2025,food,110,1
1332,495,5/18/2025,cash,90,2
1333,495,6/19/2025,cash,110,3
1334,496,4/14/2025,food,90,1
1335,496,6/10/2025,food,110,3
1336,497,4/15/2025,food,100,1
1337,497,5/12/2025,food,110,2
1338,497,6/13/2025,food,100,3
1339,498,4/17/2025,cash,110,1
1340,498,6/11/2025,cash,90,3
1341,499,4/11/2025,cash,90,1
1342,499,5/11/2025,cash,110,2
1343,499,6/11/2025,cash,90,3
1344,500,4/15/2025,cash,90,1
1345,500,5/17/2025,food,110,2
1346,500,6/11/2025,cash,110,3
1347,501,4/11/2025,cash,90,1
1348,501,5/11/2025,cash,100,2
1349,501,6/13/2025,cash,90,3
1350,502,4/16/2025,food,110,1
1351,502,5/17/2025,cash,110,2
1352,503,4/12/2025,food,100,1
1353,503,5/19/2025,cash,100,2
1354,503,6/10/2025,cash,90,3
1355,504,5/18/2025,cash,110,2
1356,504,6/11/2025,cash,90,3
1357,505,4/13/2025,cash,100,1
1358,505,5/19/2025,food,110,2
1359,505,6/20/2025,food,90,3
1360,506,4/15/2025,cash,110,1
1361,506,5/20/2025,food,100,2
1362,506,6/11/2025,cash,90,3
1363,507,4/10/2025,food,90,1
1364,507,5/17/2025,cash,110,2
1365,507,6/15/2025,food,110,3
1366,508,4/20/2025,cash,110,1
1367,508,5/15/2025,food,100,2
1368,508,6/17/2025,food,100,3
1369,509,4/17/2025,food,110,1
1370,509,6/19/2025,cash,90,3
1371,510,4/16/2025,food,100,1
1372,510,5/16/2025,food,100,2
1373,510,6/12/2025,food,100,3
1374,511,5/15/2025,food,110,2
1375,511,6/15/2025,cash,100,3
1376,512,4/20/2025,cash,90,1
1377,512,5/12/2025,cash,90,2
1378,512,6/17/2025,cash,100,3
1379,513,4/10/2025,food,100,1
1380,513,5/18/2025,food,90,2
1381,513,6/19/2025,food,100,3
1382,514,4/12/2025,food,110,1
1383,514,5/11/2025,cash,100,2
1384,514,6/19/2025,food,90,3
1385,515,4/17/2025,cash,100,1
1386,515,5/14/2025,cash,100,2
1387,515,6/20/2025,food,110,3
1388,516,4/12/2025,food,100,1
1389,516,5/12/2025,food,110,2
1390,517,4/17/2025,food,100,1
1391,517,5/15/2025,cash,100,2
1392,517,6/17/2025,food,110,3
1393,518,4/15/2025,cash,90,1
1394,518,6/19/2025,cash,110,3
1395,519,4/13/2025,cash,100,1
1396,519,5/10/2025,food,110,2
1397,519,6/16/2025,cash,110,3
1398,520,4/18/2025,food,100,1
1399,520,5/14/2025,cash,100,2
1400,520,6/13/2025,food,110,3
1401,521,4/10/2025,food,90,1
1402,521,5/10/2025,food,100,2
1403,521,6/17/2025,cash,100,3
1404,522,5/15/2025,cash,110,2
1405,522,6/19/2025,cash,100,3
1406,523,4/13/2025,food,90,1
1407,523,5/16/2025,cash,100,2
1408,523,6/12/2025,food,90,3
1409,524,4/20/2025,food,90,1
1410,524,5/12/2025,food,110,2
1411,524,6/12/2025,food,100,3
1412,525,4/14/2025,food,100,1
1413,525,5/19/2025,food,100,2
1414,525,6/12/2025,food,90,3
1415,526,4/15/2025,food,100,1
1416,526,5/16/2025,cash,110,2
1417,526,6/15/2025,food,90,3
1418,527,4/10/2025,food,100,1
1419,527,5/19/2025,cash,110,2
1420,527,6/12/2025,food,90,3
1421,528,5/11/2025,cash,110,2
1422,528,6/15/2025,food,100,3
1423,529,4/15/2025,cash,100,1
1424,529,5/10/2025,food,110,2
1425,529,6/12/2025,cash,90,3
1426,530,4/11/2025,food,90,1
1427,530,5/20/2025,cash,90,2
1428,530,6/13/2025,food,90,3
1429,531,4/13/2025,cash,90,1
1430,531,5/15/2025,food,110,2
1431,531,6/10/2025,food,100,3
1432,532,4/16/2025,cash,90,1
1433,532,5/10/2025,cash,90,2
1434,532,6/10/2025,food,110,3
1435,533,4/15/2025,cash,100,1
1436,533,5/18/2025,cash,110,2
1437,533,6/14/2025,food,110,3
1438,534,4/16/2025,cash,90,1
1439,534,5/14/2025,food,90,2
1440,534,6/14/2025,food,90,3
1441,535,4/17/2025,cash,100,1
1442,535,5/20/2025,food,90,2
1443,535,6/10/2025,food,90,3
1444,536,4/13/2025,cash,110,1
1445,536,5/14/2025,cash,110,2
1446,536,6/15/2025,food,90,3
1447,537,4/13/2025,food,90,1
1448,537,5/14/2025,cash,90,2
1449,537,6/15/2025,cash,100,3
1450,538,5/15/2025,food,100,2
1451,538,6/12/2025,food,100,3
1452,539,4/14/2025,cash,90,1
1453,539,5/10/2025,cash,110,2
1454,539,6/10/2025,food,90,3
1455,540,4/16/2025,cash,90,1
1456,540,5/13/2025,cash,100,2
1457,540,6/15/2025,cash,100,3
1458,541,4/10/2025,food,90,1
1459,541,5/14/2025,cash,100,2
1460,541,6/13/2025,cash,110,3
1461,542,4/20/2025,cash,100,1
1462,542,5/11/2025,cash,110,2
1463,542,6/19/2025,food,100,3
1464,543,4/19/2025,food,90,1
1465,543,5/12/2025,cash,90,2
1466,543,6/16/2025,cash,90,3
1467,544,4/17/2025,food,90,1
1468,544,6/10/2025,cash,100,3
1469,545,4/17/2025,cash,100,1
1470,545,5/14/2025,cash,90,2
1471,545,6/10/2025,cash,110,3
1472,546,4/16/2025,food,90,1
1473,546,5/10/2025,food,100,2
1474,546,6/15/2025,food,100,3
1475,547,4/15/2025,food,110,1
1476,547,5/12/2025,food,110,2
1477,547,6/16/2025,cash,110,3
1478,548,4/17/2025,food,100,1
1479,548,5/20/2025,food,110,2
1480,548,6/15/2025,food,90,3
1481,549,4/12/2025,food,100,1
1482,549,5/17/2025,cash,90,2
1483,549,6/20/2025,cash,110,3
1484,550,4/20/2025,cash,110,1
1485,550,5/13/2025,food,90,2
1486,550,6/11/2025,cash,110,3
1487,551,4/10/2025,food,110,1
1488,551,5/12/2025,cash,110,2
1489,551,6/15/2025,food,90,3
1490,552,4/15/2025,food,110,1
1491,552,5/16/2025,cash,110,2
1492,552,6/16/2025,cash,90,3
1493,553,4/17/2025,cash,110,1
1494,553,5/13/2025,cash,110,2
1495,553,6/17/2025,cash,90,3
1496,554,4/14/2025,cash,100,1
1497,554,5/13/2025,cash,90,2
1498,554,6/10/2025,food,90,3
1499,555,4/20/2025,cash,90,1
1500,555,5/11/2025,food,100,2
1501,555,6/10/2025,food,100,3
1502,556,4/13/2025,food,100,1
1503,556,5/17/2025,cash,110,2
1504,556,6/10/2025,food,100,3
1505,557,4/14/2025,food,100,1
1506,557,5/11/2025,food,110,2
1507,557,6/15/2025,food,90,3
1508,558,4/17/2025,cash,100,1
1509,558,5/11/2025,cash,90,2
1510,558,6/20/2025,cash,100,3
1511,559,4/15/2025,cash,110,1
1512,559,6/14/2025,food,90,3
1513,560,4/11/2025,cash,110,1
1514,560,5/20/2025,cash,110,2
1515,560,6/18/2025,cash,100,3
1516,561,4/19/2025,food,110,1
1517,561,5/10/2025,food,110,2
1518,561,6/18/2025,food,90,3
1519,562,5/12/2025,cash,100,2
1520,562,6/16/2025,cash,110,3
1521,563,4/11/2025,cash,100,1
1522,563,5/10/2025,food,110,2
1523,563,6/12/2025,food,90,3
1524,564,4/13/2025,food,110,1
1525,564,5/17/2025,cash,110,2
1526,564,6/11/2025,cash,90,3
1527,565,4/19/2025,cash,100,1
1528,565,5/16/2025,cash,110,2
1529,565,6/15/2025,cash,100,3
1530,566,4/14/2025,food,110,1
1531,566,5/11/2025,cash,90,2
1532,566,6/20/2025,food,100,3
1533,567,4/13/2025,cash,90,1
1534,567,5/11/2025,cash,110,2
1535,567,6/20/2025,food,110,3
1536,568,4/11/2025,cash,110,1
1537,568,5/18/2025,cash,90,2
1538,568,6/14/2025,cash,110,3
1539,569,4/10/2025,food,90,1
1540,569,5/10/2025,cash,110,2
1541,569,6/19/2025,cash,100,3
1542,570,4/12/2025,food,90,1
1543,570,5/13/2025,cash,110,2
1544,570,6/17/2025,cash,90,3
1545,571,4/18/2025,cash,90,1
1546,571,5/18/2025,cash,90,2
1547,571,6/11/2025,cash,90,3
1548,572,4/16/2025,food,90,1
1549,572,5/16/2025,cash,100,2
1550,572,6/15/2025,food,90,3
1551,573,4/15/2025,food,100,1
1552,573,5/13/2025,cash,100,2
1553,573,6/18/2025,food,110,3
1554,574,4/20/2025,cash,90,1
1555,574,5/14/2025,food,90,2
1556,574,6/10/2025,food,90,3
1557,575,4/12/2025,cash,100,1
1558,575,5/14/2025,food,110,2
1559,575,6/15/2025,food,110,3
1560,576,4/14/2025,food,110,1
1561,576,5/19/2025,cash,100,2
1562,576,6/17/2025,food,110,3
1563,577,4/20/2025,cash,100,1
1564,577,5/14/2025,food,110,2
1565,577,6/15/2025,food,90,3
1566,578,4/15/2025,food,90,1
1567,578,5/18/2025,food,100,2
1568,578,6/16/2025,cash,110,3
1569,579,4/12/2025,food,90,1
1570,579,5/15/2025,food,90,2
1571,579,6/19/2025,cash,90,3
1572,580,4/14/2025,cash,90,1
1573,580,5/20/2025,food,90,2
1574,580,6/17/2025,food,90,3
1575,581,4/14/2025,food,110,1
1576,581,5/14/2025,cash,100,2
1577,581,6/16/2025,food,90,3
1578,582,4/14/2025,food,100,1
1579,582,6/14/2025,food,90,3
1580,583,4/16/2025,food,110,1
1581,583,5/16/2025,food,100,2
1582,583,6/12/2025,cash,100,3
1583,584,4/10/2025,cash,90,1
1584,584,5/18/2025,food,90,2
1585,584,6/20/2025,food,90,3
1586,585,4/20/2025,cash,90,1
1587,585,5/19/2025,food,100,2
1588,585,6/13/2025,cash,110,3
1589,586,4/14/2025,food,90,1
1590,586,5/18/2025,food,90,2
1591,586,6/16/2025,cash,110,3
1592,587,4/12/2025,cash,110,1
1593,587,5/14/2025,food,90,2
1594,587,6/16/2025,cash,90,3
1595,588,4/12/2025,cash,90,1
1596,588,5/10/2025,cash,110,2
1597,588,6/19/2025,food,100,3
1598,589,4/11/2025,cash,100,1
1599,589,5/17/2025,cash,110,2
1600,589,6/19/2025,food,90,3
1601,590,4/14/2025,cash,110,1
1602,590,5/18/2025,food,100,2
1603,590,6/18/2025,food,100,3
1604,591,4/15/2025,cash,110,1
1605,591,5/20/2025,food,90,2
1606,591,6/13/2025,cash,100,3
1607,592,4/14/2025,cash,110,1
1608,592,5/13/2025,food,110,2
1609,592,6/10/2025,cash,110,3
1610,593,4/17/2025,cash,100,1
1611,593,5/15/2025,food,90,2
1612,593,6/17/2025,food,90,3
1613,594,4/15/2025,cash,100,1
1614,594,5/14/2025,food,90,2
1615,594,6/19/2025,cash,90,3
1616,595,5/13/2025,cash,110,2
1617,596,4/18/2025,cash,100,1
1618,596,5/14/2025,food,90,2
1619,596,6/16/2025,food,90,3
1620,597,4/14/2025,cash,110,1
1621,597,5/11/2025,cash,110,2
1622,597,6/12/2025,food,110,3
1623,598,4/16/2025,cash,90,1
1624,598,5/13/2025,cash,90,2
1625,598,6/14/2025,cash,110,3
1626,599,4/17/2025,food,110,1
1627,599,5/18/2025,cash,90,2
1628,599,6/15/2025,cash,100,3
1629,600,4/10/2025,cash,100,1
1630,600,5/10/2025,food,90,2
1631,600,6/13/2025,food,110,3
1632,601,4/17/2025,cash,100,1
1633,601,5/11/2025,cash,90,2
1634,601,6/10/2025,cash,100,3
1635,602,4/14/2025,food,110,1
1636,602,5/20/2025,food,110,2
1637,602,6/16/2025,food,110,3
1638,603,5/19/2025,food,100,2
1639,603,6/16/2025,cash,110,3
1640,604,4/12/2025,cash,90,1
1641,604,5/15/2025,food,90,2
1642,604,6/16/2025,food,100,3
1643,605,4/10/2025,food,100,1
1644,605,5/10/2025,cash,100,2
1645,605,6/12/2025,food,110,3
1646,606,4/12/2025,food,100,1
1647,606,5/10/2025,cash,100,2
1648,606,6/16/2025,food,110,3
1649,607,4/13/2025,food,90,1
1650,607,5/10/2025,cash,90,2
1651,607,6/11/2025,food,100,3
1652,608,4/17/2025,food,110,1
1653,608,5/11/2025,food,100,2
1654,608,6/18/2025,food,90,3
1655,609,5/17/2025,cash,100,2
1656,609,6/14/2025,cash,90,3
1657,610,5/18/2025,food,90,2
1658,610,6/13/2025,food,90,3
1659,611,4/15/2025,food,100,1
1660,611,5/14/2025,food,90,2
1661,611,6/19/2025,cash,100,3
1662,612,4/16/2025,cash,110,1
1663,612,5/19/2025,cash,90,2
1664,613,4/20/2025,food,110,1
1665,613,5/14/2025,cash,90,2
1666,613,6/13/2025,cash,110,3
1667,614,4/16/2025,cash,90,1
1668,614,5/10/2025,cash,90,2
1669,614,6/13/2025,food,90,3
1670,615,4/19/2025,food,90,1
1671,615,5/11/2025,cash,90,2
1672,615,6/17/2025,cash,90,3
1673,616,4/12/2025,food,90,1
1674,616,5/17/2025,food,110,2
1675,616,6/15/2025,food,100,3
1676,617,4/18/2025,food,110,1
1677,617,5/18/2025,cash,110,2
1678,617,6/19/2025,food,110,3
1679,618,4/13/2025,cash,90,1
1680,618,5/14/2025,food,110,2
1681,618,6/16/2025,cash,110,3
1682,619,4/14/2025,cash,90,1
1683,619,5/13/2025,cash,100,2
1684,620,5/18/2025,food,100,2
1685,620,6/16/2025,food,100,3
1686,621,4/12/2025,food,110,1
1687,621,5/15/2025,cash,100,2
1688,621,6/16/2025,cash,100,3
1689,622,4/10/2025,food,100,1
1690,622,5/13/2025,food,100,2
1691,623,4/13/2025,food,100,1
1692,623,5/14/2025,cash,110,2
1693,623,6/15/2025,cash,110,3
1694,624,4/16/2025,cash,90,1
1695,624,5/10/2025,cash,110,2
1696,624,6/11/2025,cash,90,3
1697,625,4/12/2025,cash,90,1
1698,625,5/15/2025,food,110,2
1699,625,6/10/2025,cash,100,3
1700,626,4/10/2025,cash,90,1
1701,626,5/13/2025,cash,100,2
1702,626,6/17/2025,cash,100,3
1703,627,4/19/2025,cash,110,1
1704,627,5/11/2025,food,110,2
1705,627,6/12/2025,cash,100,3
1706,628,4/14/2025,cash,100,1
1707,628,5/20/2025,cash,110,2
1708,628,6/17/2025,food,110,3
1709,629,4/20/2025,food,100,1
1710,629,5/13/2025,food,110,2
1711,629,6/13/2025,food,90,3
1712,630,4/10/2025,cash,90,1
1713,630,5/11/2025,cash,90,2
1714,631,4/11/2025,food,100,1
1715,631,5/19/2025,cash,110,2
1716,631,6/16/2025,cash,110,3
1717,632,4/20/2025,food,110,1
1718,632,5/17/2025,cash,100,2
1719,632,6/13/2025,food,90,3
1720,633,4/14/2025,food,90,1
1721,633,5/17/2025,food,110,2
1722,633,6/17/2025,cash,100,3
1723,634,4/16/2025,food,110,1
1724,634,5/12/2025,cash,90,2
1725,635,4/17/2025,food,90,1
1726,635,5/12/2025,cash,110,2
1727,635,6/14/2025,cash,110,3
1728,636,4/10/2025,cash,110,1
1729,636,5/15/2025,food,100,2
1730,636,6/17/2025,cash,90,3
1731,637,4/20/2025,food,110,1
1732,637,5/18/2025,cash,100,2
1733,637,6/10/2025,food,110,3
1734,638,4/14/2025,food,90,1
1735,638,5/10/2025,food,110,2
1736,638,6/11/2025,food,100,3
1737,639,6/13/2025,food,110,3
1738,640,4/14/2025,food,110,1
1739,640,5/13/2025,food,100,2
1740,640,6/18/2025,cash,90,3
1741,641,4/17/2025,cash,100,1
1742,641,5/10/2025,cash,100,2
1743,641,6/18/2025,food,90,3
1744,642,4/20/2025,food,110,1
1745,642,5/17/2025,cash,110,2
1746,642,6/14/2025,cash,90,3
1747,643,5/15/2025,cash,110,2
1748,643,6/10/2025,food,90,3
1749,644,4/13/2025,food,90,1
1750,644,5/14/2025,cash,110,2
1751,644,6/14/2025,food,90,3
1752,645,5/12/2025,food,90,2
1753,645,6/14/2025,food,110,3
1754,646,4/20/2025,cash,90,1
1755,646,6/10/2025,cash,90,3
1756,647,4/14/2025,cash,90,1
1757,647,5/15/2025,cash,110,2
1758,647,6/18/2025,food,110,3
1759,648,4/20/2025,food,90,1
1760,648,5/11/2025,food,90,2
1761,648,6/13/2025,food,110,3
1762,649,4/19/2025,cash,90,1
1763,649,5/15/2025,cash,110,2
1764,649,6/18/2025,cash,100,3
1765,650,5/15/2025,cash,100,2
1766,650,6/16/2025,cash,110,3
1767,651,4/16/2025,cash,90,1
1768,651,5/20/2025,food,110,2
1769,651,6/11/2025,cash,110,3
1770,652,5/18/2025,food,100,2
1771,652,6/15/2025,cash,90,3
1772,653,4/13/2025,cash,110,1
1773,653,5/20/2025,food,110,2
1774,653,6/10/2025,food,100,3
1775,654,4/11/2025,cash,110,1
1776,654,5/17/2025,food,90,2
1777,654,6/10/2025,food,90,3
1778,655,4/16/2025,food,90,1
1779,655,5/10/2025,food,110,2
1780,656,4/14/2025,food,90,1
1781,656,5/16/2025,cash,110,2
1782,656,6/17/2025,food,110,3
1783,657,4/10/2025,cash,100,1
1784,657,5/11/2025,cash,110,2
1785,657,6/11/2025,food,90,3
1786,658,4/14/2025,food,100,1
1787,658,5/12/2025,cash,110,2
1788,658,6/13/2025,cash,100,3
1789,659,4/18/2025,cash,110,1
1790,659,5/19/2025,food,110,2
1791,659,6/11/2025,food,90,3
1792,660,4/16/2025,cash,110,1
1793,660,5/10/2025,cash,90,2
1794,660,6/19/2025,cash,90,3
1795,661,4/10/2025,food,100,1
1796,661,5/11/2025,food,90,2
1797,661,6/18/2025,cash,90,3
1798,662,4/12/2025,cash,110,1
1799,662,5/17/2025,cash,110,2
1800,662,6/12/2025,cash,100,3
1801,663,4/18/2025,food,110,1
1802,663,5/13/2025,food,110,2
1803,663,6/16/2025,cash,110,3
1804,664,4/13/2025,food,100,1
1805,664,5/19/2025,food,110,2
1806,664,6/13/2025,cash,110,3
1807,665,4/20/2025,food,90,1
1808,665,6/13/2025,food,110,3
1809,666,4/12/2025,cash,110,1
1810,666,5/10/2025,cash,90,2
1811,666,6/11/2025,food,90,3
1812,667,5/11/2025,cash,110,2
1813,667,6/11/2025,cash,100,3
1814,668,4/13/2025,food,90,1
1815,668,5/20/2025,cash,100,2
1816,668,6/16/2025,food,110,3
1817,669,4/14/2025,food,110,1
1818,669,5/20/2025,cash,90,2
1819,669,6/13/2025,cash,100,3
1820,670,4/14/2025,food,90,1
1821,670,5/16/2025,food,90,2
1822,670,6/10/2025,food,110,3
1823,671,4/16/2025,cash,100,1
1824,671,5/14/2025,cash,100,2
1825,671,6/17/2025,cash,110,3
1826,672,4/14/2025,cash,100,1
1827,672,5/14/2025,food,100,2
1828,672,6/17/2025,cash,100,3
1829,673,5/13/2025,food,100,2
1830,673,6/18/2025,cash,90,3
1831,674,4/15/2025,food,110,1
1832,674,5/20/2025,food,110,2
1833,674,6/11/2025,cash,90,3
1834,675,4/14/2025,cash,110,1
1835,675,6/19/2025,cash,110,3
1836,676,4/18/2025,cash,90,1
1837,676,6/18/2025,food,110,3
1838,677,4/17/2025,cash,90,1
1839,677,5/14/2025,food,100,2
1840,677,6/14/2025,cash,110,3
1841,678,4/19/2025,food,90,1
1842,678,5/19/2025,cash,90,2
1843,678,6/15/2025,food,100,3
1844,679,4/18/2025,food,100,1
1845,679,5/18/2025,cash,110,2
1846,679,6/19/2025,cash,90,3
1847,680,4/10/2025,cash,100,1
1848,680,5/11/2025,cash,110,2
1849,681,4/12/2025,cash,110,1
1850,681,5/15/2025,cash,90,2
1851,681,6/19/2025,food,90,3
1852,682,5/17/2025,cash,90,2
1853,682,6/13/2025,cash,90,3
1854,683,4/19/2025,cash,90,1
1855,683,5/14/2025,cash,110,2
1856,683,6/10/2025,food,90,3
1857,684,4/15/2025,cash,90,1
1858,684,5/13/2025,food,90,2
1859,684,6/15/2025,food,100,3
1860,685,4/12/2025,cash,110,1
1861,685,5/20/2025,cash,110,2
1862,685,6/12/2025,cash,90,3
1863,686,4/12/2025,cash,90,1
1864,686,5/14/2025,food,90,2
1865,686,6/13/2025,cash,90,3
1866,687,4/13/2025,food,110,1
1867,687,5/14/2025,food,90,2
1868,687,6/12/2025,food,100,3
1869,688,4/15/2025,cash,110,1
1870,688,5/16/2025,cash,90,2
1871,688,6/13/2025,cash,90,3
1872,689,4/16/2025,cash,110,1
1873,689,5/14/2025,food,100,2
1874,689,6/19/2025,cash,100,3
1875,690,4/19/2025,food,100,1
1876,690,5/19/2025,cash,110,2
1877,690,6/10/2025,cash,100,3
1878,691,4/18/2025,food,90,1
1879,691,5/11/2025,cash,90,2
1880,691,6/18/2025,cash,110,3
1881,692,4/20/2025,cash,90,1
1882,692,5/18/2025,cash,90,2
1883,692,6/10/2025,cash,90,3
1884,693,4/11/2025,food,110,1
1885,693,5/14/2025,food,100,2
1886,693,6/12/2025,cash,100,3
1887,694,4/13/2025,cash,90,1
1888,694,5/11/2025,cash,110,2
1889,694,6/16/2025,cash,110,3
1890,695,4/17/2025,cash,110,1
1891,695,5/15/2025,cash,90,2
1892,695,6/10/2025,cash,110,3
1893,696,4/15/2025,cash,110,1
1894,696,5/19/2025,cash,90,2
1895,696,6/17/2025,cash,100,3
1896,697,4/18/2025,food,90,1
1897,697,5/19/2025,cash,110,2
1898,697,6/15/2025,food,100,3
1899,698,4/18/2025,food,100,1
1900,698,5/11/2025,cash,110,2
1901,698,6/18/2025,food,100,3
1902,699,4/11/2025,cash,90,1
1903,699,5/14/2025,cash,100,2
1904,699,6/10/2025,food,100,3
1905,700,4/19/2025,cash,90,1
1906,700,5/13/2025,food,100,2
1907,700,6/11/2025,food,110,3
1908,701,4/18/2025,cash,100,1
1909,701,5/11/2025,cash,100,2
1910,701,6/14/2025,cash,100,3
1911,702,4/10/2025,food,100,1
1912,702,5/19/2025,food,110,2
1913,702,6/10/2025,food,90,3
1914,703,4/13/2025,food,110,1
1915,703,5/18/2025,food,110,2
1916,703,6/10/2025,cash,90,3
1917,704,4/14/2025,cash,90,1
1918,704,5/14/2025,cash,110,2
1919,705,4/14/2025,food,110,1
1920,705,5/17/2025,food,90,2
1921,705,6/16/2025,cash,110,3
1922,706,4/16/2025,food,90,1
1923,706,5/11/2025,cash,110,2
1924,706,6/20/2025,food,110,3
1925,707,4/19/2025,food,100,1
1926,707,5/10/2025,cash,100,2
1927,707,6/12/2025,food,110,3
1928,708,4/18/2025,food,90,1
1929,708,5/14/2025,cash,100,2
1930,708,6/16/2025,food,110,3
1931,709,4/15/2025,food,100,1
1932,709,5/10/2025,cash,100,2
1933,709,6/20/2025,food,100,3
1934,710,4/12/2025,food,90,1
1935,711,4/11/2025,food,100,1
1936,711,5/14/2025,food,110,2
1937,711,6/18/2025,cash,90,3
1938,712,4/15/2025,cash,110,1
1939,712,5/18/2025,cash,100,2
1940,712,6/12/2025,food,110,3
1941,713,4/10/2025,food,90,1
1942,713,5/20/2025,cash,100,2
1943,713,6/13/2025,cash,100,3
1944,714,4/18/2025,food,110,1
1945,714,5/11/2025,food,110,2
1946,714,6/12/2025,cash,90,3
1947,715,4/19/2025,food,110,1
1948,715,5/11/2025,cash,110,2
1949,716,4/11/2025,cash,100,1
1950,716,5/16/2025,food,90,2
1951,716,6/16/2025,cash,110,3
1952,717,4/11/2025,food,100,1
1953,717,6/18/2025,food,110,3
1954,718,4/18/2025,cash,90,1
1955,718,6/10/2025,cash,110,3
1956,719,4/16/2025,cash,110,1
1957,719,5/19/2025,cash,90,2
1958,719,6/15/2025,food,110,3
1959,720,4/14/2025,food,110,1
1960,720,5/16/2025,cash,110,2
1961,720,6/16/2025,food,110,3
1962,721,4/12/2025,cash,90,1
1963,721,5/11/2025,cash,110,2
1964,721,6/19/2025,food,90,3
1965,722,4/13/2025,cash,100,1
1966,722,5/15/2025,cash,110,2
1967,722,6/16/2025,cash,90,3
1968,723,4/12/2025,cash,110,1
1969,723,5/12/2025,cash,90,2
1970,723,6/15/2025,food,100,3
1971,724,4/14/2025,cash,110,1
1972,724,5/14/2025,cash,110,2
1973,724,6/10/2025,food,110,3
1974,725,4/15/2025,cash,100,1
1975,725,6/10/2025,cash,90,3
1976,726,4/16/2025,cash,90,1
1977,726,6/10/2025,cash,100,3
1978,727,4/19/2025,cash,90,1
1979,727,5/20/2025,food,90,2
1980,727,6/13/2025,cash,90,3
1981,728,4/14/2025,food,100,1
1982,728,5/16/2025,cash,100,2
1983,728,6/17/2025,food,100,3
1984,729,4/20/2025,cash,110,1
1985,729,5/18/2025,food,100,2
1986,729,6/10/2025,cash,90,3
1987,730,4/18/2025,cash,110,1
1988,730,6/15/2025,food,90,3
1989,731,4/20/2025,cash,100,1
1990,731,5/13/2025,food,110,2
1991,731,6/10/2025,cash,110,3
1992,732,4/10/2025,cash,110,1
1993,732,5/19/2025,cash,100,2
1994,732,6/12/2025,cash,110,3
1995,733,6/12/2025,food,110,3
1996,734,4/19/2025,food,110,1
1997,734,5/16/2025,food,110,2
1998,734,6/19/2025,food,90,3
1999,735,4/14/2025,cash,110,1
2000,735,5/19/2025,food,110,2
2001,736,4/15/2025,cash,100,1
2002,736,5/18/2025,food,110,2
2003,736,6/13/2025,cash,90,3
2004,737,4/13/2025,food,90,1
2005,737,5/16/2025,food,110,2
2006,737,6/10/2025,food,110,3
2007,738,4/18/2025,food,90,1
2008,738,5/11/2025,food,100,2
2009,739,4/17/2025,cash,110,1
2010,739,5/18/2025,cash,110,2
2011,739,6/15/2025,food,110,3
2012,740,4/18/2025,cash,110,1
2013,740,5/10/2025,food,90,2
2014,740,6/16/2025,cash,90,3
2015,741,5/16/2025,food,90,2
2016,741,6/12/2025,food,110,3
2017,742,4/18/2025,cash,100,1
2018,742,5/11/2025,food,110,2
2019,742,6/16/2025,cash,90,3
2020,743,4/17/2025,food,90,1
2021,743,5/20/2025,cash,90,2
2022,743,6/15/2025,food,90,3
2023,744,4/13/2025,food,100,1
2024,744,5/13/2025,food,110,2
2025,744,6/10/2025,cash,90,3
2026,745,4/13/2025,cash,90,1
2027,745,5/18/2025,food,110,2
2028,745,6/16/2025,cash,90,3
2029,746,4/16/2025,cash,90,1
2030,746,5/13/2025,food,90,2
2031,746,6/11/2025,food,110,3
2032,747,4/20/2025,food,90,1
2033,747,5/19/2025,cash,110,2
2034,747,6/17/2025,food,90,3
2035,748,4/18/2025,cash,110,1
2036,748,6/20/2025,cash,90,3
2037,749,4/13/2025,food,100,1
2038,749,5/17/2025,food,100,2
2039,749,6/16/2025,cash,90,3
2040,750,4/17/2025,cash,110,1
2041,750,5/16/2025,cash,110,2
2042,750,6/10/2025,cash,110,3
2043,751,4/20/2025,food,100,1
2044,752,4/19/2025,cash,100,1
2045,752,5/18/2025,food,90,2
2046,753,4/17/2025,cash,90,1
2047,754,4/12/2025,cash,100,1
2048,754,6/17/2025,cash,100,3
2049,755,4/12/2025,cash,90,1
2050,755,5/10/2025,food,90,2
2051,755,6/16/2025,cash,110,3
2052,756,5/17/2025,food,110,2
2053,756,6/15/2025,food,90,3
2054,757,4/17/2025,cash,110,1
2055,757,5/14/2025,food,110,2
2056,757,6/12/2025,food,90,3
2057,758,4/16/2025,food,110,1
2058,758,5/11/2025,food,100,2
2059,758,6/10/2025,cash,100,3
2060,759,4/14/2025,cash,100,1
2061,759,5/11/2025,cash,100,2
2062,759,6/17/2025,cash,90,3
2063,760,4/12/2025,cash,100,1
2064,760,5/19/2025,cash,90,2
2065,760,6/14/2025,food,90,3
2066,761,4/15/2025,food,110,1
2067,761,5/17/2025,cash,100,2
2068,761,6/13/2025,cash,90,3
2069,762,4/12/2025,food,100,1
2070,762,5/13/2025,food,110,2
2071,762,6/19/2025,food,100,3
2072,763,4/11/2025,food,100,1
2073,763,5/16/2025,food,90,2
2074,764,4/12/2025,cash,100,1
2075,764,5/16/2025,cash,90,2
2076,764,6/12/2025,cash,90,3
2077,765,4/15/2025,cash,90,1
2078,765,6/20/2025,food,90,3
2079,766,4/18/2025,food,90,1
2080,766,5/16/2025,cash,110,2
2081,766,6/20/2025,cash,90,3
2082,767,5/19/2025,food,100,2
2083,767,6/10/2025,food,90,3
2084,768,4/19/2025,food,110,1
2085,768,5/12/2025,cash,90,2
2086,768,6/10/2025,cash,110,3
2087,769,4/16/2025,food,110,1
2088,769,6/14/2025,food,110,3
2089,770,4/18/2025,cash,110,1
2090,770,5/15/2025,food,110,2
2091,770,6/17/2025,cash,110,3
2092,771,4/11/2025,food,90,1
2093,771,5/18/2025,food,100,2
2094,771,6/13/2025,cash,90,3
2095,772,5/16/2025,cash,110,2
2096,772,6/20/2025,food,100,3
2097,773,4/17/2025,food,110,1
2098,773,5/19/2025,food,110,2
2099,773,6/12/2025,cash,100,3
2100,774,4/13/2025,food,110,1
2101,774,5/20/2025,food,110,2
2102,774,6/16/2025,cash,110,3
2103,775,4/13/2025,food,90,1
2104,775,5/10/2025,food,100,2
2105,775,6/19/2025,food,110,3
2106,776,4/10/2025,cash,110,1
2107,776,5/14/2025,cash,110,2
2108,776,6/15/2025,food,100,3
2109,777,4/18/2025,food,100,1
2110,777,5/13/2025,cash,100,2
2111,777,6/19/2025,food,90,3
2112,778,4/20/2025,cash,110,1
2113,778,5/19/2025,food,100,2
2114,778,6/13/2025,cash,110,3
2115,780,4/12/2025,food,90,1
2116,780,5/15/2025,cash,110,2
2117,780,6/17/2025,cash,100,3
2118,781,4/19/2025,cash,100,1
2119,781,6/13/2025,food,110,3
2120,782,4/20/2025,food,90,1
2121,782,5/18/2025,cash,110,2
2122,782,6/15/2025,food,90,3
2123,783,5/14/2025,food,110,2
2124,783,6/19/2025,food,100,3
2125,784,4/14/2025,food,90,1
2126,784,5/14/2025,cash,110,2
2127,784,6/19/2025,cash,90,3
2128,785,5/12/2025,cash,90,2
2129,785,6/15/2025,cash,100,3
2130,786,4/11/2025,food,90,1
2131,786,5/11/2025,food,100,2
2132,786,6/15/2025,food,90,3
2133,787,4/12/2025,food,110,1
2134,787,5/16/2025,food,110,2
2135,787,6/18/2025,cash,90,3
2136,788,4/17/2025,food,90,1
2137,788,5/19/2025,food,90,2
2138,788,6/20/2025,cash,100,3
2139,789,5/10/2025,food,90,2
2140,789,6/19/2025,cash,110,3
2141,790,4/17/2025,cash,110,1
2142,790,5/12/2025,food,90,2
2143,790,6/12/2025,cash,110,3
2144,791,4/15/2025,food,90,1
2145,791,5/15/2025,food,100,2
2146,791,6/15/2025,food,100,3
2147,792,4/14/2025,food,90,1
2148,792,5/15/2025,food,110,2
2149,792,6/14/2025,food,110,3
2150,793,4/15/2025,food,110,1
2151,793,5/14/2025,cash,110,2
2152,793,6/19/2025,cash,90,3
2153,794,4/16/2025,food,90,1
2154,794,5/10/2025,cash,90,2
2155,794,6/14/2025,food,110,3
2156,795,4/20/2025,cash,90,1
2157,795,6/11/2025,food,100,3
2158,796,4/10/2025,food,100,1
2159,796,5/18/2025,cash,110,2
2160,796,6/18/2025,cash,110,3
2161,797,4/14/2025,food,110,1
2162,797,5/16/2025,food,110,2
2163,797,6/17/2025,cash,100,3
2164,798,5/13/2025,food,100,2
2165,798,6/17/2025,food,110,3
2166,799,4/10/2025,cash,100,1
2167,799,5/12/2025,food,100,2
2168,799,6/11/2025,cash,90,3
2169,800,4/11/2025,cash,90,1
2170,800,5/12/2025,cash,110,2
2171,800,6/20/2025,cash,110,3
2172,801,4/11/2025,cash,100,1
2173,801,5/11/2025,cash,100,2
2174,801,6/12/2025,cash,110,3
2175,802,4/15/2025,cash,110,1
2176,802,5/17/2025,food,110,2
2177,802,6/20/2025,food,90,3
2178,803,4/15/2025,food,100,1
2179,803,5/15/2025,food,100,2
2180,803,6/12/2025,cash,100,3
2181,804,4/11/2025,food,100,1
2182,804,5/18/2025,cash,110,2
2183,804,6/10/2025,cash,110,3
2184,805,4/11/2025,food,90,1
2185,805,5/20/2025,cash,90,2
2186,805,6/13/2025,cash,90,3
2187,806,4/12/2025,cash,110,1
2188,807,4/16/2025,cash,90,1
2189,807,5/15/2025,cash,110,2
2190,807,6/18/2025,cash,90,3
2191,808,4/15/2025,food,110,1
2192,808,6/18/2025,cash,100,3
2193,809,4/14/2025,food,100,1
2194,809,5/20/2025,food,110,2
2195,809,6/17/2025,cash,90,3
2196,810,4/14/2025,cash,90,1
2197,810,5/14/2025,food,110,2
2198,810,6/17/2025,cash,90,3
2199,811,4/19/2025,food,90,1
2200,811,5/12/2025,food,90,2
2201,811,6/15/2025,cash,110,3
2202,812,5/18/2025,food,110,2
2203,812,6/17/2025,food,90,3
2204,813,4/18/2025,cash,90,1
2205,813,5/20/2025,cash,90,2
2206,813,6/16/2025,cash,110,3
2207,814,4/10/2025,cash,100,1
2208,814,5/17/2025,food,110,2
2209,814,6/19/2025,food,100,3
2210,815,4/15/2025,food,90,1
2211,815,5/18/2025,food,90,2
2212,815,6/10/2025,cash,90,3
2213,816,4/14/2025,cash,100,1
2214,816,5/19/2025,food,90,2
2215,816,6/15/2025,cash,90,3
2216,817,4/19/2025,cash,90,1
2217,817,5/20/2025,cash,110,2
2218,818,4/20/2025,cash,90,1
2219,818,5/17/2025,food,110,2
2220,818,6/18/2025,cash,90,3
2221,819,4/13/2025,cash,110,1
2222,819,5/17/2025,cash,90,2
2223,819,6/17/2025,cash,110,3
2224,820,5/10/2025,cash,110,2
2225,820,6/13/2025,cash,90,3
2226,821,4/17/2025,food,100,1
2227,821,5/12/2025,cash,90,2
2228,821,6/20/2025,cash,90,3
2229,822,4/16/2025,cash,90,1
2230,822,6/19/2025,cash,100,3
2231,823,4/15/2025,food,90,1
2232,823,5/19/2025,cash,90,2
2233,823,6/13/2025,food,100,3
2234,824,4/18/2025,cash,110,1
2235,824,5/20/2025,food,110,2
2236,824,6/14/2025,cash,90,3
2237,825,4/10/2025,food,110,1
2238,825,5/15/2025,cash,110,2
2239,825,6/12/2025,cash,110,3
2240,826,4/12/2025,cash,110,1
2241,826,5/15/2025,food,110,2
2242,826,6/11/2025,cash,90,3
2243,827,4/19/2025,food,90,1
2244,827,5/19/2025,food,90,2
2245,827,6/13/2025,food,90,3
2246,828,4/13/2025,food,100,1
2247,828,5/18/2025,food,100,2
2248,828,6/12/2025,cash,90,3
2249,829,4/11/2025,cash,90,1
2250,829,5/17/2025,cash,100,2
2251,829,6/19/2025,cash,100,3
2252,830,4/17/2025,food,90,1
2253,830,5/19/2025,cash,100,2
2254,830,6/11/2025,food,100,3
2255,831,4/10/2025,food,90,1
2256,831,5/14/2025,cash,100,2
2257,831,6/12/2025,cash,90,3
2258,832,4/14/2025,cash,90,1
2259,832,5/10/2025,food,100,2
2260,833,4/20/2025,food,100,1
2261,833,5/14/2025,cash,100,2
2262,833,6/20/2025,food,100,3
2263,834,4/12/2025,cash,100,1
2264,834,5/11/2025,cash,100,2
2265,834,6/10/2025,cash,90,3
2266,835,4/11/2025,cash,90,1
2267,835,5/16/2025,cash,90,2
2268,835,6/14/2025,cash,100,3
2269,836,4/18/2025,cash,110,1
2270,836,5/11/2025,food,100,2
2271,836,6/19/2025,cash,110,3
2272,837,4/15/2025,cash,100,1
2273,837,5/18/2025,cash,100,2
2274,837,6/13/2025,cash,100,3
2275,838,4/15/2025,cash,90,1
2276,838,5/14/2025,food,110,2
2277,839,4/13/2025,food,90,1
2278,839,5/13/2025,cash,90,2
2279,839,6/12/2025,food,110,3
2280,840,4/20/2025,food,100,1
2281,840,5/16/2025,food,100,2
2282,840,6/11/2025,cash,100,3
2283,841,4/20/2025,cash,110,1
2284,841,5/17/2025,food,100,2
2285,841,6/16/2025,cash,90,3
2286,842,4/11/2025,cash,90,1
2287,842,5/17/2025,cash,90,2
2288,842,6/14/2025,food,100,3
2289,843,4/14/2025,food,110,1
2290,843,5/11/2025,cash,90,2
2291,843,6/17/2025,food,90,3
2292,844,5/20/2025,food,110,2
2293,844,6/18/2025,cash,110,3
2294,845,4/20/2025,food,110,1
2295,845,5/13/2025,cash,100,2
2296,845,6/10/2025,food,110,3
2297,846,4/10/2025,food,110,1
2298,846,5/17/2025,food,110,2
2299,846,6/17/2025,cash,110,3
2300,847,4/17/2025,food,110,1
2301,847,5/16/2025,food,110,2
2302,847,6/14/2025,cash,100,3
2303,848,6/17/2025,food,90,3
2304,849,4/19/2025,food,90,1
2305,849,5/12/2025,food,100,2
2306,849,6/18/2025,food,110,3
2307,850,4/11/2025,food,90,1
2308,850,5/14/2025,cash,100,2
2309,850,6/20/2025,cash,90,3
2310,851,4/10/2025,food,110,1
2311,851,5/11/2025,cash,100,2
2312,851,6/12/2025,cash,110,3
2313,852,4/20/2025,food,90,1
2314,852,5/18/2025,cash,90,2
2315,852,6/19/2025,food,90,3
2316,853,4/11/2025,food,90,1
2317,853,5/18/2025,food,110,2
2318,853,6/11/2025,food,100,3
2319,854,4/12/2025,cash,90,1
2320,854,5/15/2025,cash,110,2
2321,855,5/10/2025,cash,90,2
2322,855,6/14/2025,cash,100,3
2323,856,4/17/2025,cash,90,1
2324,856,5/16/2025,cash,100,2
2325,856,6/11/2025,cash,90,3
2326,857,4/17/2025,food,90,1
2327,857,5/16/2025,cash,100,2
2328,857,6/16/2025,food,110,3
2329,858,4/14/2025,cash,110,1
2330,858,5/11/2025,food,90,2
2331,858,6/16/2025,cash,100,3
2332,859,4/17/2025,cash,90,1
2333,859,5/20/2025,cash,100,2
2334,859,6/15/2025,cash,100,3
2335,860,4/20/2025,food,90,1
2336,860,5/10/2025,food,110,2
2337,860,6/19/2025,food,100,3
2338,861,4/14/2025,food,90,1
2339,861,5/18/2025,food,90,2
2340,861,6/10/2025,cash,110,3
2341,862,4/16/2025,cash,90,1
2342,862,6/13/2025,food,100,3
2343,863,4/12/2025,cash,110,1
2344,864,4/14/2025,food,110,1
2345,864,5/13/2025,cash,100,2
2346,864,6/14/2025,food,100,3
2347,865,4/18/2025,food,110,1
2348,865,5/16/2025,cash,110,2
2349,865,6/11/2025,food,90,3
2350,866,4/11/2025,cash,100,1
2351,866,5/19/2025,cash,90,2
2352,866,6/11/2025,cash,90,3
2353,867,4/16/2025,cash,100,1
2354,867,5/13/2025,cash,100,2
2355,867,6/18/2025,cash,100,3
2356,868,4/10/2025,cash,100,1
2357,868,6/14/2025,food,90,3
2358,869,4/19/2025,cash,100,1
2359,869,5/10/2025,cash,110,2
2360,869,6/10/2025,food,100,3
2361,870,4/17/2025,food,110,1
2362,870,5/18/2025,cash,110,2
2363,870,6/18/2025,cash,110,3
2364,871,4/10/2025,food,100,1
2365,871,5/12/2025,cash,100,2
2366,871,6/14/2025,food,110,3
2367,872,4/11/2025,cash,100,1
2368,872,5/16/2025,food,100,2
2369,872,6/19/2025,cash,110,3
2370,873,5/19/2025,food,100,2
2371,874,4/14/2025,cash,100,1
2372,874,5/14/2025,food,110,2
2373,874,6/11/2025,cash,110,3
2374,875,4/12/2025,cash,110,1
2375,875,5/15/2025,cash,110,2
2376,876,4/10/2025,food,90,1
2377,876,5/11/2025,food,110,2
2378,876,6/13/2025,food,90,3
2379,877,4/13/2025,food,110,1
2380,877,5/11/2025,food,100,2
2381,877,6/10/2025,food,100,3
2382,878,4/10/2025,food,90,1
2383,878,5/19/2025,food,90,2
2384,878,6/16/2025,food,110,3
2385,879,4/18/2025,food,100,1
2386,879,5/10/2025,food,100,2
2387,879,6/10/2025,food,100,3
2388,880,4/15/2025,food,100,1
2389,880,5/10/2025,food,100,2
2390,880,6/13/2025,cash,110,3
2391,881,4/10/2025,food,90,1
2392,881,5/15/2025,food,100,2
2393,881,6/12/2025,cash,100,3
2394,882,4/14/2025,cash,90,1
2395,882,5/15/2025,food,90,2
2396,883,4/20/2025,food,90,1
2397,883,5/11/2025,cash,90,2
2398,883,6/17/2025,food,100,3
2399,884,4/17/2025,food,100,1
2400,884,5/15/2025,cash,100,2
2401,884,6/11/2025,cash,100,3
2402,885,4/11/2025,cash,100,1
2403,885,6/14/2025,food,90,3
2404,886,4/18/2025,cash,90,1
2405,886,5/18/2025,food,100,2
2406,886,6/18/2025,cash,90,3
2407,887,4/12/2025,food,100,1
2408,887,6/14/2025,food,90,3
2409,888,5/14/2025,cash,110,2
2410,888,6/11/2025,cash,110,3
2411,889,4/12/2025,cash,90,1
2412,889,5/13/2025,food,100,2
2413,889,6/15/2025,food,110,3
2414,890,4/18/2025,food,110,1
2415,890,5/14/2025,cash,100,2
2416,890,6/20/2025,cash,110,3
2417,891,4/14/2025,food,100,1
2418,891,5/20/2025,food,100,2
2419,891,6/15/2025,food,110,3
2420,892,4/12/2025,cash,90,1
2421,892,5/13/2025,cash,110,2
2422,893,4/18/2025,food,110,1
2423,893,6/11/2025,food,100,3
2424,894,5/13/2025,cash,110,2
2425,894,6/20/2025,cash,100,3
2426,895,4/13/2025,food,110,1
2427,895,5/11/2025,food,100,2
2428,895,6/20/2025,cash,90,3
2429,896,4/16/2025,cash,90,1
2430,896,5/20/2025,cash,90,2
2431,896,6/13/2025,food,110,3
2432,897,4/12/2025,food,110,1
2433,897,5/15/2025,cash,100,2
2434,897,6/20/2025,cash,110,3
2435,898,4/16/2025,food,100,1
2436,898,5/18/2025,cash,100,2
2437,898,6/12/2025,food,100,3
2438,899,4/20/2025,food,100,1
2439,899,5/10/2025,cash,110,2
2440,899,6/11/2025,food,110,3
2441,900,4/17/2025,cash,90,1
2442,900,5/20/2025,food,90,2
2443,900,6/11/2025,cash,110,3
2444,901,4/18/2025,food,110,1
2445,901,5/19/2025,food,110,2
2446,901,6/12/2025,cash,100,3
2447,902,5/19/2025,cash,100,2
2448,902,6/17/2025,cash,100,3
2449,903,4/10/2025,cash,110,1
2450,903,6/16/2025,food,90,3
2451,904,4/13/2025,cash,110,1
2452,904,5/18/2025,cash,90,2
2453,904,6/11/2025,cash,90,3
2454,905,5/17/2025,cash,100,2
2455,906,4/19/2025,cash,90,1
2456,906,5/18/2025,cash,110,2
2457,906,6/13/2025,cash,90,3
2458,907,4/11/2025,cash,90,1
2459,907,5/10/2025,cash,90,2
2460,907,6/16/2025,food,100,3
2461,908,4/10/2025,cash,110,1
2462,908,5/19/2025,food,110,2
2463,908,6/10/2025,cash,100,3
2464,909,4/16/2025,cash,100,1
2465,909,5/13/2025,food,100,2
2466,909,6/20/2025,cash,110,3
2467,910,4/10/2025,food,100,1
2468,910,5/18/2025,cash,90,2
2469,910,6/16/2025,food,110,3
2470,911,4/10/2025,cash,90,1
2471,911,5/10/2025,food,100,2
2472,912,4/14/2025,food,110,1
2473,912,5/17/2025,cash,100,2
2474,912,6/10/2025,food,100,3
2475,913,5/16/2025,food,90,2
2476,913,6/20/2025,food,100,3
2477,914,4/11/2025,cash,110,1
2478,914,5/13/2025,food,90,2
2479,914,6/18/2025,food,90,3
2480,915,4/19/2025,food,110,1
2481,915,5/18/2025,cash,100,2
2482,915,6/13/2025,food,100,3
2483,916,4/14/2025,cash,100,1
2484,916,5/19/2025,food,90,2
2485,916,6/17/2025,cash,110,3
2486,917,4/16/2025,cash,100,1
2487,917,5/20/2025,food,110,2
2488,917,6/10/2025,food,110,3
2489,918,4/15/2025,food,90,1
2490,918,5/16/2025,cash,110,2
2491,918,6/12/2025,cash,90,3
2492,919,4/15/2025,food,110,1
2493,919,5/18/2025,cash,100,2
2494,919,6/11/2025,cash,110,3
2495,920,4/12/2025,cash,100,1
2496,920,5/18/2025,food,90,2
2497,920,6/17/2025,food,110,3
2498,921,4/12/2025,food,100,1
2499,921,5/12/2025,cash,90,2
2500,921,6/20/2025,cash,100,3
2501,922,4/19/2025,food,90,1
2502,922,5/12/2025,cash,90,2
2503,922,6/17/2025,food,110,3
2504,923,4/17/2025,cash,110,1
2505,923,5/14/2025,food,100,2
2506,924,4/18/2025,food,110,1
2507,924,5/17/2025,cash,100,2
2508,924,6/18/2025,cash,90,3
2509,925,4/12/2025,cash,100,1
2510,925,5/10/2025,cash,110,2
2511,925,6/20/2025,food,90,3
2512,926,5/16/2025,food,90,2
2513,926,6/13/2025,cash,100,3
2514,927,4/17/2025,cash,110,1
2515,927,5/18/2025,food,110,2
2516,927,6/14/2025,cash,90,3
2517,928,4/18/2025,cash,90,1
2518,928,5/17/2025,cash,90,2
2519,928,6/16/2025,cash,100,3
2520,929,5/15/2025,cash,100,2
2521,929,6/15/2025,cash,90,3
2522,930,4/15/2025,cash,110,1
2523,930,5/17/2025,cash,110,2
2524,930,6/12/2025,food,90,3
2525,931,4/10/2025,food,90,1
2526,931,6/17/2025,cash,110,3
2527,932,4/10/2025,cash,100,1
2528,932,5/16/2025,food,110,2
2529,932,6/17/2025,food,110,3
2530,933,4/20/2025,cash,110,1
2531,933,5/14/2025,food,110,2
2532,933,6/20/2025,cash,110,3
2533,934,4/16/2025,cash,100,1
2534,934,5/19/2025,food,100,2
2535,935,4/16/2025,cash,110,1
2536,935,5/18/2025,cash,100,2
2537,935,6/14/2025,cash,90,3
2538,936,5/11/2025,cash,100,2
2539,936,6/12/2025,food,110,3
2540,937,4/16/2025,cash,110,1
2541,937,5/17/2025,food,90,2
2542,938,4/15/2025,food,100,1
2543,938,5/13/2025,food,90,2
2544,938,6/10/2025,food,100,3
2545,939,5/16/2025,food,90,2
2546,939,6/13/2025,food,100,3
2547,940,5/18/2025,food,90,2
2548,940,6/13/2025,food,110,3
2549,941,5/12/2025,cash,100,2
2550,941,6/17/2025,food,100,3
2551,942,4/16/2025,food,100,1
2552,942,5/15/2025,cash,100,2
2553,943,4/19/2025,cash,110,1
2554,943,5/19/2025,cash,110,2
2555,944,5/10/2025,food,110,2
2556,944,6/10/2025,cash,90,3
2557,945,4/11/2025,cash,100,1
2558,945,5/16/2025,cash,110,2
2559,946,4/15/2025,food,110,1
2560,946,6/10/2025,cash,90,3
2561,947,4/16/2025,food,90,1
2562,947,5/14/2025,cash,110,2
2563,947,6/10/2025,cash,110,3
2564,948,4/17/2025,food,110,1
2565,948,5/10/2025,cash,90,2
2566,948,6/10/2025,cash,100,3
2567,949,4/13/2025,cash,100,1
2568,949,6/20/2025,food,100,3
2569,950,4/19/2025,food,90,1
2570,950,5/10/2025,food,90,2
2571,950,6/13/2025,cash,100,3
2572,951,4/10/2025,food,110,1
2573,951,5/20/2025,food,110,2
2574,951,6/13/2025,cash,90,3
2575,952,4/16/2025,food,110,1
2576,952,5/14/2025,cash,90,2
2577,952,6/19/2025,cash,90,3
2578,953,4/12/2025,cash,90,1
2579,953,5/18/2025,food,90,2
2580,953,6/14/2025,cash,90,3
2581,954,5/19/2025,cash,110,2
2582,954,6/13/2025,food,110,3
2583,955,4/12/2025,cash,100,1
2584,955,5/10/2025,cash,100,2
2585,956,4/19/2025,cash,110,1
2586,956,5/19/2025,food,110,2
2587,956,6/18/2025,food,110,3
2588,957,4/14/2025,cash,110,1
2589,957,5/17/2025,food,110,2
2590,957,6/13/2025,cash,110,3
2591,958,4/14/2025,food,90,1
2592,958,5/16/2025,food,100,2
2593,958,6/12/2025,food,100,3
2594,959,4/12/2025,food,90,1
2595,959,5/13/2025,food,100,2
2596,959,6/16/2025,cash,100,3
2597,960,4/18/2025,food,90,1
2598,960,5/20/2025,cash,110,2
2599,961,4/12/2025,cash,90,1
2600,961,5/11/2025,cash,90,2
2601,961,6/10/2025,cash,110,3
2602,962,4/16/2025,cash,100,1
2603,962,5/20/2025,food,110,2
2604,962,6/10/2025,cash,90,3
2605,963,4/16/2025,food,90,1
2606,963,5/19/2025,cash,100,2
2607,963,6/15/2025,food,100,3
2608,964,4/19/2025,food,100,1
2609,964,5/12/2025,cash,90,2
2610,964,6/19/2025,food,100,3
2611,965,4/10/2025,cash,90,1
2612,965,5/12/2025,cash,110,2
2613,965,6/15/2025,food,110,3
2614,966,4/14/2025,food,100,1
2615,966,5/19/2025,cash,90,2
2616,967,4/15/2025,cash,90,1
2617,967,5/18/2025,cash,90,2
2618,967,6/12/2025,cash,110,3
2619,968,4/20/2025,cash,90,1
2620,968,5/18/2025,cash,110,2
2621,968,6/17/2025,cash,110,3
2622,969,4/11/2025,food,90,1
2623,969,5/18/2025,food,90,2
2624,969,6/15/2025,cash,110,3
2625,970,4/15/2025,food,110,1
2626,970,6/11/2025,food,110,3
2627,971,4/10/2025,food,90,1
2628,971,5/19/2025,cash,90,2
2629,971,6/16/2025,cash,110,3
2630,972,5/12/2025,food,100,2
2631,973,4/10/2025,cash,110,1
2632,973,5/17/2025,cash,90,2
2633,973,6/18/2025,cash,110,3
2634,974,4/12/2025,cash,90,1
2635,974,5/12/2025,cash,100,2
2636,974,6/14/2025,food,100,3
2637,975,4/12/2025,cash,90,1
2638,975,5/15/2025,cash,110,2
2639,975,6/12/2025,cash,90,3
2640,976,4/13/2025,cash,100,1
2641,976,6/13/2025,cash,90,3
2642,977,4/17/2025,food,90,1
2643,977,5/11/2025,cash,100,2
2644,977,6/10/2025,cash,110,3
2645,978,4/15/2025,cash,100,1
2646,978,5/13/2025,cash,110,2
2647,979,4/19/2025,cash,100,1
2648,979,5/15/2025,food,110,2
2649,979,6/18/2025,cash,90,3
2650,980,4/20/2025,cash,110,1
2651,980,5/19/2025,cash,100,2
2652,980,6/20/2025,cash,100,3
2653,981,4/19/2025,cash,90,1
2654,981,5/18/2025,cash,90,2
2655,982,4/13/2025,food,90,1
2656,982,5/16/2025,cash,90,2
2657,982,6/13/2025,cash,100,3
2658,983,4/18/2025,cash,100,1
2659,983,5/15/2025,food,100,2
2660,983,6/10/2025,food,90,3
2661,984,4/12/2025,cash,110,1
2662,984,5/16/2025,food,100,2
2663,984,6/19/2025,food,100,3
2664,985,4/10/2025,food,100,1
2665,985,5/13/2025,food,110,2
2666,985,6/13/2025,food,100,3
2667,986,4/20/2025,food,90,1
2668,986,5/12/2025,cash,100,2
2669,986,6/11/2025,cash,100,3
2670,987,5/16/2025,cash,110,2
2671,987,6/20/2025,food,100,3
2672,988,4/11/2025,cash,110,1
2673,988,5/19/2025,cash,110,2
2674,988,6/16/2025,cash,110,3
2675,989,4/14/2025,cash,110,1
2676,989,5/20/2025,food,100,2
2677,989,6/18/2025,food,90,3
2678,990,4/14/2025,food,90,1
2679,990,5/20/2025,cash,100,2
2680,990,6/13/2025,cash,100,3
2681,991,6/13/2025,cash,90,3
2682,992,4/15/2025,food,100,1
2683,992,5/14/2025,food,100,2
2684,992,6/16/2025,food,100,3
2685,993,4/17/2025,food,110,1
2686,993,5/14/2025,food,90,2
2687,993,6/13/2025,food,100,3
2688,994,4/14/2025,food,100,1
2689,994,6/18/2025,food,90,3
2690,995,4/14/2025,cash,90,1
2691,995,5/14/2025,food,90,2
2692,995,6/10/2025,food,110,3
2693,996,5/11/2025,food,90,2
2694,996,6/19/2025,cash,100,3
2695,997,4/15/2025,food,100,1
2696,997,5/17/2025,cash,90,2
2697,997,6/13/2025,cash,100,3
2698,998,4/14/2025,cash,90,1
2699,998,5/19/2025,cash,100,2
2700,998,6/11/2025,food,90,3
2701,999,6/19/2025,cash,90,3
2702,1000,4/12/2025,food,90,1
2703,1000,5/15/2025,food,90,2
2704,1000,6/10/2025,food,110,3
2705,1001,4/20/2025,food,90,1
2706,1001,5/20/2025,cash,90,2
2707,1001,6/20/2025,cash,100,3
2708,1002,5/12/2025,cash,90,2
2709,1002,6/18/2025,food,90,3
2710,1003,5/15/2025,cash,90,2
2711,1003,6/20/2025,food,110,3
2712,1004,4/16/2025,food,100,1
2713,1004,5/20/2025,food,90,2
2714,1004,6/13/2025,cash,110,3
2715,1005,5/18/2025,food,100,2
2716,1005,6/12/2025,cash,100,3
2717,1006,4/12/2025,food,100,1
2718,1006,5/16/2025,cash,90,2
2719,1006,6/11/2025,food,90,3
2720,1007,4/10/2025,food,90,1
2721,1007,5/18/2025,cash,90,2
2722,1008,4/20/2025,cash,90,1
2723,1008,5/12/2025,food,110,2
2724,1008,6/12/2025,cash,100,3
2725,1009,4/17/2025,cash,90,1
2726,1009,5/19/2025,food,90,2
2727,1010,4/11/2025,cash,100,1
2728,1010,5/20/2025,cash,100,2
2729,1011,5/13/2025,food,110,2
2730,1011,6/12/2025,food,90,3
2731,1012,5/20/2025,cash,110,2
2732,1012,6/17/2025,cash,100,3
2733,1013,4/15/2025,food,110,1
2734,1013,5/13/2025,cash,90,2
2735,1013,6/17/2025,cash,110,3
2736,1014,4/18/2025,cash,90,1
2737,1014,5/17/2025,cash,100,2
2738,1014,6/13/2025,food,100,3
2739,1015,4/15/2025,cash,100,1
2740,1015,5/10/2025,food,90,2
2741,1015,6/16/2025,food,90,3
2742,1016,4/12/2025,cash,100,1
2743,1016,5/10/2025,food,90,2
2744,1016,6/11/2025,food,110,3
2745,1017,4/18/2025,cash,110,1
2746,1017,5/20/2025,cash,110,2
2747,1017,6/17/2025,food,110,3
2748,1018,4/18/2025,food,100,1
2749,1018,5/15/2025,food,100,2
2750,1018,6/13/2025,cash,110,3
2751,1019,5/12/2025,cash,110,2
2752,1019,6/19/2025,food,100,3
2753,1020,5/20/2025,cash,110,2
2754,1020,6/20/2025,cash,90,3
2755,1021,4/15/2025,food,90,1
2756,1021,5/19/2025,food,90,2
2757,1021,6/10/2025,food,90,3
2758,1022,4/20/2025,food,90,1
2759,1022,5/20/2025,cash,110,2
2760,1022,6/16/2025,food,100,3
2761,1023,4/13/2025,cash,100,1
2762,1023,5/13/2025,food,90,2
2763,1023,6/15/2025,cash,90,3
2764,1024,4/11/2025,cash,100,1
2765,1024,5/20/2025,cash,110,2
2766,1024,6/20/2025,food,90,3
2767,1025,4/17/2025,food,100,1
2768,1025,5/14/2025,food,90,2
2769,1025,6/14/2025,cash,90,3
2770,1026,5/15/2025,cash,100,2
2771,1027,4/11/2025,food,100,1
2772,1027,5/10/2025,cash,110,2
2773,1027,6/19/2025,cash,110,3
2774,1028,4/18/2025,food,100,1
2775,1028,5/10/2025,food,90,2
2776,1028,6/10/2025,food,90,3
2777,1029,4/12/2025,cash,90,1
2778,1029,5/20/2025,food,90,2
2779,1029,6/20/2025,cash,90,3
2780,1030,4/13/2025,cash,110,1
2781,1030,5/19/2025,food,100,2
2782,1030,6/20/2025,food,100,3
2783,1031,4/18/2025,food,90,1
2784,1031,5/16/2025,food,100,2
2785,1031,6/19/2025,cash,90,3
2786,1032,4/16/2025,cash,100,1
2787,1032,6/18/2025,food,110,3
2788,1033,4/15/2025,cash,110,1
2789,1034,4/14/2025,cash,90,1
2790,1034,5/20/2025,food,100,2
2791,1034,6/10/2025,food,90,3
2792,1035,4/12/2025,cash,90,1
2793,1035,5/11/2025,food,90,2
2794,1035,6/17/2025,food,100,3
2795,1036,5/17/2025,food,100,2
2796,1036,6/10/2025,cash,90,3
2797,1037,4/18/2025,food,100,1
2798,1037,5/18/2025,food,100,2
2799,1037,6/19/2025,food,110,3
2800,1038,4/14/2025,cash,100,1
2801,1038,5/16/2025,food,100,2
2802,1038,6/10/2025,food,100,3
2803,1039,4/16/2025,cash,100,1
2804,1039,5/13/2025,food,90,2
2805,1039,6/16/2025,food,110,3
2806,1040,4/12/2025,food,100,1
2807,1040,5/20/2025,food,90,2
2808,1040,6/16/2025,cash,100,3
2809,1041,4/15/2025,food,110,1
2810,1041,5/15/2025,food,90,2
2811,1041,6/12/2025,food,100,3
2812,1042,4/16/2025,food,90,1
2813,1042,6/19/2025,food,110,3
2814,1043,4/18/2025,food,110,1
2815,1043,5/14/2025,food,110,2
2816,1043,6/14/2025,food,100,3
2817,1044,4/14/2025,cash,100,1
2818,1044,5/11/2025,food,110,2
2819,1044,6/19/2025,cash,110,3
2820,1045,4/14/2025,food,110,1
2821,1045,5/13/2025,food,100,2
2822,1045,6/18/2025,cash,90,3
2823,1046,4/19/2025,food,110,1
2824,1046,5/19/2025,food,110,2
2825,1047,5/18/2025,food,90,2
2826,1047,6/11/2025,cash,110,3
2827,1048,4/10/2025,cash,90,1
2828,1048,5/10/2025,food,100,2
2829,1048,6/18/2025,food,90,3
2830,1049,4/16/2025,food,100,1
2831,1049,5/19/2025,cash,90,2
2832,1049,6/10/2025,cash,100,3
2833,1050,4/16/2025,food,100,1
2834,1050,6/19/2025,cash,110,3
2835,1051,4/10/2025,cash,110,1
2836,1051,5/11/2025,cash,90,2
2837,1051,6/17/2025,food,100,3
2838,1052,4/18/2025,food,90,1
2839,1052,5/15/2025,food,90,2
2840,1052,6/16/2025,cash,110,3
2841,1053,4/11/2025,food,110,1
2842,1053,5/14/2025,cash,100,2
2843,1053,6/16/2025,food,90,3
2844,1054,4/13/2025,food,90,1
2845,1054,5/14/2025,cash,90,2
2846,1054,6/12/2025,cash,90,3
2847,1055,4/13/2025,food,100,1
2848,1055,5/14/2025,food,90,2
2849,1055,6/10/2025,food,90,3
2850,1056,4/19/2025,food,110,1
2851,1056,5/20/2025,food,110,2
2852,1056,6/10/2025,food,110,3
2853,1057,4/12/2025,food,100,1
2854,1057,5/10/2025,cash,110,2
2855,1057,6/20/2025,food,100,3
2856,1058,4/11/2025,food,100,1
2857,1058,5/10/2025,food,90,2
2858,1058,6/10/2025,cash,90,3
2859,1059,4/15/2025,cash,90,1
2860,1059,5/18/2025,food,100,2
2861,1059,6/12/2025,food,100,3
2862,1060,4/12/2025,cash,90,1
2863,1060,5/12/2025,cash,90,2
2864,1060,6/12/2025,food,100,3
2865,1061,4/11/2025,cash,90,1
2866,1061,5/13/2025,cash,90,2
2867,1061,6/16/2025,food,100,3
2868,1062,4/11/2025,food,100,1
2869,1062,5/10/2025,food,100,2
2870,1062,6/17/2025,food,100,3
2871,1063,4/10/2025,cash,100,1
2872,1063,5/13/2025,cash,90,2
2873,1064,4/13/2025,food,100,1
2874,1064,5/10/2025,cash,100,2
2875,1064,6/12/2025,cash,90,3
2876,1065,4/17/2025,cash,110,1
2877,1065,5/10/2025,cash,100,2
2878,1065,6/12/2025,cash,100,3
2879,1066,4/15/2025,cash,100,1
2880,1066,5/16/2025,food,110,2
2881,1066,6/17/2025,cash,100,3
2882,1067,4/17/2025,food,100,1
2883,1067,5/19/2025,cash,100,2
2884,1067,6/15/2025,cash,110,3
2885,1068,4/17/2025,cash,110,1
2886,1068,5/12/2025,food,110,2
2887,1068,6/11/2025,cash,90,3
2888,1069,4/10/2025,food,100,1
2889,1069,5/18/2025,food,110,2
2890,1069,6/18/2025,cash,90,3
2891,1070,4/20/2025,cash,100,1
2892,1070,5/11/2025,cash,90,2
2893,1070,6/11/2025,cash,90,3
2894,1071,4/18/2025,cash,90,1
2895,1071,5/18/2025,food,110,2
2896,1071,6/20/2025,cash,100,3
2897,1072,4/17/2025,food,110,1
2898,1072,5/20/2025,cash,110,2
2899,1072,6/11/2025,food,110,3
2900,1073,4/19/2025,food,110,1
2901,1073,5/11/2025,food,90,2
2902,1073,6/12/2025,food,100,3
2903,1074,4/13/2025,cash,110,1
2904,1074,5/12/2025,cash,100,2
2905,1074,6/12/2025,cash,90,3
2906,1075,4/16/2025,food,110,1
2907,1075,5/19/2025,food,90,2
2908,1076,4/10/2025,cash,90,1
2909,1076,6/17/2025,cash,100,3
2910,1077,4/18/2025,food,110,1
2911,1077,5/15/2025,cash,100,2
2912,1077,6/12/2025,cash,100,3
2913,1078,4/16/2025,food,90,1
2914,1078,5/15/2025,cash,110,2
2915,1078,6/14/2025,cash,100,3
2916,1079,4/20/2025,cash,90,1
2917,1079,6/15/2025,food,90,3
2918,1080,4/17/2025,food,100,1
2919,1080,5/12/2025,cash,100,2
2920,1080,6/10/2025,food,90,3
2921,1081,4/15/2025,cash,90,1
2922,1081,5/12/2025,cash,110,2
2923,1081,6/12/2025,cash,110,3
2924,1082,4/11/2025,food,100,1
2925,1082,5/12/2025,food,100,2
2926,1082,6/19/2025,food,90,3
2927,1083,4/17/2025,cash,110,1
2928,1083,5/19/2025,food,110,2
2929,1083,6/12/2025,cash,100,3
2930,1084,4/15/2025,food,110,1
2931,1084,5/20/2025,food,90,2
2932,1084,6/11/2025,cash,110,3
2933,1085,4/10/2025,cash,100,1
2934,1085,5/13/2025,cash,90,2
2935,1085,6/11/2025,cash,90,3
2936,1086,4/12/2025,cash,100,1
2937,1086,5/18/2025,cash,110,2
2938,1086,6/12/2025,food,110,3
2939,1087,4/17/2025,food,100,1
2940,1087,5/11/2025,cash,110,2
2941,1087,6/18/2025,cash,100,3
2942,1088,4/14/2025,cash,110,1
2943,1088,5/16/2025,cash,110,2
2944,1089,5/20/2025,food,90,2
2945,1089,6/18/2025,food,110,3
2946,1090,5/14/2025,food,110,2
2947,1090,6/11/2025,food,110,3
2948,1091,4/14/2025,cash,90,1
2949,1091,5/16/2025,cash,90,2
2950,1091,6/12/2025,cash,100,3
2951,1092,4/10/2025,food,90,1
2952,1092,5/18/2025,cash,90,2
2953,1092,6/17/2025,cash,90,3
2954,1093,4/19/2025,food,90,1
2955,1093,5/16/2025,food,110,2
2956,1093,6/11/2025,cash,110,3
2957,1094,4/11/2025,cash,90,1
2958,1094,5/16/2025,food,100,2
2959,1094,6/12/2025,cash,90,3
2960,1095,4/13/2025,cash,110,1
2961,1095,5/18/2025,food,90,2
2962,1095,6/10/2025,food,110,3
2963,1096,4/12/2025,food,90,1
2964,1096,5/13/2025,cash,100,2
2965,1096,6/12/2025,food,110,3
2966,1097,4/19/2025,cash,90,1
2967,1097,5/18/2025,food,90,2
2968,1097,6/16/2025,cash,90,3
2969,1098,4/18/2025,cash,110,1
2970,1098,5/16/2025,cash,90,2
2971,1098,6/16/2025,cash,110,3
2972,1099,4/11/2025,food,90,1
2973,1099,5/11/2025,cash,100,2
2974,1099,6/11/2025,cash,90,3
2975,1100,4/20/2025,cash,90,1
2976,1100,6/12/2025,cash,110,3
2977,1101,4/18/2025,cash,100,1
2978,1101,5/17/2025,cash,110,2
2979,1101,6/10/2025,food,100,3
2980,1102,4/11/2025,cash,100,1
2981,1102,5/15/2025,cash,90,2
2982,1102,6/18/2025,cash,110,3
2983,1103,4/13/2025,cash,110,1
2984,1103,5/19/2025,food,100,2
2985,1103,6/18/2025,cash,100,3
2986,1104,5/18/2025,cash,110,2
2987,1104,6/15/2025,food,90,3
2988,1105,4/10/2025,cash,110,1
2989,1105,5/15/2025,food,110,2
2990,1105,6/12/2025,food,110,3
2991,1106,4/12/2025,food,100,1
2992,1106,5/19/2025,cash,100,2
2993,1106,6/19/2025,food,110,3
2994,1107,4/20/2025,cash,100,1
2995,1107,5/12/2025,cash,100,2
2996,1107,6/17/2025,cash,110,3
2997,1108,4/19/2025,food,90,1
2998,1108,5/19/2025,food,100,2
2999,1108,6/10/2025,food,100,3
3000,1109,4/17/2025,food,110,1
3001,1109,5/19/2025,food,100,2
3002,1109,6/18/2025,cash,110,3
3003,1110,4/14/2025,cash,100,1
3004,1110,5/14/2025,food,110,2
3005,1111,4/16/2025,cash,100,1
3006,1111,5/19/2025,cash,100,2
3007,1111,6/10/2025,cash,110,3
3008,1112,4/16/2025,cash,100,1
3009,1112,6/10/2025,cash,100,3
3010,1113,4/17/2025,cash,100,1
3011,1113,5/18/2025,cash,90,2
3012,1113,6/12/2025,food,110,3
3013,1114,4/15/2025,cash,90,1
3014,1114,5/18/2025,cash,110,2
3015,1114,6/15/2025,food,100,3
3016,1115,4/18/2025,cash,110,1
3017,1115,5/17/2025,food,110,2
3018,1116,4/16/2025,cash,90,1
3019,1116,5/17/2025,food,90,2
3020,1116,6/13/2025,cash,110,3
3021,1117,4/16/2025,food,90,1
3022,1117,5/19/2025,food,110,2
3023,1117,6/15/2025,food,100,3
3024,1118,4/14/2025,cash,100,1
3025,1118,6/14/2025,food,100,3
3026,1119,4/18/2025,food,110,1
3027,1119,6/18/2025,food,90,3
3028,1120,4/20/2025,cash,90,1
3029,1120,5/13/2025,food,100,2
3030,1120,6/11/2025,cash,90,3
3031,1121,4/14/2025,food,100,1
3032,1121,5/19/2025,cash,100,2
3033,1121,6/20/2025,food,100,3
3034,1122,4/16/2025,food,90,1
3035,1122,5/10/2025,food,90,2
3036,1122,6/12/2025,cash,100,3
3037,1123,5/16/2025,food,90,2
3038,1123,6/16/2025,cash,90,3
3039,1124,5/19/2025,cash,100,2
3040,1124,6/20/2025,food,100,3
3041,1125,4/14/2025,food,100,1
3042,1125,5/16/2025,food,110,2
3043,1125,6/15/2025,food,110,3
3044,1126,4/16/2025,food,90,1
3045,1126,5/13/2025,cash,100,2
3046,1126,6/11/2025,cash,100,3
3047,1127,4/15/2025,cash,90,1
3048,1127,5/19/2025,cash,90,2
3049,1127,6/16/2025,cash,110,3
3050,1128,4/11/2025,cash,110,1
3051,1128,5/13/2025,cash,110,2
3052,1129,4/16/2025,food,110,1
3053,1129,5/13/2025,food,110,2
3054,1129,6/20/2025,food,110,3
3055,1130,4/12/2025,food,90,1
3056,1130,5/15/2025,cash,110,2
3057,1130,6/11/2025,food,90,3
3058,1131,5/15/2025,cash,100,2
3059,1131,6/15/2025,cash,110,3
3060,1132,4/10/2025,food,100,1
3061,1132,5/14/2025,food,100,2
3062,1132,6/17/2025,cash,100,3
3063,1133,4/15/2025,cash,100,1
3064,1133,5/18/2025,food,90,2
3065,1133,6/17/2025,cash,100,3
3066,1134,4/19/2025,food,90,1
3067,1134,5/19/2025,cash,90,2
3068,1134,6/17/2025,cash,90,3
3069,1135,4/18/2025,cash,100,1
3070,1135,5/11/2025,cash,90,2
3071,1135,6/18/2025,cash,100,3
3072,1136,5/18/2025,cash,110,2
3073,1136,6/12/2025,food,110,3
3074,1137,4/10/2025,food,110,1
3075,1137,5/15/2025,cash,100,2
3076,1137,6/17/2025,food,100,3
3077,1138,4/20/2025,cash,100,1
3078,1138,5/17/2025,cash,90,2
3079,1138,6/11/2025,food,100,3
3080,1139,4/13/2025,food,100,1
3081,1139,5/17/2025,cash,110,2
3082,1139,6/16/2025,cash,110,3
3083,1140,4/19/2025,cash,100,1
3084,1140,5/16/2025,cash,110,2
3085,1140,6/14/2025,food,110,3
3086,1141,4/14/2025,food,90,1
3087,1141,5/19/2025,cash,110,2
3088,1141,6/10/2025,food,100,3
3089,1142,4/10/2025,cash,110,1
3090,1142,5/12/2025,cash,110,2
3091,1142,6/19/2025,food,110,3
3092,1143,4/14/2025,cash,110,1
3093,1143,5/14/2025,food,110,2
3094,1143,6/20/2025,food,110,3
3095,1144,4/12/2025,food,100,1
3096,1144,5/19/2025,food,110,2
3097,1144,6/18/2025,cash,110,3
3098,1145,4/12/2025,cash,100,1
3099,1145,5/17/2025,cash,90,2
3100,1145,6/18/2025,cash,110,3
3101,1146,4/17/2025,cash,100,1
3102,1146,5/15/2025,food,100,2
3103,1147,4/14/2025,cash,100,1
3104,1147,5/12/2025,food,110,2
3105,1147,6/12/2025,cash,110,3
3106,1148,4/18/2025,food,100,1
3107,1148,5/11/2025,cash,110,2
3108,1148,6/17/2025,cash,100,3
3109,1149,5/10/2025,cash,110,2
3110,1149,6/20/2025,cash,90,3
3111,1150,4/19/2025,cash,100,1
3112,1150,5/18/2025,food,100,2
3113,1150,6/13/2025,food,90,3
3114,1151,4/20/2025,food,110,1
3115,1151,5/10/2025,food,110,2
3116,1151,6/20/2025,food,90,3
3117,1152,4/16/2025,cash,110,1
3118,1152,5/11/2025,cash,110,2
3119,1152,6/13/2025,cash,110,3
3120,1153,5/20/2025,food,100,2
3121,1153,6/16/2025,cash,110,3
3122,1154,4/18/2025,food,110,1
3123,1154,5/18/2025,cash,90,2
3124,1154,6/10/2025,cash,100,3
3125,1155,4/17/2025,cash,100,1
3126,1155,5/15/2025,food,90,2
3127,1155,6/16/2025,cash,100,3
3128,1156,4/15/2025,food,110,1
3129,1156,5/15/2025,cash,110,2
3130,1156,6/10/2025,food,110,3
3131,1157,4/16/2025,cash,100,1
3132,1157,5/14/2025,food,110,2
3133,1157,6/20/2025,food,100,3
3134,1158,4/13/2025,food,110,1
3135,1158,5/15/2025,cash,90,2
3136,1158,6/13/2025,food,110,3
3137,1159,4/20/2025,cash,110,1
3138,1159,6/12/2025,food,90,3
3139,1160,4/18/2025,food,110,1
3140,1160,5/10/2025,food,90,2
3141,1160,6/18/2025,cash,100,3
3142,1161,4/14/2025,cash,110,1
3143,1161,5/11/2025,cash,90,2
3144,1161,6/17/2025,food,110,3
3145,1162,4/15/2025,food,100,1
3146,1162,5/10/2025,food,90,2
3147,1162,6/20/2025,cash,90,3
3148,1163,4/13/2025,cash,100,1
3149,1163,5/16/2025,cash,100,2
3150,1163,6/18/2025,cash,100,3
3151,1164,4/20/2025,food,100,1
3152,1164,5/19/2025,cash,110,2
3153,1164,6/13/2025,cash,110,3
3154,1165,4/10/2025,food,100,1
3155,1165,5/20/2025,cash,110,2
3156,1165,6/18/2025,food,110,3
3157,1166,4/14/2025,food,100,1
3158,1166,5/13/2025,food,110,2
3159,1166,6/17/2025,cash,100,3
3160,1167,4/14/2025,cash,90,1
3161,1167,5/16/2025,cash,90,2
3162,1167,6/14/2025,cash,90,3
3163,1168,4/13/2025,cash,110,1
3164,1168,5/18/2025,food,100,2
3165,1168,6/15/2025,cash,110,3
3166,1169,4/16/2025,food,100,1
3167,1169,5/14/2025,cash,90,2
3168,1169,6/19/2025,cash,110,3
3169,1170,6/18/2025,food,90,3
3170,1171,4/12/2025,food,90,1
3171,1171,5/12/2025,cash,100,2
3172,1171,6/12/2025,cash,90,3
3173,1172,4/20/2025,food,100,1
3174,1172,5/10/2025,food,100,2
3175,1172,6/10/2025,food,110,3
3176,1173,4/14/2025,cash,110,1
3177,1173,5/14/2025,food,90,2
3178,1173,6/20/2025,cash,90,3
3179,1174,4/19/2025,food,90,1
3180,1175,4/14/2025,food,90,1
3181,1175,5/18/2025,food,90,2
3182,1175,6/14/2025,food,90,3
3183,1176,4/15/2025,cash,100,1
3184,1176,5/12/2025,cash,100,2
3185,1176,6/20/2025,cash,90,3
3186,1177,4/11/2025,cash,90,1
3187,1177,5/16/2025,food,90,2
3188,1177,6/13/2025,cash,100,3
3189,1178,4/18/2025,food,100,1
3190,1178,5/12/2025,cash,90,2
3191,1178,6/10/2025,food,90,3
3192,1179,4/16/2025,cash,90,1
3193,1179,5/13/2025,food,110,2
3194,1179,6/10/2025,food,100,3
3195,1180,4/15/2025,cash,90,1
3196,1180,5/13/2025,cash,100,2
3197,1181,4/10/2025,cash,100,1
3198,1181,5/17/2025,cash,90,2
3199,1181,6/10/2025,food,90,3
3200,1182,4/11/2025,cash,110,1
3201,1182,5/19/2025,cash,110,2
3202,1182,6/11/2025,food,100,3
3203,1183,4/11/2025,cash,100,1
3204,1183,5/14/2025,food,90,2
3205,1184,4/12/2025,cash,100,1
3206,1184,5/17/2025,food,100,2
3207,1184,6/10/2025,cash,90,3
3208,1185,4/14/2025,cash,90,1
3209,1185,5/11/2025,food,90,2
3210,1185,6/12/2025,cash,110,3
3211,1186,4/11/2025,cash,110,1
3212,1186,6/10/2025,food,100,3
3213,1187,4/17/2025,food,90,1
3214,1187,5/10/2025,cash,110,2
3215,1187,6/20/2025,food,100,3
3216,1188,4/12/2025,food,100,1
3217,1188,5/17/2025,food,110,2
3218,1188,6/20/2025,cash,100,3
3219,1189,5/15/2025,food,90,2
3220,1189,6/12/2025,cash,90,3
3221,1190,4/11/2025,food,110,1
3222,1190,5/11/2025,cash,100,2
3223,1190,6/16/2025,food,110,3
3224,1191,4/18/2025,food,100,1
3225,1191,5/16/2025,food,90,2
3226,1191,6/16/2025,cash,90,3
3227,1192,4/14/2025,food,100,1
3228,1192,5/18/2025,cash,100,2
3229,1192,6/18/2025,cash,110,3
3230,1193,4/10/2025,food,100,1
3231,1193,5/19/2025,cash,90,2
3232,1193,6/10/2025,cash,100,3
3233,1194,4/18/2025,cash,100,1
3234,1194,5/20/2025,cash,90,2
3235,1194,6/13/2025,food,110,3
3236,1195,4/16/2025,food,100,1
3237,1195,6/12/2025,cash,90,3
3238,1196,4/18/2025,food,100,1
3239,1196,5/12/2025,cash,110,2
3240,1196,6/12/2025,cash,90,3
3241,1197,4/17/2025,cash,90,1
3242,1197,5/15/2025,cash,90,2
3243,1197,6/10/2025,cash,90,3
3244,1198,4/18/2025,food,90,1
3245,1198,5/16/2025,food,90,2
3246,1198,6/19/2025,cash,90,3
3247,1199,4/19/2025,cash,90,1
3248,1199,5/16/2025,cash,90,2
3249,1199,6/11/2025,food,110,3
3250,1200,4/20/2025,cash,90,1
3251,1200,5/17/2025,cash,100,2
3252,1200,6/19/2025,food,110,3
3253,1201,4/10/2025,food,90,1
3254,1201,5/15/2025,food,110,2
3255,1202,6/18/2025,food,100,3
3256,1203,5/10/2025,cash,90,2
3257,1204,4/19/2025,food,110,1
3258,1204,5/16/2025,cash,90,2
3259,1204,6/13/2025,food,90,3
3260,1205,5/11/2025,food,90,2
3261,1205,6/18/2025,food,110,3
3262,1206,4/18/2025,cash,110,1
3263,1206,6/10/2025,cash,110,3
3264,1207,4/20/2025,cash,90,1
3265,1207,5/15/2025,cash,100,2
3266,1207,6/10/2025,food,100,3
3267,1208,4/19/2025,food,100,1
3268,1208,5/14/2025,food,100,2
3269,1208,6/10/2025,cash,90,3
3270,1209,4/14/2025,cash,90,1
3271,1209,5/18/2025,cash,110,2
3272,1209,6/12/2025,cash,110,3
3273,1210,4/14/2025,cash,90,1
3274,1210,6/10/2025,food,110,3
3275,1211,4/17/2025,food,110,1
3276,1211,5/12/2025,food,90,2
3277,1211,6/15/2025,cash,100,3
3278,1212,4/13/2025,food,100,1
3279,1212,5/14/2025,cash,90,2
3280,1212,6/18/2025,cash,110,3
3281,1213,4/11/2025,cash,110,1
3282,1213,5/11/2025,cash,110,2
3283,1214,4/10/2025,food,110,1
3284,1214,5/16/2025,cash,90,2
3285,1214,6/19/2025,cash,90,3
3286,1215,4/16/2025,food,90,1
3287,1215,5/12/2025,cash,110,2
3288,1215,6/11/2025,cash,90,3
3289,1216,4/12/2025,cash,90,1
3290,1216,5/20/2025,food,90,2
3291,1216,6/12/2025,cash,110,3
3292,1217,6/10/2025,food,110,3
3293,1218,4/15/2025,cash,110,1
3294,1218,6/14/2025,food,110,3
3295,1219,4/14/2025,cash,90,1
3296,1219,6/13/2025,food,100,3
3297,1220,4/10/2025,cash,110,1
3298,1220,5/13/2025,cash,100,2
3299,1220,6/20/2025,cash,110,3
3300,1221,4/12/2025,food,90,1
3301,1221,5/16/2025,cash,100,2
3302,1222,4/12/2025,food,90,1
3303,1222,5/12/2025,food,110,2
3304,1223,4/10/2025,food,100,1
3305,1223,5/16/2025,food,110,2
3306,1223,6/12/2025,cash,100,3
3307,1224,6/17/2025,food,110,3
3308,1225,4/14/2025,food,100,1
3309,1225,5/11/2025,cash,110,2
3310,1225,6/13/2025,food,90,3
3311,1226,4/11/2025,food,110,1
3312,1226,5/14/2025,cash,90,2
3313,1226,6/14/2025,cash,100,3
3314,1227,4/16/2025,food,110,1
3315,1227,5/11/2025,cash,90,2
3316,1227,6/20/2025,food,100,3
3317,1228,4/15/2025,cash,100,1
3318,1228,5/12/2025,cash,100,2
3319,1228,6/14/2025,food,110,3
3320,1229,4/11/2025,cash,110,1
3321,1229,5/17/2025,cash,110,2
3322,1229,6/18/2025,cash,100,3
3323,1230,4/20/2025,food,90,1
3324,1230,5/15/2025,food,110,2
3325,1230,6/18/2025,cash,110,3
3326,1231,4/18/2025,food,110,1
3327,1231,5/18/2025,cash,100,2
3328,1231,6/10/2025,food,90,3
3329,1232,4/10/2025,cash,90,1
3330,1232,5/15/2025,food,90,2
3331,1232,6/14/2025,cash,110,3
3332,1233,4/10/2025,cash,110,1
3333,1233,5/14/2025,food,90,2
3334,1233,6/13/2025,food,90,3
3335,1234,4/20/2025,food,90,1
3336,1234,6/10/2025,cash,90,3
3337,1235,4/18/2025,cash,90,1
3338,1235,5/14/2025,cash,90,2
3339,1235,6/17/2025,cash,90,3
3340,1236,4/17/2025,cash,110,1
3341,1236,5/20/2025,food,90,2
3342,1236,6/11/2025,food,90,3
3343,1237,4/15/2025,cash,110,1
3344,1237,5/11/2025,food,110,2
3345,1237,6/18/2025,food,100,3
3346,1238,5/11/2025,cash,100,2
3347,1238,6/15/2025,cash,110,3
3348,1239,4/17/2025,cash,110,1
3349,1239,5/17/2025,cash,100,2
3350,1239,6/17/2025,cash,110,3
3351,1240,4/11/2025,food,90,1
3352,1240,5/18/2025,cash,110,2
3353,1240,6/12/2025,cash,90,3
3354,1241,4/19/2025,food,100,1
3355,1241,5/11/2025,cash,100,2
3356,1241,6/13/2025,cash,100,3
3357,1242,4/18/2025,cash,90,1
3358,1242,5/14/2025,cash,110,2
3359,1242,6/18/2025,food,100,3
3360,1243,4/18/2025,cash,90,1
3361,1243,5/14/2025,food,90,2
3362,1243,6/12/2025,cash,100,3
3363,1244,5/11/2025,food,110,2
3364,1244,6/16/2025,food,110,3
3365,1245,4/17/2025,food,100,1
3366,1245,5/10/2025,food,100,2
3367,1245,6/15/2025,cash,100,3
3368,1246,4/11/2025,cash,110,1
3369,1246,5/15/2025,cash,90,2
3370,1246,6/11/2025,food,100,3
3371,1247,4/16/2025,cash,90,1
3372,1247,5/10/2025,cash,90,2
3373,1247,6/20/2025,food,90,3
3374,1248,4/13/2025,cash,110,1
3375,1248,5/13/2025,cash,100,2
3376,1248,6/14/2025,cash,90,3
3377,1249,4/14/2025,cash,110,1
3378,1249,5/11/2025,cash,100,2
3379,1249,6/10/2025,cash,90,3
3380,1250,4/11/2025,food,100,1
3381,1250,5/18/2025,food,110,2
3382,1250,6/13/2025,cash,110,3
3383,1251,4/19/2025,food,90,1
3384,1251,5/11/2025,cash,90,2
3385,1251,6/11/2025,food,100,3
3386,1252,4/12/2025,food,110,1
3387,1252,5/19/2025,food,90,2
3388,1252,6/13/2025,food,100,3
3389,1253,4/11/2025,cash,110,1
3390,1253,5/17/2025,food,100,2
3391,1253,6/12/2025,cash,110,3
3392,1254,4/19/2025,food,110,1
3393,1254,5/15/2025,food,90,2
3394,1254,6/20/2025,cash,110,3
3395,1255,4/17/2025,cash,90,1
3396,1255,5/10/2025,cash,100,2
3397,1255,6/16/2025,food,100,3
3398,1256,4/17/2025,food,90,1
3399,1256,5/11/2025,food,90,2
3400,1256,6/13/2025,cash,110,3
3401,1257,4/15/2025,food,100,1
3402,1257,5/17/2025,cash,100,2
3403,1257,6/10/2025,cash,90,3
3404,1258,4/14/2025,cash,110,1
3405,1258,5/12/2025,food,100,2
3406,1258,6/14/2025,food,110,3
3407,1259,4/12/2025,food,90,1
3408,1259,5/12/2025,food,100,2
3409,1259,6/16/2025,food,90,3
3410,1260,4/12/2025,food,90,1
3411,1260,5/16/2025,food,90,2
3412,1260,6/20/2025,food,110,3
3413,1261,4/17/2025,cash,110,1
3414,1261,5/15/2025,cash,110,2
3415,1261,6/16/2025,food,100,3
3416,1262,4/15/2025,cash,90,1
3417,1262,5/16/2025,food,110,2
3418,1262,6/20/2025,cash,100,3
3419,1263,4/18/2025,food,110,1
3420,1263,5/12/2025,cash,110,2
3421,1263,6/15/2025,cash,100,3
3422,1264,4/10/2025,cash,100,1
3423,1264,5/16/2025,cash,100,2
3424,1264,6/17/2025,food,100,3
3425,1265,4/15/2025,cash,110,1
3426,1265,5/15/2025,food,100,2
3427,1265,6/17/2025,food,100,3
3428,1266,4/15/2025,food,90,1
3429,1266,5/11/2025,cash,90,2
3430,1266,6/18/2025,food,90,3
3431,1267,4/17/2025,cash,100,1
3432,1267,5/12/2025,food,110,2
3433,1267,6/10/2025,cash,90,3
3434,1268,5/11/2025,cash,90,2
3435,1268,6/15/2025,food,100,3
3436,1269,4/17/2025,cash,100,1
3437,1269,5/14/2025,cash,110,2
3438,1269,6/15/2025,cash,100,3
3439,1270,4/18/2025,food,110,1
3440,1270,5/10/2025,food,90,2
3441,1271,4/19/2025,cash,90,1
3442,1271,5/12/2025,cash,90,2
3443,1271,6/16/2025,cash,90,3
3444,1272,5/12/2025,food,100,2
3445,1272,6/11/2025,cash,100,3
3446,1273,4/11/2025,food,100,1
3447,1273,5/10/2025,cash,90,2
3448,1273,6/13/2025,food,90,3
3449,1274,4/20/2025,cash,90,1
3450,1274,5/13/2025,cash,90,2
3451,1274,6/17/2025,cash,100,3
3452,1275,5/13/2025,cash,100,2
3453,1275,6/14/2025,food,100,3
3454,1276,6/13/2025,cash,110,3
3455,1277,4/15/2025,food,90,1
3456,1277,5/15/2025,food,90,2
3457,1277,6/13/2025,cash,90,3
3458,1278,4/12/2025,food,90,1
3459,1278,5/11/2025,cash,110,2
3460,1278,6/16/2025,cash,100,3
3461,1279,4/14/2025,food,90,1
3462,1279,5/16/2025,food,100,2
3463,1279,6/15/2025,cash,100,3
3464,1280,4/18/2025,food,100,1
3465,1280,6/14/2025,food,90,3
3466,1281,4/10/2025,food,100,1
3467,1281,5/16/2025,food,100,2
3468,1281,6/10/2025,cash,90,3
3469,1282,4/20/2025,cash,110,1
3470,1282,6/19/2025,cash,90,3
3471,1283,4/11/2025,food,100,1
3472,1283,5/13/2025,cash,100,2
3473,1283,6/19/2025,cash,110,3
3474,1284,4/12/2025,food,90,1
3475,1284,5/12/2025,cash,90,2
3476,1284,6/11/2025,cash,90,3
3477,1285,4/20/2025,food,100,1
3478,1285,5/10/2025,cash,110,2
3479,1285,6/13/2025,food,100,3
3480,1286,4/20/2025,cash,90,1
3481,1286,5/19/2025,food,110,2
3482,1286,6/19/2025,cash,90,3
3483,1287,4/12/2025,food,90,1
3484,1287,5/12/2025,food,90,2
3485,1287,6/18/2025,cash,100,3
3486,1288,4/18/2025,cash,90,1
3487,1288,5/14/2025,food,90,2
3488,1288,6/19/2025,cash,100,3
3489,1289,4/19/2025,food,100,1
3490,1289,6/19/2025,cash,90,3
3491,1290,4/13/2025,food,100,1
3492,1290,5/17/2025,food,100,2
3493,1290,6/14/2025,cash,90,3
3494,1291,5/19/2025,food,110,2
3495,1291,6/13/2025,food,100,3
3496,1292,4/11/2025,cash,90,1
3497,1292,5/11/2025,cash,90,2
3498,1292,6/13/2025,food,90,3
3499,1293,5/14/2025,food,100,2
3500,1293,6/18/2025,food,100,3
3501,1294,4/12/2025,cash,110,1
3502,1294,5/17/2025,cash,90,2
3503,1294,6/19/2025,cash,110,3
3504,1295,4/18/2025,food,100,1
3505,1295,5/14/2025,cash,90,2
3506,1295,6/11/2025,cash,100,3
3507,1296,4/15/2025,food,90,1
3508,1296,5/14/2025,cash,110,2
3509,1296,6/11/2025,cash,100,3
3510,1297,4/10/2025,food,100,1
3511,1297,6/12/2025,food,100,3
3512,1298,4/12/2025,food,110,1
3513,1298,5/12/2025,cash,90,2
3514,1298,6/13/2025,food,110,3
3515,1299,4/15/2025,cash,110,1
3516,1299,5/10/2025,food,110,2
3517,1299,6/10/2025,food,100,3
3518,1300,4/19/2025,cash,90,1
3519,1300,5/12/2025,food,100,2
3520,1300,6/19/2025,cash,90,3
3521,1301,4/18/2025,food,100,1
3522,1301,5/18/2025,food,110,2
3523,1301,6/15/2025,cash,110,3
3524,1302,4/15/2025,food,110,1
3525,1302,5/12/2025,food,90,2
3526,1302,6/18/2025,food,100,3
3527,1303,4/20/2025,cash,100,1
3528,1303,5/13/2025,food,110,2
3529,1303,6/19/2025,food,90,3
3530,1304,4/12/2025,cash,100,1
3531,1304,5/11/2025,cash,100,2
3532,1304,6/20/2025,food,90,3
3533,1305,4/14/2025,food,90,1
3534,1305,5/13/2025,food,90,2
3535,1305,6/11/2025,cash,90,3
3536,1306,4/14/2025,cash,100,1
3537,1306,5/12/2025,cash,90,2
3538,1306,6/20/2025,food,100,3
3539,1307,4/17/2025,cash,90,1
3540,1307,5/10/2025,food,100,2
3541,1307,6/10/2025,food,100,3
3542,1308,4/11/2025,food,100,1
3543,1308,5/10/2025,cash,110,2
3544,1308,6/11/2025,cash,90,3
3545,1309,4/13/2025,cash,90,1
3546,1309,5/17/2025,cash,90,2
3547,1310,4/10/2025,cash,100,1
3548,1311,4/17/2025,cash,100,1
3549,1311,5/16/2025,cash,110,2
3550,1311,6/10/2025,food,100,3
3551,1312,4/16/2025,food,90,1
3552,1312,5/15/2025,cash,90,2
3553,1312,6/13/2025,food,90,3
3554,1313,4/16/2025,cash,100,1
3555,1313,5/20/2025,cash,90,2
3556,1313,6/13/2025,cash,100,3
3557,1314,4/20/2025,food,100,1
3558,1314,5/16/2025,food,90,2
3559,1315,4/16/2025,food,100,1
3560,1315,5/14/2025,cash,110,2
3561,1315,6/12/2025,food,100,3
3562,1316,4/16/2025,food,100,1
3563,1316,6/10/2025,food,110,3
3564,1317,4/14/2025,food,90,1
3565,1317,5/10/2025,food,100,2
3566,1317,6/17/2025,food,100,3
3567,1318,4/18/2025,food,90,1
3568,1318,6/17/2025,cash,90,3
3569,1319,4/12/2025,cash,90,1
3570,1319,5/13/2025,food,100,2
3571,1319,6/14/2025,cash,100,3
3572,1320,4/14/2025,food,100,1
3573,1320,5/13/2025,food,110,2
3574,1320,6/19/2025,cash,90,3
3575,1321,4/14/2025,food,110,1
3576,1321,5/12/2025,food,110,2
3577,1321,6/14/2025,food,90,3
3578,1322,4/16/2025,food,90,1
3579,1322,5/10/2025,food,90,2
3580,1322,6/15/2025,food,100,3
3581,1323,4/14/2025,cash,90,1
3582,1323,5/14/2025,cash,100,2
3583,1323,6/19/2025,cash,90,3
3584,1324,4/13/2025,food,110,1
3585,1324,5/20/2025,food,90,2
3586,1324,6/20/2025,food,110,3
3587,1325,4/13/2025,food,110,1
3588,1325,6/14/2025,cash,100,3
3589,1326,4/16/2025,cash,110,1
3590,1326,5/20/2025,food,100,2
3591,1326,6/16/2025,food,90,3
3592,1327,4/16/2025,cash,100,1
3593,1327,5/11/2025,food,110,2
3594,1327,6/11/2025,food,110,3
3595,1328,4/19/2025,cash,90,1
3596,1328,5/17/2025,cash,110,2
3597,1328,6/10/2025,food,100,3
3598,1329,4/17/2025,food,90,1
3599,1329,5/13/2025,food,100,2
3600,1329,6/16/2025,cash,100,3
3601,1330,4/13/2025,cash,100,1
3602,1330,5/16/2025,cash,90,2
3603,1330,6/17/2025,food,110,3
3604,1331,4/16/2025,food,110,1
3605,1331,5/11/2025,cash,90,2
3606,1331,6/16/2025,food,100,3
3607,1332,5/11/2025,cash,110,2
3608,1332,6/20/2025,food,100,3
3609,1333,4/15/2025,cash,100,1
3610,1333,5/13/2025,food,90,2
3611,1333,6/12/2025,food,100,3
3612,1334,4/15/2025,food,90,1
3613,1334,5/20/2025,food,110,2
3614,1334,6/11/2025,food,90,3
3615,1335,4/18/2025,food,110,1
3616,1335,5/18/2025,food,110,2
3617,1335,6/10/2025,food,100,3
3618,1336,4/10/2025,cash,100,1
3619,1336,5/19/2025,cash,100,2
3620,1336,6/19/2025,cash,110,3
3621,1337,4/11/2025,cash,100,1
3622,1337,5/12/2025,food,110,2
3623,1337,6/13/2025,cash,100,3
3624,1338,4/10/2025,food,100,1
3625,1338,5/12/2025,food,110,2
3626,1338,6/10/2025,cash,110,3
3627,1339,4/18/2025,cash,90,1
3628,1339,5/13/2025,food,100,2
3629,1339,6/20/2025,cash,90,3
3630,1340,4/19/2025,food,100,1
3631,1340,5/16/2025,cash,90,2
3632,1340,6/18/2025,food,90,3
3633,1341,4/14/2025,cash,100,1
3634,1341,5/18/2025,food,110,2
3635,1341,6/10/2025,cash,110,3
3636,1342,4/11/2025,food,110,1
3637,1342,5/16/2025,food,110,2
3638,1342,6/10/2025,food,110,3
3639,1343,4/20/2025,food,110,1
3640,1343,5/11/2025,food,110,2
3641,1343,6/10/2025,cash,100,3
3642,1344,4/14/2025,cash,110,1
3643,1344,5/15/2025,cash,90,2
3644,1345,4/11/2025,food,90,1
3645,1346,4/14/2025,cash,100,1
3646,1346,5/13/2025,cash,110,2
3647,1346,6/10/2025,cash,100,3
3648,1347,4/12/2025,cash,110,1
3649,1347,6/20/2025,food,100,3
3650,1348,4/15/2025,cash,110,1
3651,1348,5/17/2025,cash,110,2
3652,1348,6/19/2025,food,110,3
3653,1349,4/20/2025,food,110,1
3654,1349,5/11/2025,food,110,2
3655,1349,6/19/2025,cash,110,3
3656,1350,4/16/2025,cash,90,1
3657,1350,5/16/2025,food,90,2
3658,1350,6/10/2025,cash,90,3
3659,1351,4/11/2025,food,90,1
3660,1351,5/12/2025,food,90,2
3661,1351,6/14/2025,food,100,3
3662,1352,4/19/2025,food,110,1
3663,1352,5/20/2025,food,100,2
3664,1353,4/17/2025,cash,90,1
3665,1353,5/14/2025,cash,100,2
3666,1353,6/15/2025,cash,100,3
3667,1354,4/19/2025,cash,90,1
3668,1354,6/13/2025,cash,90,3
3669,1355,4/14/2025,food,100,1
3670,1355,5/10/2025,cash,110,2
3671,1355,6/17/2025,cash,90,3
3672,1356,5/16/2025,food,90,2
3673,1356,6/14/2025,cash,100,3
3674,1357,4/16/2025,food,110,1
3675,1357,5/18/2025,food,100,2
3676,1357,6/14/2025,cash,90,3
3677,1358,4/14/2025,cash,90,1
3678,1358,5/19/2025,food,100,2
3679,1358,6/15/2025,food,110,3
3680,1359,4/12/2025,cash,90,1
3681,1359,5/10/2025,food,100,2
3682,1359,6/19/2025,food,100,3
3683,1360,4/12/2025,food,110,1
3684,1360,5/17/2025,cash,90,2
3685,1360,6/14/2025,cash,110,3
3686,1361,4/12/2025,cash,100,1
3687,1361,5/12/2025,cash,100,2
3688,1361,6/11/2025,food,110,3
3689,1362,4/12/2025,cash,100,1
3690,1362,5/19/2025,cash,110,2
3691,1363,4/18/2025,cash,90,1
3692,1363,5/18/2025,food,100,2
3693,1363,6/17/2025,food,100,3
3694,1364,4/15/2025,food,90,1
3695,1364,5/13/2025,food,110,2
3696,1364,6/18/2025,food,110,3
3697,1365,4/11/2025,food,90,1
3698,1365,5/13/2025,cash,90,2
3699,1366,4/10/2025,cash,90,1
3700,1366,5/10/2025,food,100,2
3701,1366,6/19/2025,cash,100,3
3702,1367,4/20/2025,cash,90,1
3703,1367,5/19/2025,cash,90,2
3704,1367,6/10/2025,cash,110,3
3705,1368,4/17/2025,food,90,1
3706,1368,6/17/2025,cash,90,3
3707,1369,4/18/2025,food,110,1
3708,1369,5/20/2025,food,100,2
3709,1369,6/20/2025,cash,100,3
3710,1370,5/20/2025,cash,90,2
3711,1370,6/13/2025,food,90,3
3712,1371,4/17/2025,food,100,1
3713,1371,5/11/2025,food,110,2
3714,1372,4/19/2025,cash,110,1
3715,1372,6/18/2025,cash,90,3
3716,1373,4/20/2025,food,90,1
3717,1373,5/10/2025,food,110,2
3718,1373,6/11/2025,food,110,3
3719,1374,4/17/2025,cash,110,1
3720,1374,6/14/2025,cash,100,3
3721,1375,4/14/2025,food,100,1
3722,1375,5/12/2025,food,90,2
3723,1376,4/17/2025,food,100,1
3724,1376,5/10/2025,food,100,2
3725,1376,6/20/2025,cash,90,3
3726,1377,4/15/2025,cash,90,1
3727,1377,5/19/2025,cash,90,2
3728,1377,6/15/2025,cash,110,3
3729,1378,4/17/2025,cash,90,1
3730,1378,5/13/2025,food,110,2
3731,1378,6/14/2025,food,100,3
3732,1379,4/14/2025,cash,100,1
3733,1379,5/10/2025,food,110,2
3734,1380,4/12/2025,cash,100,1
3735,1381,4/17/2025,food,100,1
3736,1381,5/19/2025,cash,100,2
3737,1381,6/18/2025,food,90,3
3738,1382,4/13/2025,cash,110,1
3739,1382,5/11/2025,food,100,2
3740,1382,6/14/2025,cash,110,3
3741,1383,4/18/2025,food,110,1
3742,1383,5/15/2025,cash,110,2
3743,1383,6/11/2025,food,100,3
3744,1384,4/19/2025,food,110,1
3745,1384,5/19/2025,cash,100,2
3746,1384,6/17/2025,food,90,3
3747,1385,4/10/2025,cash,90,1
3748,1385,5/15/2025,food,90,2
3749,1385,6/10/2025,cash,110,3
3750,1386,5/12/2025,cash,90,2
3751,1386,6/10/2025,cash,110,3
3752,1387,4/12/2025,cash,90,1
3753,1387,5/18/2025,food,110,2
3754,1388,4/10/2025,food,110,1
3755,1388,5/12/2025,food,100,2
3756,1388,6/15/2025,cash,100,3
3757,1389,4/16/2025,cash,90,1
3758,1389,5/15/2025,food,90,2
3759,1389,6/13/2025,food,100,3
3760,1390,4/10/2025,cash,100,1
3761,1390,5/18/2025,food,90,2
3762,1390,6/10/2025,cash,110,3
3763,1391,4/11/2025,food,90,1
3764,1391,5/13/2025,cash,100,2
3765,1391,6/11/2025,food,110,3
3766,1392,4/15/2025,cash,100,1
3767,1392,5/16/2025,cash,90,2
3768,1392,6/11/2025,food,90,3
3769,1393,4/17/2025,cash,90,1
3770,1393,5/13/2025,food,110,2
3771,1393,6/17/2025,food,100,3
3772,1394,4/14/2025,food,110,1
3773,1394,5/10/2025,cash,110,2
3774,1394,6/11/2025,food,90,3
3775,1395,4/11/2025,food,110,1
3776,1395,5/14/2025,food,100,2
3777,1395,6/16/2025,cash,100,3
3778,1396,4/15/2025,food,90,1
3779,1396,5/10/2025,cash,110,2
3780,1396,6/18/2025,food,90,3
3781,1397,4/17/2025,food,90,1
3782,1397,5/16/2025,food,90,2
3783,1397,6/10/2025,food,90,3
3784,1398,4/16/2025,cash,100,1
3785,1398,5/15/2025,cash,90,2
3786,1398,6/20/2025,cash,110,3
3787,1399,4/14/2025,cash,110,1
3788,1399,5/11/2025,cash,90,2
3789,1399,6/19/2025,cash,90,3
3790,1400,4/13/2025,cash,90,1
3791,1400,5/10/2025,food,100,2
3792,1400,6/13/2025,food,100,3
3793,1401,4/19/2025,food,90,1
3794,1401,5/19/2025,cash,100,2
3795,1401,6/19/2025,food,90,3
3796,1402,4/17/2025,food,100,1
3797,1402,6/14/2025,food,110,3
3798,1403,4/12/2025,cash,100,1
3799,1403,5/18/2025,food,110,2
3800,1403,6/15/2025,cash,110,3
3801,1404,4/18/2025,cash,110,1
3802,1404,5/18/2025,food,100,2
3803,1404,6/18/2025,cash,100,3
3804,1405,4/14/2025,food,100,1
3805,1405,6/12/2025,food,90,3
3806,1406,4/19/2025,food,90,1
3807,1406,5/16/2025,food,90,2
3808,1406,6/16/2025,cash,100,3
3809,1407,4/14/2025,food,90,1
3810,1407,5/14/2025,food,110,2
3811,1407,6/16/2025,food,90,3
3812,1408,4/15/2025,cash,100,1
3813,1408,5/10/2025,cash,100,2
3814,1409,4/11/2025,food,90,1
3815,1409,5/20/2025,cash,100,2
3816,1409,6/11/2025,food,100,3
3817,1410,4/18/2025,food,110,1
3818,1410,5/12/2025,cash,100,2
3819,1410,6/13/2025,cash,110,3
3820,1411,4/17/2025,food,90,1
3821,1411,5/14/2025,food,90,2
3822,1411,6/15/2025,food,110,3
3823,1412,4/17/2025,cash,110,1
3824,1412,6/20/2025,food,100,3
3825,1413,6/16/2025,cash,100,3
3826,1414,4/11/2025,cash,90,1
3827,1414,5/19/2025,food,100,2
3828,1414,6/18/2025,food,100,3
3829,1415,4/10/2025,food,110,1
3830,1415,5/12/2025,cash,110,2
3831,1415,6/17/2025,cash,110,3
3832,1416,4/10/2025,cash,110,1
3833,1416,5/10/2025,food,100,2
3834,1416,6/13/2025,cash,90,3
3835,1417,4/19/2025,food,90,1
3836,1417,5/12/2025,cash,110,2
3837,1418,4/14/2025,cash,90,1
3838,1418,5/12/2025,food,90,2
3839,1418,6/16/2025,food,100,3
3840,1419,4/19/2025,cash,100,1
3841,1419,5/17/2025,cash,110,2
3842,1420,4/18/2025,food,110,1
3843,1420,5/12/2025,cash,110,2
3844,1420,6/19/2025,cash,100,3
3845,1421,4/10/2025,cash,100,1
3846,1421,5/13/2025,cash,110,2
3847,1421,6/12/2025,cash,100,3
3848,1422,4/11/2025,cash,110,1
3849,1422,5/20/2025,food,100,2
3850,1422,6/11/2025,food,100,3
3851,1423,4/12/2025,food,90,1
3852,1423,6/16/2025,cash,90,3
3853,1424,4/13/2025,cash,90,1
3854,1424,5/16/2025,food,90,2
3855,1424,6/12/2025,cash,100,3
3856,1425,5/12/2025,cash,100,2
3857,1425,6/17/2025,cash,90,3
3858,1426,5/18/2025,cash,100,2
3859,1426,6/14/2025,food,90,3
3860,1427,5/13/2025,food,90,2
3861,1427,6/10/2025,food,110,3
3862,1428,4/19/2025,food,90,1
3863,1428,5/11/2025,cash,110,2
3864,1428,6/14/2025,cash,90,3
3865,1429,4/14/2025,cash,110,1
3866,1429,5/16/2025,food,100,2
3867,1429,6/16/2025,food,100,3
3868,1430,4/19/2025,cash,100,1
3869,1430,5/10/2025,cash,90,2
3870,1430,6/13/2025,food,110,3
3871,1431,4/16/2025,food,100,1
3872,1431,5/14/2025,food,100,2
3873,1431,6/17/2025,cash,90,3
3874,1432,4/13/2025,food,110,1
3875,1432,5/18/2025,food,110,2
3876,1432,6/14/2025,food,90,3
3877,1433,4/19/2025,food,100,1
3878,1433,5/14/2025,cash,90,2
3879,1433,6/16/2025,food,90,3
3880,1434,4/13/2025,food,100,1
3881,1434,5/11/2025,cash,110,2
3882,1434,6/18/2025,cash,110,3
3883,1435,4/11/2025,food,110,1
3884,1435,5/15/2025,cash,100,2
3885,1435,6/11/2025,cash,110,3
3886,1436,4/12/2025,cash,90,1
3887,1436,5/18/2025,food,100,2
3888,1436,6/20/2025,cash,100,3
3889,1437,4/17/2025,food,90,1
3890,1437,5/18/2025,cash,90,2
3891,1437,6/18/2025,food,90,3
3892,1438,4/18/2025,food,90,1
3893,1438,5/10/2025,food,110,2
3894,1438,6/13/2025,food,110,3
3895,1439,4/16/2025,food,100,1
3896,1439,5/19/2025,food,100,2
3897,1439,6/20/2025,food,110,3
3898,1440,4/17/2025,food,110,1
3899,1440,5/16/2025,cash,110,2
3900,1440,6/10/2025,food,90,3
3901,1441,4/11/2025,cash,110,1
3902,1441,5/12/2025,food,90,2
3903,1441,6/12/2025,cash,90,3
3904,1442,4/15/2025,food,110,1
3905,1442,5/18/2025,food,100,2
3906,1442,6/20/2025,food,100,3
3907,1443,4/15/2025,food,100,1
3908,1443,5/12/2025,food,100,2
3909,1443,6/10/2025,cash,90,3
3910,1444,4/17/2025,food,110,1
3911,1444,5/16/2025,cash,100,2
3912,1444,6/15/2025,cash,100,3
3913,1445,4/14/2025,food,90,1
3914,1445,5/14/2025,food,100,2
3915,1445,6/18/2025,food,100,3
3916,1446,4/13/2025,cash,110,1
3917,1446,5/18/2025,food,90,2
3918,1446,6/13/2025,food,100,3
3919,1447,4/11/2025,food,90,1
3920,1447,6/10/2025,food,100,3
3921,1448,4/13/2025,food,90,1
3922,1448,5/15/2025,cash,110,2
3923,1448,6/18/2025,cash,90,3
3924,1449,5/14/2025,cash,90,2
3925,1449,6/19/2025,cash,110,3
3926,1450,4/20/2025,cash,110,1
3927,1450,5/17/2025,food,90,2
3928,1450,6/15/2025,cash,110,3
3929,1451,4/13/2025,food,100,1
3930,1451,5/18/2025,cash,100,2
3931,1451,6/10/2025,food,90,3
3932,1452,4/16/2025,food,100,1
3933,1453,4/15/2025,food,110,1
3934,1453,5/13/2025,food,110,2
3935,1453,6/15/2025,cash,90,3
3936,1454,4/16/2025,cash,90,1
3937,1454,5/14/2025,food,90,2
3938,1454,6/10/2025,cash,90,3
3939,1455,4/18/2025,cash,100,1
3940,1455,5/19/2025,cash,100,2
3941,1455,6/14/2025,cash,90,3
3942,1456,4/19/2025,food,110,1
3943,1456,5/14/2025,food,100,2
3944,1456,6/15/2025,cash,110,3
3945,1457,4/18/2025,food,110,1
3946,1457,5/20/2025,cash,90,2
3947,1457,6/18/2025,cash,110,3
3948,1458,4/20/2025,food,110,1
3949,1458,5/14/2025,cash,110,2
3950,1458,6/13/2025,cash,90,3
3951,1459,5/20/2025,food,110,2
3952,1459,6/19/2025,food,90,3
3953,1460,4/17/2025,food,110,1
3954,1460,5/17/2025,cash,110,2
3955,1460,6/16/2025,cash,110,3
3956,1461,4/20/2025,cash,100,1
3957,1461,5/18/2025,cash,100,2
3958,1461,6/12/2025,food,90,3
3959,1462,4/15/2025,food,110,1
3960,1462,5/19/2025,cash,100,2
3961,1463,4/17/2025,cash,90,1
3962,1463,5/11/2025,food,110,2
3963,1463,6/19/2025,cash,90,3
3964,1464,4/13/2025,food,110,1
3965,1464,5/10/2025,cash,110,2
3966,1464,6/16/2025,food,100,3
3967,1465,4/18/2025,food,90,1
3968,1465,5/18/2025,food,100,2
3969,1466,4/14/2025,cash,110,1
3970,1466,5/16/2025,food,100,2
3971,1466,6/19/2025,cash,110,3
3972,1467,4/20/2025,cash,100,1
3973,1467,5/17/2025,cash,100,2
3974,1467,6/15/2025,food,110,3
3975,1468,4/19/2025,food,100,1
3976,1468,5/19/2025,food,90,2
3977,1468,6/18/2025,cash,110,3
3978,1469,4/18/2025,food,100,1
3979,1469,5/10/2025,cash,90,2
3980,1469,6/16/2025,cash,90,3
3981,1470,4/16/2025,cash,90,1
3982,1470,5/20/2025,cash,110,2
3983,1470,6/11/2025,cash,90,3
3984,1471,5/18/2025,food,110,2
3985,1471,6/11/2025,cash,90,3
3986,1472,4/17/2025,cash,100,1
3987,1472,5/19/2025,cash,90,2
3988,1472,6/19/2025,cash,90,3
3989,1473,4/12/2025,cash,100,1
3990,1473,5/13/2025,cash,100,2
3991,1474,4/16/2025,food,110,1
3992,1475,4/15/2025,cash,100,1
3993,1475,5/17/2025,food,110,2
3994,1475,6/13/2025,cash,100,3
3995,1476,4/17/2025,cash,100,1
3996,1476,5/11/2025,cash,110,2
3997,1476,6/13/2025,cash,100,3
3998,1477,4/20/2025,cash,110,1
3999,1477,5/15/2025,food,110,2
4000,1478,4/20/2025,cash,110,1
4001,1478,5/19/2025,cash,110,2
4002,1478,6/14/2025,food,90,3
4003,1479,4/18/2025,cash,90,1
4004,1479,6/14/2025,food,90,3
4005,1480,4/11/2025,cash,90,1
4006,1480,6/10/2025,cash,100,3
4007,1481,4/17/2025,cash,100,1
4008,1481,5/16/2025,cash,110,2
4009,1481,6/20/2025,food,100,3
4010,1482,4/18/2025,cash,90,1
4011,1482,5/14/2025,food,100,2
4012,1482,6/14/2025,food,100,3
4013,1483,5/14/2025,cash,90,2
4014,1483,6/16/2025,food,100,3
4015,1484,4/11/2025,food,90,1
4016,1484,6/17/2025,cash,100,3
4017,1485,4/13/2025,cash,100,1
4018,1485,5/17/2025,food,100,2
4019,1485,6/12/2025,cash,110,3
4020,1486,4/11/2025,food,110,1
4021,1486,5/13/2025,cash,90,2
4022,1486,6/11/2025,food,110,3
4023,1487,4/20/2025,food,110,1
4024,1487,5/13/2025,cash,90,2
4025,1487,6/16/2025,food,90,3
4026,1488,4/20/2025,food,110,1
4027,1488,5/16/2025,food,90,2
4028,1489,5/16/2025,food,110,2
4029,1489,6/12/2025,cash,100,3
4030,1490,4/19/2025,food,110,1
4031,1490,5/11/2025,food,100,2
4032,1490,6/19/2025,cash,100,3
4033,1491,4/10/2025,food,90,1
4034,1491,6/11/2025,cash,100,3
4035,1492,4/11/2025,food,90,1
4036,1492,5/14/2025,food,110,2
4037,1492,6/10/2025,food,110,3
4038,1493,4/17/2025,food,100,1
4039,1493,5/12/2025,cash,110,2
4040,1493,6/20/2025,cash,90,3
4041,1494,4/10/2025,cash,100,1
4042,1494,6/10/2025,food,110,3
4043,1495,4/11/2025,cash,100,1
4044,1495,5/17/2025,cash,110,2
4045,1495,6/16/2025,food,100,3
4046,1496,5/15/2025,food,90,2
4047,1496,6/10/2025,cash,90,3
4048,1497,4/13/2025,food,110,1
4049,1497,5/10/2025,cash,90,2
4050,1497,6/16/2025,cash,100,3
4051,1498,4/19/2025,cash,90,1
4052,1498,5/17/2025,cash,100,2
4053,1498,6/14/2025,food,100,3
4054,1499,4/14/2025,cash,110,1
4055,1499,5/13/2025,food,90,2
4056,1499,6/16/2025,food,100,3
4057,1500,4/12/2025,food,90,1
4058,1500,5/16/2025,cash,100,2
4059,1500,6/16/2025,cash,90,3
4060,1501,4/15/2025,food,110,1
4061,1501,5/15/2025,cash,110,2
4062,1501,6/20/2025,food,100,3
4063,1502,4/14/2025,cash,100,1
4064,1502,5/10/2025,cash,110,2
4065,1502,6/12/2025,food,100,3
4066,1503,4/13/2025,food,100,1
4067,1503,6/18/2025,food,100,3
4068,1504,4/18/2025,cash,110,1
4069,1504,5/17/2025,cash,90,2
4070,1504,6/15/2025,food,100,3
4071,1505,4/11/2025,food,110,1
4072,1505,5/19/2025,cash,90,2
4073,1505,6/11/2025,food,110,3
4074,1506,4/17/2025,food,110,1
4075,1506,5/13/2025,cash,90,2
4076,1506,6/10/2025,food,90,3
4077,1507,4/14/2025,cash,100,1
4078,1507,5/16/2025,food,90,2
4079,1507,6/10/2025,food,110,3
4080,1508,4/11/2025,food,90,1
4081,1508,5/13/2025,cash,100,2
4082,1508,6/11/2025,food,90,3
4083,1509,4/18/2025,food,90,1
4084,1509,5/10/2025,food,110,2
4085,1509,6/17/2025,cash,90,3
4086,1510,4/16/2025,food,100,1
4087,1510,5/15/2025,food,90,2
4088,1510,6/18/2025,cash,90,3
4089,1511,4/19/2025,cash,90,1
4090,1511,6/15/2025,food,90,3
4091,1512,4/13/2025,cash,100,1
4092,1512,5/12/2025,cash,90,2
4093,1512,6/18/2025,food,100,3
4094,1513,5/15/2025,cash,110,2
4095,1513,6/12/2025,cash,100,3
4096,1514,4/11/2025,food,90,1
4097,1514,5/16/2025,food,90,2
4098,1514,6/11/2025,food,100,3
4099,1515,4/19/2025,cash,90,1
4100,1515,5/16/2025,food,90,2
4101,1515,6/18/2025,cash,90,3
4102,1516,4/12/2025,food,90,1
4103,1516,5/15/2025,cash,110,2
4104,1516,6/20/2025,cash,90,3
4105,1517,4/12/2025,cash,90,1
4106,1517,6/10/2025,cash,90,3
4107,1518,4/14/2025,food,90,1
4108,1518,5/11/2025,cash,90,2
4109,1518,6/15/2025,cash,110,3
4110,1519,4/11/2025,cash,90,1
4111,1519,5/19/2025,food,100,2
4112,1519,6/16/2025,food,100,3
4113,1520,4/14/2025,cash,110,1
4114,1520,5/14/2025,food,100,2
4115,1520,6/12/2025,food,110,3
4116,1521,4/16/2025,cash,100,1
4117,1521,5/10/2025,food,90,2
4118,1521,6/17/2025,food,110,3
4119,1522,5/14/2025,food,90,2
4120,1522,6/13/2025,food,100,3
4121,1523,4/11/2025,food,110,1
4122,1523,5/16/2025,food,100,2
4123,1523,6/19/2025,cash,100,3
4124,1524,4/16/2025,cash,100,1
4125,1524,5/20/2025,cash,110,2
4126,1525,4/11/2025,food,100,1
4127,1525,5/15/2025,cash,90,2
4128,1525,6/19/2025,food,90,3
4129,1526,4/17/2025,food,100,1
4130,1526,5/15/2025,cash,100,2
4131,1526,6/19/2025,food,90,3
4132,1527,4/19/2025,food,110,1
4133,1527,5/14/2025,cash,110,2
4134,1527,6/16/2025,food,110,3
4135,1528,4/11/2025,food,100,1
4136,1528,5/20/2025,food,110,2
4137,1528,6/16/2025,cash,110,3
4138,1529,4/13/2025,food,100,1
4139,1529,5/20/2025,food,100,2
4140,1529,6/18/2025,food,90,3
4141,1530,4/10/2025,food,90,1
4142,1530,5/18/2025,cash,100,2
4143,1530,6/19/2025,cash,110,3
4144,1531,4/18/2025,cash,100,1
4145,1531,5/13/2025,cash,90,2
4146,1531,6/18/2025,cash,110,3
4147,1532,4/10/2025,cash,90,1
4148,1532,5/13/2025,food,90,2
4149,1532,6/17/2025,cash,90,3
4150,1533,5/19/2025,food,100,2
4151,1534,5/12/2025,food,110,2
4152,1534,6/13/2025,cash,90,3
4153,1535,6/13/2025,food,100,3
4154,1536,4/15/2025,food,90,1
4155,1536,5/20/2025,cash,100,2
4156,1536,6/14/2025,food,100,3
4157,1537,4/13/2025,cash,100,1
4158,1537,5/19/2025,food,90,2
4159,1537,6/19/2025,food,110,3
4160,1538,4/11/2025,cash,90,1
4161,1538,5/16/2025,food,110,2
4162,1538,6/19/2025,food,100,3
4163,1539,5/20/2025,cash,90,2
4164,1539,6/19/2025,cash,90,3
4165,1540,4/16/2025,cash,90,1
4166,1540,5/19/2025,cash,90,2
4167,1540,6/13/2025,food,110,3
4168,1541,4/11/2025,cash,90,1
4169,1541,5/14/2025,cash,100,2
4170,1542,4/17/2025,cash,110,1
4171,1542,5/11/2025,food,90,2
4172,1542,6/18/2025,food,90,3
4173,1543,4/11/2025,food,100,1
4174,1543,5/10/2025,cash,100,2
4175,1544,4/16/2025,cash,100,1
4176,1544,5/19/2025,cash,90,2
4177,1544,6/14/2025,cash,90,3
4178,1545,4/18/2025,food,100,1
4179,1545,6/18/2025,cash,110,3
4180,1546,5/19/2025,cash,90,2
4181,1546,6/11/2025,cash,100,3
4182,1547,4/15/2025,food,110,1
4183,1547,5/12/2025,cash,90,2
4184,1547,6/11/2025,food,90,3
4185,1548,4/19/2025,cash,100,1
4186,1548,5/19/2025,cash,90,2
4187,1549,4/11/2025,food,100,1
4188,1549,5/11/2025,food,90,2
4189,1549,6/12/2025,cash,110,3
4190,1550,4/10/2025,cash,100,1
4191,1550,6/10/2025,cash,110,3
4192,1551,4/20/2025,cash,100,1
4193,1551,5/12/2025,food,110,2
4194,1551,6/12/2025,food,110,3
4195,1552,4/19/2025,cash,100,1
4196,1552,5/18/2025,food,100,2
4197,1552,6/16/2025,cash,110,3
4198,1553,4/18/2025,cash,90,1
4199,1553,6/19/2025,cash,110,3
4200,1554,5/19/2025,food,90,2
4201,1554,6/12/2025,cash,100,3
4202,1555,4/10/2025,cash,110,1
4203,1555,5/15/2025,cash,100,2
4204,1555,6/19/2025,food,110,3
4205,1556,4/11/2025,food,110,1
4206,1556,5/15/2025,food,90,2
4207,1557,4/20/2025,food,110,1
4208,1557,5/11/2025,cash,90,2
4209,1557,6/14/2025,food,110,3
4210,1558,4/17/2025,food,110,1
4211,1558,5/15/2025,food,100,2
4212,1558,6/18/2025,cash,90,3
4213,1559,4/11/2025,food,100,1
4214,1559,5/20/2025,food,90,2
4215,1559,6/18/2025,food,90,3
4216,1560,4/12/2025,food,110,1
4217,1560,5/17/2025,cash,100,2
4218,1560,6/20/2025,food,100,3
4219,1561,4/14/2025,food,90,1
4220,1561,5/20/2025,cash,90,2
4221,1561,6/20/2025,food,90,3
4222,1562,4/10/2025,food,110,1
4223,1562,5/16/2025,cash,100,2
4224,1562,6/18/2025,food,90,3
4225,1563,4/10/2025,food,100,1
4226,1563,5/10/2025,food,90,2
4227,1563,6/18/2025,cash,90,3
4228,1564,4/12/2025,cash,110,1
4229,1564,5/11/2025,food,110,2
4230,1564,6/13/2025,cash,110,3
4231,1565,4/12/2025,cash,100,1
4232,1565,5/14/2025,food,100,2
4233,1565,6/18/2025,cash,100,3
4234,1566,5/14/2025,cash,90,2
4235,1566,6/10/2025,food,100,3
4236,1567,4/11/2025,cash,100,1
4237,1567,5/11/2025,cash,90,2
4238,1567,6/10/2025,food,90,3
4239,1568,4/17/2025,cash,90,1
4240,1568,5/18/2025,cash,90,2
4241,1568,6/16/2025,food,90,3
4242,1569,4/20/2025,food,100,1
4243,1569,5/10/2025,food,110,2
4244,1569,6/12/2025,cash,90,3
4245,1570,4/14/2025,cash,110,1
4246,1570,5/15/2025,cash,100,2
4247,1570,6/15/2025,cash,110,3
4248,1571,4/11/2025,food,100,1
4249,1571,5/16/2025,food,100,2
4250,1571,6/20/2025,cash,110,3
4251,1572,4/11/2025,cash,90,1
4252,1572,5/15/2025,food,110,2
4253,1572,6/10/2025,cash,100,3
4254,1573,4/11/2025,cash,90,1
4255,1573,5/20/2025,food,100,2
4256,1574,5/16/2025,cash,100,2
4257,1574,6/18/2025,food,100,3
4258,1575,5/19/2025,food,110,2
4259,1575,6/18/2025,food,90,3
4260,1576,4/10/2025,food,110,1
4261,1576,6/10/2025,food,100,3
4262,1577,4/18/2025,food,90,1
4263,1577,5/10/2025,food,100,2
4264,1577,6/13/2025,cash,100,3
4265,1578,4/15/2025,food,90,1
4266,1578,5/15/2025,cash,100,2
4267,1578,6/13/2025,food,110,3
4268,1579,4/14/2025,cash,90,1
4269,1579,5/20/2025,cash,110,2
4270,1579,6/17/2025,food,110,3
4271,1580,4/20/2025,food,100,1
4272,1580,5/17/2025,food,90,2
4273,1580,6/10/2025,food,110,3
4274,1581,4/12/2025,food,90,1
4275,1581,5/18/2025,cash,90,2
4276,1581,6/17/2025,cash,100,3
4277,1582,4/15/2025,food,90,1
4278,1582,6/11/2025,food,110,3
4279,1583,4/17/2025,food,110,1
4280,1583,6/17/2025,food,90,3
4281,1584,4/12/2025,food,100,1
4282,1584,5/13/2025,cash,110,2
4283,1584,6/15/2025,food,100,3
4284,1585,4/13/2025,cash,100,1
4285,1585,5/12/2025,food,90,2
4286,1585,6/10/2025,cash,110,3
4287,1586,4/12/2025,cash,100,1
4288,1586,5/17/2025,food,90,2
4289,1586,6/12/2025,cash,100,3
4290,1587,4/17/2025,cash,90,1
4291,1587,5/13/2025,cash,100,2
4292,1587,6/13/2025,food,90,3
4293,1588,4/12/2025,food,90,1
4294,1588,6/13/2025,cash,110,3
4295,1589,4/18/2025,food,90,1
4296,1589,5/10/2025,food,90,2
4297,1589,6/10/2025,cash,110,3
4298,1590,4/13/2025,cash,100,1
4299,1590,5/17/2025,food,90,2
4300,1590,6/10/2025,cash,110,3
4301,1591,4/19/2025,food,100,1
4302,1591,5/12/2025,cash,100,2
4303,1591,6/20/2025,food,110,3
4304,1592,4/18/2025,food,100,1
4305,1592,6/17/2025,cash,90,3
4306,1593,4/15/2025,cash,90,1
4307,1593,5/11/2025,food,110,2
4308,1593,6/17/2025,cash,100,3
4309,1594,4/14/2025,food,110,1
4310,1594,5/13/2025,food,90,2
4311,1594,6/11/2025,food,100,3
4312,1595,4/19/2025,cash,90,1
4313,1595,5/17/2025,food,100,2
4314,1595,6/15/2025,cash,100,3
4315,1596,4/17/2025,food,90,1
4316,1596,5/19/2025,cash,110,2
4317,1596,6/20/2025,food,100,3
4318,1597,4/16/2025,cash,110,1
4319,1597,5/12/2025,cash,90,2
4320,1597,6/11/2025,food,100,3
4321,1598,4/20/2025,food,90,1
4322,1598,5/17/2025,food,90,2
4323,1598,6/12/2025,cash,90,3
4324,1599,4/11/2025,food,110,1
4325,1599,5/12/2025,food,110,2
4326,1599,6/14/2025,food,100,3
4327,1600,4/17/2025,cash,90,1
4328,1600,5/12/2025,food,90,2
4329,1600,6/10/2025,cash,100,3
4330,1601,4/13/2025,cash,90,1
4331,1601,5/11/2025,cash,90,2
4332,1601,6/15/2025,food,100,3
4333,1602,4/12/2025,food,110,1
4334,1602,5/11/2025,food,110,2
4335,1602,6/20/2025,food,100,3
4336,1603,4/11/2025,food,90,1
4337,1603,6/11/2025,cash,100,3
4338,1604,4/10/2025,food,100,1
4339,1604,5/16/2025,food,100,2
4340,1604,6/17/2025,cash,100,3
4341,1605,4/12/2025,food,90,1
4342,1605,6/15/2025,cash,90,3
4343,1606,4/15/2025,food,100,1
4344,1606,6/17/2025,food,100,3
4345,1607,4/18/2025,food,110,1
4346,1607,5/12/2025,food,110,2
4347,1607,6/15/2025,cash,90,3
4348,1608,4/20/2025,cash,100,1
4349,1608,5/16/2025,cash,110,2
4350,1608,6/16/2025,food,90,3
4351,1609,4/20/2025,cash,100,1
4352,1609,5/17/2025,food,110,2
4353,1609,6/19/2025,cash,110,3
4354,1610,4/10/2025,food,110,1
4355,1610,5/14/2025,food,90,2
4356,1610,6/19/2025,cash,100,3
4357,1611,4/20/2025,food,90,1
4358,1611,5/13/2025,food,100,2
4359,1611,6/20/2025,cash,100,3
4360,1612,6/17/2025,cash,100,3
4361,1613,4/18/2025,food,110,1
4362,1613,5/17/2025,cash,90,2
4363,1613,6/19/2025,cash,90,3
4364,1614,4/18/2025,cash,90,1
4365,1614,5/20/2025,cash,110,2
4366,1614,6/19/2025,food,100,3
4367,1615,4/16/2025,food,100,1
4368,1615,5/17/2025,cash,100,2
4369,1615,6/20/2025,cash,110,3
4370,1616,4/18/2025,food,90,1
4371,1616,5/11/2025,cash,90,2
4372,1616,6/10/2025,food,110,3
4373,1617,5/14/2025,cash,90,2
4374,1618,4/17/2025,food,90,1
4375,1618,6/18/2025,food,100,3
4376,1619,4/20/2025,cash,110,1
4377,1619,5/10/2025,food,110,2
4378,1619,6/19/2025,food,100,3
4379,1620,4/19/2025,cash,90,1
4380,1620,5/15/2025,food,100,2
4381,1620,6/10/2025,cash,90,3
4382,1621,4/19/2025,food,90,1
4383,1622,4/20/2025,cash,90,1
4384,1622,5/15/2025,food,100,2
4385,1622,6/15/2025,cash,110,3
4386,1623,4/13/2025,cash,100,1
4387,1623,5/11/2025,cash,100,2
4388,1623,6/13/2025,cash,100,3
4389,1624,4/18/2025,food,90,1
4390,1624,5/15/2025,cash,110,2
4391,1624,6/11/2025,food,110,3
4392,1625,4/17/2025,food,100,1
4393,1625,5/18/2025,cash,90,2
4394,1625,6/20/2025,cash,90,3
4395,1626,5/15/2025,food,100,2
4396,1626,6/17/2025,food,110,3
4397,1627,4/11/2025,cash,90,1
4398,1627,5/20/2025,cash,100,2
4399,1627,6/18/2025,cash,100,3
4400,1628,4/16/2025,cash,90,1
4401,1628,5/16/2025,food,110,2
4402,1629,4/19/2025,food,100,1
4403,1629,5/19/2025,cash,110,2
4404,1629,6/16/2025,cash,100,3
4405,1630,4/15/2025,cash,100,1
4406,1630,6/15/2025,cash,100,3
4407,1631,4/18/2025,cash,110,1
4408,1631,5/15/2025,food,110,2
4409,1631,6/15/2025,cash,100,3
4410,1632,6/19/2025,cash,100,3
4411,1633,4/16/2025,cash,90,1
4412,1633,5/17/2025,food,110,2
4413,1633,6/20/2025,food,110,3
4414,1634,4/16/2025,food,110,1
4415,1634,5/13/2025,cash,90,2
4416,1634,6/18/2025,food,90,3
4417,1635,4/17/2025,cash,100,1
4418,1635,5/16/2025,cash,100,2
4419,1635,6/20/2025,food,110,3
4420,1636,4/12/2025,food,90,1
4421,1636,5/15/2025,food,100,2
4422,1636,6/13/2025,cash,110,3
4423,1637,4/13/2025,cash,110,1
4424,1638,4/10/2025,food,90,1
4425,1638,5/12/2025,food,100,2
4426,1638,6/11/2025,cash,110,3
4427,1639,4/15/2025,cash,110,1
4428,1639,5/20/2025,food,90,2
4429,1639,6/19/2025,cash,90,3
4430,1640,4/11/2025,cash,90,1
4431,1640,5/12/2025,food,90,2
4432,1640,6/20/2025,food,100,3
4433,1641,4/20/2025,cash,100,1
4434,1641,5/17/2025,food,100,2
4435,1641,6/19/2025,food,90,3
4436,1642,4/19/2025,food,90,1
4437,1642,5/19/2025,food,100,2
4438,1642,6/16/2025,food,100,3
4439,1643,4/19/2025,food,110,1
4440,1643,5/13/2025,food,100,2
4441,1643,6/19/2025,food,90,3
4442,1644,4/14/2025,cash,110,1
4443,1644,5/15/2025,cash,100,2
4444,1644,6/12/2025,cash,90,3
4445,1645,4/14/2025,cash,110,1
4446,1645,5/17/2025,cash,100,2
4447,1645,6/17/2025,cash,100,3
4448,1646,4/11/2025,food,100,1
4449,1646,5/19/2025,cash,90,2
4450,1647,4/11/2025,cash,90,1
4451,1647,5/12/2025,food,90,2
4452,1647,6/10/2025,cash,100,3
4453,1648,4/19/2025,cash,110,1
4454,1648,5/17/2025,food,110,2
4455,1648,6/18/2025,cash,90,3
4456,1649,4/18/2025,cash,100,1
4457,1649,5/11/2025,cash,90,2
4458,1649,6/16/2025,food,110,3
4459,1650,4/14/2025,food,90,1
4460,1650,6/16/2025,food,100,3
4461,1651,4/13/2025,cash,90,1
4462,1651,5/11/2025,food,110,2
4463,1651,6/20/2025,food,100,3
4464,1652,4/18/2025,cash,100,1
4465,1652,5/15/2025,food,110,2
4466,1653,5/12/2025,food,90,2
4467,1653,6/10/2025,cash,90,3
4468,1654,4/20/2025,cash,90,1
4469,1654,5/16/2025,cash,100,2
4470,1654,6/10/2025,food,100,3
4471,1655,4/12/2025,food,90,1
4472,1655,5/20/2025,cash,110,2
4473,1655,6/20/2025,cash,90,3
4474,1656,4/16/2025,cash,100,1
4475,1656,5/13/2025,cash,90,2
4476,1657,4/10/2025,cash,110,1
4477,1657,5/19/2025,cash,90,2
4478,1657,6/18/2025,cash,110,3
4479,1658,4/14/2025,cash,90,1
4480,1658,5/13/2025,food,110,2
4481,1659,4/18/2025,cash,110,1
4482,1659,5/19/2025,cash,90,2
4483,1660,4/20/2025,food,100,1
4484,1660,5/13/2025,food,100,2
4485,1660,6/20/2025,cash,110,3
4486,1661,4/11/2025,cash,90,1
4487,1661,5/16/2025,cash,100,2
4488,1661,6/19/2025,food,100,3
4489,1662,4/14/2025,food,90,1
4490,1662,5/13/2025,cash,90,2
4491,1662,6/15/2025,cash,110,3
4492,1663,4/13/2025,cash,110,1
4493,1663,5/13/2025,food,110,2
4494,1663,6/12/2025,cash,110,3
4495,1664,4/11/2025,food,90,1
4496,1664,5/19/2025,cash,100,2
4497,1665,4/15/2025,cash,110,1
4498,1665,5/17/2025,food,100,2
4499,1665,6/11/2025,food,100,3
4500,1666,4/12/2025,cash,100,1
4501,1666,6/18/2025,food,90,3
4502,1667,4/20/2025,food,110,1
4503,1667,5/16/2025,cash,110,2
4504,1667,6/16/2025,food,100,3
4505,1668,4/18/2025,cash,110,1
4506,1668,5/13/2025,food,110,2
4507,1668,6/16/2025,food,90,3
4508,1669,4/20/2025,cash,100,1
4509,1669,5/19/2025,cash,100,2
4510,1669,6/11/2025,cash,100,3
4511,1670,4/17/2025,food,100,1
4512,1670,5/15/2025,food,100,2
4513,1670,6/18/2025,cash,110,3
4514,1671,4/18/2025,cash,100,1
4515,1671,5/11/2025,food,90,2
4516,1671,6/11/2025,food,100,3
4517,1672,4/19/2025,cash,110,1
4518,1672,5/12/2025,food,100,2
4519,1672,6/11/2025,food,90,3
4520,1673,4/14/2025,food,90,1
4521,1673,5/20/2025,food,90,2
4522,1673,6/19/2025,cash,100,3
4523,1674,4/20/2025,cash,110,1
4524,1674,6/17/2025,food,110,3
4525,1675,4/10/2025,cash,110,1
4526,1675,5/12/2025,cash,90,2
4527,1675,6/12/2025,food,110,3
4528,1676,4/20/2025,food,110,1
4529,1676,5/14/2025,cash,110,2
4530,1676,6/10/2025,food,110,3
4531,1677,4/15/2025,cash,90,1
4532,1677,5/13/2025,food,110,2
4533,1677,6/11/2025,cash,100,3
4534,1678,4/10/2025,cash,100,1
4535,1678,5/10/2025,cash,100,2
4536,1678,6/16/2025,food,90,3
4537,1679,4/19/2025,food,100,1
4538,1679,5/20/2025,food,90,2
4539,1679,6/15/2025,food,110,3
4540,1680,4/20/2025,food,100,1
4541,1680,5/20/2025,food,100,2
4542,1680,6/17/2025,food,90,3
4543,1681,4/18/2025,food,90,1
4544,1681,5/14/2025,food,100,2
4545,1681,6/15/2025,cash,100,3
4546,1682,4/16/2025,food,100,1
4547,1682,6/20/2025,food,110,3
4548,1683,4/14/2025,cash,110,1
4549,1683,6/18/2025,food,110,3
4550,1684,4/16/2025,food,90,1
4551,1684,5/16/2025,food,110,2
4552,1684,6/12/2025,cash,110,3
4553,1685,4/17/2025,food,110,1
4554,1685,5/18/2025,food,90,2
4555,1685,6/20/2025,food,110,3
4556,1686,4/20/2025,food,100,1
4557,1686,5/16/2025,food,110,2
4558,1686,6/10/2025,food,100,3
4559,1687,4/15/2025,cash,110,1
4560,1687,5/14/2025,food,100,2
4561,1687,6/10/2025,cash,100,3
4562,1688,4/12/2025,cash,110,1
4563,1688,5/17/2025,food,90,2
4564,1689,4/12/2025,food,100,1
4565,1689,5/15/2025,cash,90,2
4566,1689,6/10/2025,cash,100,3
4567,1690,4/18/2025,food,90,1
4568,1690,5/20/2025,cash,110,2
4569,1690,6/10/2025,food,100,3
4570,1691,4/12/2025,cash,100,1
4571,1691,5/13/2025,cash,90,2
4572,1692,4/20/2025,cash,90,1
4573,1692,5/19/2025,food,90,2
4574,1692,6/11/2025,cash,90,3
4575,1693,4/15/2025,cash,100,1
4576,1693,6/15/2025,cash,100,3
4577,1694,4/12/2025,food,110,1
4578,1694,5/12/2025,food,90,2
4579,1694,6/18/2025,food,100,3
4580,1695,4/13/2025,food,100,1
4581,1695,5/11/2025,food,110,2
4582,1695,6/10/2025,cash,110,3
4583,1696,4/11/2025,cash,100,1
4584,1696,5/14/2025,food,100,2
4585,1696,6/20/2025,cash,110,3
4586,1697,4/10/2025,food,90,1
4587,1697,5/18/2025,cash,100,2
4588,1697,6/13/2025,food,100,3
4589,1698,4/12/2025,cash,110,1
4590,1698,5/17/2025,food,100,2
4591,1698,6/12/2025,food,100,3
4592,1699,4/12/2025,food,90,1
4593,1699,5/18/2025,cash,110,2
4594,1700,4/16/2025,cash,90,1
4595,1700,5/10/2025,food,110,2
4596,1700,6/19/2025,food,90,3
4597,1701,4/13/2025,food,90,1
4598,1701,5/17/2025,cash,100,2
4599,1701,6/15/2025,cash,90,3
4600,1702,5/16/2025,food,90,2
4601,1702,6/11/2025,cash,90,3
4602,1703,4/13/2025,cash,100,1
4603,1703,5/11/2025,food,110,2
4604,1703,6/12/2025,food,110,3
4605,1704,4/16/2025,food,100,1
4606,1704,5/20/2025,cash,110,2
4607,1704,6/13/2025,cash,90,3
4608,1705,4/17/2025,food,100,1
4609,1705,5/17/2025,cash,110,2
4610,1705,6/11/2025,food,100,3
4611,1706,4/14/2025,food,90,1
4612,1706,5/18/2025,cash,110,2
4613,1706,6/16/2025,food,90,3
4614,1707,5/10/2025,cash,110,2
4615,1708,4/11/2025,cash,100,1
4616,1708,5/12/2025,cash,110,2
4617,1709,4/16/2025,food,90,1
4618,1709,6/12/2025,cash,100,3
4619,1710,4/19/2025,cash,110,1
4620,1710,5/18/2025,food,90,2
4621,1710,6/12/2025,cash,90,3
4622,1711,4/13/2025,food,110,1
4623,1711,5/15/2025,food,90,2
4624,1711,6/16/2025,food,90,3
4625,1712,4/15/2025,cash,110,1
4626,1712,5/17/2025,food,90,2
4627,1712,6/14/2025,food,110,3
4628,1713,4/11/2025,food,90,1
4629,1713,5/14/2025,food,90,2
4630,1713,6/12/2025,cash,90,3
4631,1714,4/16/2025,cash,110,1
4632,1714,5/19/2025,cash,90,2
4633,1714,6/14/2025,food,90,3
4634,1715,4/15/2025,food,100,1
4635,1715,5/10/2025,cash,110,2
4636,1715,6/14/2025,cash,110,3
4637,1716,4/13/2025,food,100,1
4638,1716,5/17/2025,food,100,2
4639,1716,6/18/2025,cash,90,3
4640,1717,4/18/2025,cash,90,1
4641,1717,5/13/2025,cash,100,2
4642,1717,6/10/2025,food,90,3
4643,1718,4/14/2025,food,90,1
4644,1718,5/14/2025,cash,90,2
4645,1718,6/13/2025,cash,100,3
4646,1719,4/12/2025,cash,110,1
4647,1719,5/20/2025,cash,110,2
4648,1719,6/11/2025,food,90,3
4649,1720,4/10/2025,cash,110,1
4650,1720,5/20/2025,cash,110,2
4651,1721,4/13/2025,food,110,1
4652,1721,5/18/2025,food,110,2
4653,1721,6/17/2025,cash,90,3
4654,1722,4/15/2025,cash,90,1
4655,1722,5/11/2025,cash,100,2
4656,1723,4/16/2025,cash,100,1
4657,1723,5/10/2025,food,90,2
4658,1723,6/17/2025,cash,110,3
4659,1724,4/11/2025,cash,110,1
4660,1724,5/20/2025,food,100,2
4661,1724,6/15/2025,food,110,3
4662,1725,4/19/2025,food,100,1
4663,1725,5/11/2025,cash,100,2
4664,1725,6/11/2025,cash,100,3
4665,1726,4/20/2025,cash,110,1
4666,1726,5/18/2025,food,90,2
4667,1726,6/13/2025,food,100,3
4668,1727,4/16/2025,food,100,1
4669,1727,5/10/2025,food,100,2
4670,1727,6/17/2025,cash,90,3
4671,1728,4/18/2025,food,110,1
4672,1728,5/10/2025,cash,110,2
4673,1728,6/20/2025,food,110,3
4674,1729,4/11/2025,food,100,1
4675,1729,5/16/2025,cash,100,2
4676,1729,6/13/2025,cash,100,3
4677,1730,5/17/2025,food,90,2
4678,1730,6/12/2025,cash,100,3
4679,1731,4/18/2025,cash,90,1
4680,1731,5/18/2025,food,90,2
4681,1731,6/16/2025,food,100,3
4682,1732,4/14/2025,food,100,1
4683,1732,5/19/2025,food,110,2
4684,1732,6/17/2025,cash,90,3
4685,1733,4/18/2025,cash,90,1
4686,1733,5/18/2025,cash,100,2
4687,1733,6/20/2025,cash,100,3
4688,1734,4/11/2025,food,110,1
4689,1734,6/12/2025,cash,110,3
4690,1735,4/17/2025,cash,100,1
4691,1735,5/13/2025,food,90,2
4692,1735,6/14/2025,cash,100,3
4693,1736,4/20/2025,cash,110,1
4694,1736,5/18/2025,food,90,2
4695,1736,6/12/2025,food,100,3
4696,1737,4/13/2025,cash,90,1
4697,1737,5/17/2025,food,110,2
4698,1737,6/17/2025,food,110,3
4699,1738,4/19/2025,food,110,1
4700,1738,5/14/2025,food,110,2
4701,1738,6/15/2025,cash,90,3
4702,1739,4/11/2025,cash,100,1
4703,1739,5/16/2025,food,100,2
4704,1739,6/11/2025,cash,90,3
4705,1740,4/17/2025,cash,110,1
4706,1740,5/15/2025,food,90,2
4707,1740,6/16/2025,cash,90,3
4708,1741,4/17/2025,food,100,1
4709,1741,5/12/2025,food,90,2
4710,1741,6/14/2025,food,90,3
4711,1742,4/18/2025,cash,90,1
4712,1742,5/13/2025,cash,100,2
4713,1742,6/12/2025,cash,90,3
4714,1743,4/20/2025,cash,100,1
4715,1743,5/17/2025,food,90,2
4716,1743,6/12/2025,cash,100,3
4717,1744,4/13/2025,food,90,1
4718,1744,5/13/2025,cash,100,2
4719,1744,6/18/2025,food,100,3
4720,1745,4/10/2025,food,110,1
4721,1745,5/10/2025,cash,100,2
4722,1745,6/19/2025,food,110,3
4723,1746,4/18/2025,food,110,1
4724,1746,5/16/2025,cash,110,2
4725,1746,6/19/2025,cash,90,3
4726,1747,4/14/2025,cash,110,1
4727,1747,5/12/2025,food,100,2
4728,1747,6/14/2025,cash,110,3
4729,1748,4/12/2025,food,110,1
4730,1748,5/11/2025,food,100,2
4731,1748,6/12/2025,cash,110,3
4732,1749,5/16/2025,cash,90,2
4733,1749,6/16/2025,cash,110,3
4734,1750,4/15/2025,food,90,1
4735,1750,5/18/2025,food,100,2
4736,1750,6/15/2025,food,90,3
4737,1751,4/19/2025,cash,90,1
4738,1751,5/17/2025,food,110,2
4739,1751,6/15/2025,cash,110,3
4740,1752,4/20/2025,food,100,1
4741,1752,5/19/2025,food,90,2
4742,1752,6/10/2025,cash,110,3
4743,1753,4/17/2025,cash,100,1
4744,1753,5/11/2025,food,100,2
4745,1753,6/11/2025,cash,90,3
4746,1754,5/16/2025,food,90,2
4747,1754,6/12/2025,cash,100,3
4748,1755,4/14/2025,cash,110,1
4749,1755,6/20/2025,cash,110,3
4750,1756,4/14/2025,cash,110,1
4751,1756,5/13/2025,cash,100,2
4752,1756,6/13/2025,cash,110,3
4753,1757,4/15/2025,food,90,1
4754,1757,5/18/2025,cash,110,2
4755,1757,6/14/2025,food,90,3
4756,1758,4/18/2025,food,90,1
4757,1758,5/20/2025,cash,90,2
4758,1758,6/13/2025,food,90,3
4759,1759,4/14/2025,food,100,1
4760,1759,5/11/2025,cash,110,2
4761,1759,6/16/2025,cash,100,3
4762,1760,4/14/2025,cash,110,1
4763,1760,5/14/2025,cash,100,2
4764,1760,6/13/2025,cash,90,3
4765,1761,4/15/2025,food,110,1
4766,1761,5/15/2025,cash,110,2
4767,1761,6/10/2025,cash,100,3
4768,1762,4/20/2025,cash,90,1
4769,1762,5/15/2025,food,100,2
4770,1762,6/12/2025,cash,90,3
4771,1763,4/12/2025,cash,100,1
4772,1763,5/16/2025,food,110,2
4773,1763,6/16/2025,cash,90,3
4774,1764,4/13/2025,cash,110,1
4775,1764,5/19/2025,food,90,2
4776,1764,6/20/2025,cash,110,3
4777,1765,4/19/2025,cash,100,1
4778,1765,5/20/2025,cash,100,2
4779,1765,6/16/2025,cash,110,3
4780,1766,4/14/2025,food,90,1
4781,1766,5/14/2025,cash,90,2
4782,1766,6/17/2025,food,90,3
4783,1767,5/16/2025,food,110,2
4784,1767,6/10/2025,food,100,3
4785,1768,4/12/2025,food,90,1
4786,1768,5/12/2025,food,110,2
4787,1769,4/15/2025,cash,100,1
4788,1769,5/15/2025,cash,110,2
4789,1769,6/12/2025,food,110,3
4790,1770,4/17/2025,cash,90,1
4791,1770,5/19/2025,food,100,2
4792,1770,6/15/2025,cash,100,3
4793,1771,4/10/2025,food,100,1
4794,1771,5/18/2025,cash,90,2
4795,1771,6/19/2025,food,100,3
4796,1772,4/18/2025,food,90,1
4797,1773,4/19/2025,food,110,1
4798,1773,5/16/2025,food,100,2
4799,1773,6/19/2025,food,100,3
4800,1774,4/11/2025,food,110,1
4801,1774,5/20/2025,cash,100,2
4802,1774,6/11/2025,food,110,3
4803,1775,4/11/2025,cash,90,1
4804,1775,6/18/2025,food,110,3
4805,1776,5/15/2025,food,100,2
4806,1776,6/16/2025,food,110,3
4807,1777,4/20/2025,food,90,1
4808,1777,5/18/2025,food,90,2
4809,1777,6/16/2025,food,110,3
4810,1778,4/19/2025,cash,90,1
4811,1778,5/13/2025,food,110,2
4812,1778,6/16/2025,food,90,3
4813,1779,4/14/2025,food,90,1
4814,1779,5/16/2025,food,110,2
4815,1779,6/13/2025,food,100,3
4816,1780,4/12/2025,food,90,1
4817,1780,5/16/2025,cash,100,2
4818,1780,6/18/2025,cash,100,3
4819,1781,4/11/2025,food,90,1
4820,1781,5/15/2025,cash,110,2
4821,1781,6/18/2025,food,110,3
4822,1782,5/12/2025,food,100,2
4823,1782,6/11/2025,food,90,3
4824,1783,4/14/2025,cash,110,1
4825,1783,5/18/2025,cash,110,2
4826,1783,6/15/2025,food,90,3
4827,1784,4/11/2025,cash,90,1
4828,1784,5/12/2025,food,110,2
4829,1784,6/19/2025,food,90,3
4830,1785,5/13/2025,cash,100,2
4831,1785,6/18/2025,food,90,3
4832,1786,6/15/2025,food,100,3
4833,1787,4/13/2025,food,100,1
4834,1787,5/10/2025,cash,110,2
4835,1787,6/14/2025,food,110,3
4836,1788,4/20/2025,food,100,1
4837,1788,5/19/2025,food,110,2
4838,1788,6/13/2025,cash,90,3
4839,1789,4/20/2025,cash,90,1
4840,1789,5/17/2025,food,90,2
4841,1789,6/10/2025,food,90,3
4842,1790,4/17/2025,food,100,1
4843,1790,5/17/2025,food,100,2
4844,1790,6/16/2025,cash,100,3
4845,1791,4/16/2025,food,110,1
4846,1791,5/10/2025,food,100,2
4847,1791,6/17/2025,food,110,3
4848,1792,4/14/2025,cash,100,1
4849,1792,5/15/2025,cash,110,2
4850,1792,6/13/2025,food,110,3
4851,1793,4/14/2025,cash,90,1
4852,1793,5/17/2025,food,110,2
4853,1793,6/10/2025,food,90,3
4854,1794,4/17/2025,food,100,1
4855,1794,5/14/2025,food,100,2
4856,1794,6/11/2025,cash,100,3
4857,1795,4/13/2025,cash,90,1
4858,1795,5/10/2025,cash,110,2
4859,1795,6/19/2025,food,110,3
4860,1796,4/16/2025,food,100,1
4861,1796,5/18/2025,cash,90,2
4862,1796,6/14/2025,food,90,3
4863,1797,4/15/2025,food,100,1
4864,1797,5/12/2025,cash,110,2
4865,1797,6/16/2025,food,90,3
4866,1798,4/20/2025,cash,90,1
4867,1798,5/10/2025,cash,90,2
4868,1798,6/13/2025,food,110,3
4869,1799,5/16/2025,cash,90,2
4870,1799,6/19/2025,food,100,3
4871,1800,5/11/2025,food,110,2
4872,1800,6/17/2025,food,100,3
4873,1801,4/14/2025,food,100,1
4874,1801,5/11/2025,food,110,2
4875,1801,6/10/2025,food,110,3
4876,1802,4/19/2025,food,100,1
4877,1802,5/16/2025,cash,110,2
4878,1802,6/15/2025,cash,100,3
4879,1803,4/19/2025,food,90,1
4880,1803,5/19/2025,cash,100,2
4881,1803,6/13/2025,cash,90,3
4882,1804,4/19/2025,cash,100,1
4883,1804,5/14/2025,cash,100,2
4884,1804,6/17/2025,cash,110,3
4885,1805,4/12/2025,cash,90,1
4886,1805,5/15/2025,cash,90,2
4887,1805,6/18/2025,food,100,3
4888,1806,4/17/2025,food,100,1
4889,1806,5/13/2025,cash,100,2
4890,1806,6/18/2025,food,90,3
4891,1807,4/14/2025,food,90,1
4892,1807,5/15/2025,food,100,2
4893,1807,6/20/2025,cash,110,3
4894,1808,4/18/2025,food,110,1
4895,1808,5/15/2025,cash,110,2
4896,1809,4/16/2025,food,100,1
4897,1809,6/17/2025,food,90,3
4898,1810,4/13/2025,food,90,1
4899,1810,5/13/2025,cash,90,2
4900,1810,6/15/2025,cash,100,3
4901,1811,6/18/2025,cash,100,3
4902,1812,4/19/2025,food,110,1
4903,1812,5/11/2025,food,110,2
4904,1812,6/15/2025,cash,110,3
4905,1813,4/20/2025,cash,90,1
4906,1813,6/16/2025,food,100,3
4907,1814,4/11/2025,food,100,1
4908,1814,5/19/2025,cash,90,2
4909,1814,6/11/2025,cash,100,3
4910,1815,4/19/2025,cash,110,1
4911,1815,5/10/2025,cash,90,2
4912,1816,4/14/2025,food,90,1
4913,1816,5/19/2025,cash,100,2
4914,1817,4/19/2025,food,110,1
4915,1817,5/13/2025,cash,110,2
4916,1817,6/11/2025,cash,90,3
4917,1818,4/12/2025,food,90,1
4918,1818,5/11/2025,food,110,2
4919,1818,6/13/2025,cash,90,3
4920,1819,4/20/2025,food,100,1
4921,1819,5/10/2025,cash,100,2
4922,1819,6/13/2025,cash,100,3
4923,1820,4/17/2025,food,110,1
4924,1820,5/11/2025,cash,110,2
4925,1821,4/15/2025,food,110,1
4926,1821,5/15/2025,food,100,2
4927,1821,6/16/2025,cash,110,3
4928,1822,4/15/2025,food,90,1
4929,1822,5/12/2025,cash,90,2
4930,1822,6/19/2025,food,100,3
4931,1823,4/16/2025,food,110,1
4932,1823,5/19/2025,cash,90,2
4933,1823,6/11/2025,food,110,3
4934,1824,4/19/2025,cash,90,1
4935,1824,5/18/2025,cash,90,2
4936,1824,6/12/2025,cash,100,3
4937,1825,4/16/2025,cash,90,1
4938,1825,5/20/2025,food,100,2
4939,1826,4/20/2025,food,110,1
4940,1826,5/16/2025,cash,90,2
4941,1826,6/20/2025,food,100,3
4942,1827,4/11/2025,cash,90,1
4943,1827,5/13/2025,cash,110,2
4944,1827,6/20/2025,food,100,3
4945,1828,4/12/2025,food,90,1
4946,1828,5/12/2025,cash,90,2
4947,1828,6/20/2025,food,100,3
4948,1829,4/19/2025,food,110,1
4949,1829,5/13/2025,food,90,2
4950,1829,6/15/2025,cash,100,3
4951,1830,4/10/2025,food,110,1
4952,1830,6/20/2025,cash,110,3
4953,1832,4/16/2025,cash,100,1
4954,1832,5/12/2025,cash,100,2
4955,1832,6/15/2025,food,100,3
4956,1833,4/16/2025,food,90,1
4957,1833,5/10/2025,food,90,2
4958,1833,6/19/2025,food,100,3
4959,1834,4/14/2025,cash,90,1
4960,1834,5/16/2025,food,110,2
4961,1834,6/16/2025,cash,90,3
4962,1835,4/17/2025,food,110,1
4963,1835,5/15/2025,food,110,2
4964,1836,5/13/2025,cash,90,2
4965,1836,6/10/2025,food,110,3
4966,1837,4/12/2025,cash,90,1
4967,1837,6/13/2025,food,90,3
4968,1838,5/19/2025,food,110,2
4969,1838,6/11/2025,cash,90,3
4970,1839,4/13/2025,food,90,1
4971,1839,5/14/2025,food,110,2
4972,1839,6/12/2025,food,100,3
4973,1840,4/11/2025,food,100,1
4974,1840,5/10/2025,food,90,2
4975,1840,6/12/2025,cash,110,3
4976,1841,4/11/2025,food,100,1
4977,1841,5/10/2025,food,110,2
4978,1841,6/20/2025,food,100,3
4979,1842,4/18/2025,food,110,1
4980,1842,5/16/2025,food,100,2
4981,1842,6/20/2025,cash,110,3
4982,1843,4/15/2025,cash,90,1
4983,1843,5/12/2025,cash,90,2
4984,1843,6/12/2025,cash,100,3
4985,1844,4/16/2025,food,100,1
4986,1844,5/14/2025,food,100,2
4987,1845,4/18/2025,cash,110,1
4988,1845,6/18/2025,cash,100,3
4989,1846,5/19/2025,food,110,2
4990,1846,6/12/2025,cash,90,3
4991,1847,4/13/2025,cash,100,1
4992,1847,5/15/2025,food,110,2
4993,1847,6/18/2025,food,100,3
4994,1848,4/17/2025,food,90,1
4995,1848,6/20/2025,food,110,3
4996,1849,4/12/2025,food,100,1
4997,1849,5/11/2025,cash,110,2
4998,1849,6/16/2025,food,100,3
4999,1850,4/19/2025,food,100,1
5000,1850,5/11/2025,food,110,2
5001,1850,6/11/2025,food,100,3
5002,1851,4/16/2025,cash,110,1
5003,1851,5/10/2025,cash,100,2
5004,1851,6/12/2025,cash,90,3
5005,1852,4/13/2025,cash,90,1
5006,1852,5/15/2025,food,110,2
5007,1852,6/12/2025,food,90,3
5008,1853,4/14/2025,cash,100,1
5009,1853,5/19/2025,cash,100,2
5010,1853,6/18/2025,cash,110,3
5011,1854,4/14/2025,food,110,1
5012,1854,5/11/2025,cash,100,2
5013,1854,6/13/2025,cash,100,3
5014,1855,4/11/2025,food,90,1
5015,1855,5/13/2025,food,110,2
5016,1855,6/17/2025,cash,100,3
5017,1856,4/14/2025,food,90,1
5018,1856,5/19/2025,cash,100,2
5019,1856,6/16/2025,food,100,3
5020,1857,5/16/2025,cash,100,2
5021,1857,6/20/2025,food,110,3
5022,1858,4/14/2025,cash,90,1
5023,1858,5/12/2025,food,100,2
5024,1858,6/20/2025,cash,110,3
5025,1859,4/10/2025,cash,90,1
5026,1859,5/15/2025,food,110,2
5027,1859,6/20/2025,cash,110,3
5028,1860,4/10/2025,food,100,1
5029,1860,5/15/2025,cash,90,2
5030,1861,4/16/2025,food,90,1
5031,1861,6/17/2025,food,100,3
5032,1862,4/10/2025,food,110,1
5033,1862,5/10/2025,food,100,2
5034,1862,6/19/2025,cash,110,3
5035,1863,4/17/2025,food,100,1
5036,1863,5/12/2025,food,100,2
5037,1863,6/14/2025,cash,100,3
5038,1864,4/11/2025,food,100,1
5039,1864,5/12/2025,cash,110,2
5040,1864,6/15/2025,food,100,3
5041,1865,4/16/2025,food,100,1
5042,1865,5/19/2025,cash,100,2
5043,1865,6/15/2025,food,110,3
5044,1866,4/20/2025,cash,110,1
5045,1866,5/13/2025,food,110,2
5046,1866,6/17/2025,cash,100,3
5047,1867,4/19/2025,cash,90,1
5048,1867,5/19/2025,food,110,2
5049,1867,6/10/2025,food,100,3
5050,1868,5/14/2025,cash,100,2
5051,1868,6/19/2025,food,100,3
5052,1869,4/10/2025,cash,90,1
5053,1869,5/15/2025,food,100,2
5054,1869,6/13/2025,food,110,3
5055,1870,5/11/2025,food,110,2
5056,1870,6/12/2025,cash,100,3
5057,1871,5/18/2025,food,100,2
5058,1871,6/13/2025,food,100,3
5059,1872,4/20/2025,food,100,1
5060,1872,5/18/2025,food,110,2
5061,1872,6/13/2025,food,90,3
5062,1873,4/12/2025,food,100,1
5063,1873,5/10/2025,food,100,2
5064,1873,6/14/2025,food,100,3
5065,1874,5/16/2025,food,90,2
5066,1874,6/18/2025,food,110,3
5067,1875,4/13/2025,food,90,1
5068,1875,5/20/2025,food,100,2
5069,1875,6/10/2025,food,90,3
5070,1876,4/19/2025,food,110,1
5071,1876,5/14/2025,food,110,2
5072,1876,6/13/2025,food,90,3
5073,1877,4/15/2025,food,90,1
5074,1877,5/13/2025,food,100,2
5075,1877,6/16/2025,cash,90,3
5076,1878,4/13/2025,food,90,1
5077,1878,5/17/2025,food,110,2
5078,1878,6/20/2025,cash,90,3
5079,1879,4/10/2025,food,100,1
5080,1879,5/20/2025,food,110,2
5081,1879,6/18/2025,food,110,3
5082,1880,4/18/2025,food,100,1
5083,1880,5/16/2025,cash,90,2
5084,1880,6/15/2025,cash,110,3
5085,1881,4/19/2025,food,100,1
5086,1881,5/13/2025,food,90,2
5087,1881,6/17/2025,cash,100,3
5088,1882,4/15/2025,food,90,1
5089,1882,5/17/2025,cash,90,2
5090,1882,6/13/2025,food,90,3
5091,1883,5/15/2025,cash,90,2
5092,1883,6/11/2025,food,90,3
5093,1884,4/17/2025,food,90,1
5094,1884,5/14/2025,cash,100,2
5095,1884,6/20/2025,cash,100,3
5096,1885,4/19/2025,food,100,1
5097,1885,5/11/2025,food,110,2
5098,1886,4/20/2025,cash,110,1
5099,1886,5/17/2025,cash,100,2
5100,1886,6/16/2025,food,110,3
5101,1887,4/16/2025,cash,110,1
5102,1887,5/15/2025,cash,110,2
5103,1887,6/17/2025,food,110,3
5104,1888,4/11/2025,cash,110,1
5105,1888,5/18/2025,food,100,2
5106,1889,4/12/2025,cash,90,1
5107,1889,5/12/2025,cash,100,2
5108,1889,6/12/2025,food,90,3
5109,1890,4/11/2025,cash,110,1
5110,1890,5/20/2025,cash,100,2
5111,1890,6/14/2025,food,100,3
5112,1891,4/14/2025,food,100,1
5113,1891,6/12/2025,food,110,3
5114,1892,4/14/2025,food,90,1
5115,1892,5/11/2025,food,90,2
5116,1892,6/17/2025,cash,110,3
5117,1893,5/12/2025,cash,90,2
5118,1893,6/20/2025,cash,110,3
5119,1894,4/17/2025,food,110,1
5120,1894,5/11/2025,food,100,2
5121,1895,4/20/2025,cash,90,1
5122,1895,5/11/2025,food,110,2
5123,1895,6/13/2025,cash,100,3
5124,1896,4/10/2025,cash,90,1
5125,1896,5/12/2025,cash,100,2
5126,1896,6/10/2025,food,100,3
5127,1897,5/17/2025,cash,110,2
5128,1897,6/16/2025,food,100,3
5129,1898,4/18/2025,cash,100,1
5130,1898,5/19/2025,food,90,2
5131,1898,6/20/2025,food,110,3
5132,1899,4/20/2025,food,90,1
5133,1899,6/10/2025,food,110,3
5134,1900,4/18/2025,food,110,1
5135,1900,5/14/2025,cash,110,2
5136,1900,6/19/2025,cash,90,3
5137,1901,4/20/2025,cash,100,1
5138,1901,5/20/2025,food,100,2
5139,1901,6/16/2025,food,100,3
5140,1902,4/19/2025,cash,100,1
5141,1902,5/20/2025,cash,110,2
5142,1902,6/16/2025,food,110,3
5143,1903,4/19/2025,food,110,1
5144,1903,5/14/2025,cash,100,2
5145,1903,6/11/2025,food,110,3
5146,1904,4/18/2025,cash,110,1
5147,1904,5/18/2025,cash,90,2
5148,1904,6/18/2025,cash,110,3
5149,1905,4/10/2025,food,100,1
5150,1905,5/15/2025,cash,90,2
5151,1905,6/20/2025,food,110,3
5152,1906,4/15/2025,cash,100,1
5153,1906,5/12/2025,cash,90,2
5154,1906,6/10/2025,food,100,3
5155,1907,4/18/2025,cash,90,1
5156,1907,5/19/2025,cash,90,2
5157,1907,6/15/2025,cash,110,3
5158,1908,4/13/2025,cash,90,1
5159,1908,5/17/2025,cash,100,2
5160,1908,6/17/2025,food,100,3
5161,1909,5/13/2025,food,90,2
5162,1909,6/12/2025,cash,100,3
5163,1910,4/11/2025,cash,110,1
5164,1910,5/11/2025,food,100,2
5165,1910,6/20/2025,food,110,3
5166,1911,4/13/2025,food,110,1
5167,1911,5/17/2025,food,90,2
5168,1911,6/10/2025,cash,90,3
5169,1912,4/18/2025,food,90,1
5170,1912,5/14/2025,cash,90,2
5171,1912,6/16/2025,cash,100,3
5172,1913,4/16/2025,food,110,1
5173,1913,5/20/2025,food,90,2
5174,1913,6/16/2025,food,90,3
5175,1914,4/17/2025,food,100,1
5176,1914,5/20/2025,food,90,2
5177,1914,6/14/2025,cash,100,3
5178,1915,4/20/2025,food,110,1
5179,1915,5/13/2025,cash,110,2
5180,1915,6/13/2025,cash,90,3
5181,1916,4/14/2025,food,110,1
5182,1916,5/17/2025,food,100,2
5183,1916,6/14/2025,food,90,3
5184,1917,4/14/2025,food,110,1
5185,1917,5/19/2025,food,110,2
5186,1917,6/17/2025,cash,90,3
5187,1918,4/15/2025,food,90,1
5188,1918,5/14/2025,cash,100,2
5189,1918,6/19/2025,food,110,3
5190,1919,4/14/2025,food,100,1
5191,1919,5/11/2025,cash,90,2
5192,1919,6/19/2025,food,100,3
5193,1920,4/17/2025,food,100,1
5194,1920,5/15/2025,food,100,2
5195,1920,6/18/2025,food,90,3
5196,1921,4/20/2025,cash,100,1
5197,1921,5/14/2025,cash,90,2
5198,1921,6/19/2025,food,110,3
5199,1922,4/15/2025,food,90,1
5200,1922,5/16/2025,cash,110,2
5201,1922,6/16/2025,cash,90,3
5202,1923,4/16/2025,food,90,1
5203,1923,5/17/2025,food,100,2
5204,1923,6/15/2025,food,90,3
5205,1924,4/13/2025,food,90,1
5206,1924,5/17/2025,food,110,2
5207,1924,6/17/2025,cash,110,3
5208,1925,4/10/2025,food,90,1
5209,1925,6/18/2025,food,90,3
5210,1926,4/10/2025,food,110,1
5211,1926,6/12/2025,food,90,3
5212,1927,4/13/2025,cash,90,1
5213,1927,5/13/2025,cash,100,2
5214,1927,6/10/2025,food,110,3
5215,1928,4/16/2025,food,110,1
5216,1928,5/10/2025,food,110,2
5217,1928,6/12/2025,cash,100,3
5218,1929,4/16/2025,food,90,1
5219,1929,5/11/2025,cash,110,2
5220,1929,6/17/2025,cash,90,3
5221,1930,4/14/2025,food,110,1
5222,1930,5/18/2025,food,100,2
5223,1930,6/15/2025,cash,90,3
5224,1931,4/19/2025,cash,100,1
5225,1931,5/15/2025,food,90,2
5226,1931,6/10/2025,food,90,3
5227,1932,5/14/2025,cash,100,2
5228,1932,6/10/2025,food,110,3
5229,1933,4/16/2025,food,110,1
5230,1933,5/20/2025,cash,90,2
5231,1933,6/19/2025,cash,90,3
5232,1934,4/11/2025,food,90,1
5233,1934,6/15/2025,food,100,3
5234,1935,6/20/2025,cash,110,3
5235,1936,4/19/2025,food,90,1
5236,1936,6/13/2025,cash,100,3
5237,1937,4/14/2025,food,100,1
5238,1937,5/11/2025,food,110,2
5239,1937,6/14/2025,food,90,3
5240,1938,4/13/2025,cash,90,1
5241,1938,5/18/2025,cash,100,2
5242,1938,6/15/2025,cash,110,3
5243,1939,4/18/2025,food,100,1
5244,1939,5/11/2025,cash,90,2
5245,1939,6/12/2025,cash,90,3
5246,1940,4/17/2025,food,100,1
5247,1940,5/14/2025,cash,100,2
5248,1940,6/17/2025,cash,110,3
5249,1941,4/11/2025,cash,100,1
5250,1941,5/12/2025,food,100,2
5251,1941,6/10/2025,cash,100,3
5252,1942,4/20/2025,food,100,1
5253,1942,5/10/2025,cash,110,2
5254,1942,6/17/2025,food,100,3
5255,1943,4/13/2025,cash,90,1
5256,1943,5/15/2025,food,90,2
5257,1944,4/13/2025,food,110,1
5258,1944,5/10/2025,food,90,2
5259,1944,6/14/2025,food,100,3
5260,1945,5/12/2025,food,100,2
5261,1945,6/20/2025,food,110,3
5262,1946,4/19/2025,food,90,1
5263,1946,5/10/2025,cash,110,2
5264,1946,6/19/2025,food,110,3
5265,1947,4/19/2025,cash,100,1
5266,1947,5/12/2025,cash,90,2
5267,1947,6/12/2025,food,90,3
5268,1948,4/12/2025,food,90,1
5269,1948,5/19/2025,cash,100,2
5270,1948,6/18/2025,cash,110,3
5271,1949,5/20/2025,food,100,2
5272,1949,6/11/2025,food,90,3
5273,1950,4/20/2025,food,90,1
5274,1950,5/12/2025,cash,100,2
5275,1950,6/17/2025,food,110,3
5276,1951,4/14/2025,cash,100,1
5277,1951,5/17/2025,cash,110,2
5278,1951,6/16/2025,cash,100,3
5279,1952,4/18/2025,cash,110,1
5280,1952,5/14/2025,food,110,2
5281,1952,6/20/2025,food,110,3
5282,1953,4/17/2025,cash,100,1
5283,1953,5/20/2025,food,90,2
5284,1953,6/15/2025,food,110,3
5285,1954,4/18/2025,food,90,1
5286,1954,5/16/2025,food,100,2
5287,1954,6/16/2025,food,90,3
5288,1955,4/20/2025,cash,90,1
5289,1955,5/19/2025,cash,90,2
5290,1955,6/18/2025,cash,110,3
5291,1956,4/14/2025,food,110,1
5292,1956,5/10/2025,cash,110,2
5293,1956,6/14/2025,cash,110,3
5294,1957,4/15/2025,food,90,1
5295,1957,5/12/2025,food,90,2
5296,1957,6/12/2025,cash,100,3
5297,1958,4/12/2025,cash,90,1
5298,1958,5/19/2025,cash,90,2
5299,1958,6/11/2025,food,110,3
5300,1959,6/12/2025,food,90,3
5301,1960,4/11/2025,food,90,1
5302,1960,5/16/2025,food,90,2
5303,1960,6/15/2025,food,110,3
5304,1961,5/10/2025,cash,110,2
5305,1961,6/19/2025,cash,90,3
5306,1962,5/14/2025,food,100,2
5307,1962,6/19/2025,cash,110,3
5308,1963,4/19/2025,food,110,1
5309,1963,5/17/2025,food,90,2
5310,1964,4/19/2025,cash,90,1
5311,1964,5/12/2025,food,100,2
5312,1964,6/13/2025,food,100,3
5313,1965,4/13/2025,cash,110,1
5314,1965,5/19/2025,cash,110,2
5315,1966,4/14/2025,food,100,1
5316,1966,5/20/2025,food,100,2
5317,1966,6/18/2025,food,90,3
5318,1967,4/15/2025,food,100,1
5319,1967,5/10/2025,food,90,2
5320,1967,6/11/2025,food,110,3
5321,1968,4/12/2025,cash,110,1
5322,1968,5/15/2025,food,110,2
5323,1968,6/13/2025,food,90,3
5324,1969,4/16/2025,cash,100,1
5325,1969,5/13/2025,cash,110,2
5326,1969,6/18/2025,food,110,3
5327,1970,4/15/2025,food,90,1
5328,1970,5/18/2025,cash,90,2
5329,1970,6/17/2025,cash,100,3
5330,1971,4/20/2025,cash,90,1
5331,1971,5/13/2025,food,100,2
5332,1971,6/12/2025,cash,100,3
5333,1972,4/14/2025,cash,110,1
5334,1972,5/15/2025,cash,110,2
5335,1972,6/12/2025,cash,90,3
5336,1973,4/10/2025,food,90,1
5337,1973,5/12/2025,cash,90,2
5338,1973,6/10/2025,food,110,3
5339,1974,4/15/2025,food,110,1
5340,1974,5/10/2025,food,110,2
5341,1975,4/12/2025,cash,110,1
5342,1975,5/20/2025,food,100,2
5343,1975,6/11/2025,cash,110,3
5344,1976,4/15/2025,food,90,1
5345,1976,5/13/2025,cash,100,2
5346,1976,6/11/2025,cash,90,3
5347,1977,4/15/2025,cash,100,1
5348,1977,5/13/2025,food,110,2
5349,1978,6/17/2025,cash,100,3
5350,1979,4/15/2025,food,100,1
5351,1979,6/16/2025,food,90,3
5352,1980,4/18/2025,cash,100,1
5353,1980,5/10/2025,food,90,2
5354,1980,6/12/2025,cash,110,3
5355,1981,4/18/2025,food,110,1
5356,1981,5/15/2025,cash,90,2
5357,1981,6/10/2025,food,100,3
5358,1982,5/14/2025,cash,90,2
5359,1982,6/18/2025,food,110,3
5360,1983,4/20/2025,food,110,1
5361,1983,5/11/2025,food,90,2
5362,1983,6/16/2025,cash,110,3
5363,1984,4/19/2025,cash,90,1
5364,1984,5/14/2025,food,110,2
5365,1984,6/10/2025,cash,110,3
5366,1985,4/18/2025,cash,110,1
5367,1985,5/10/2025,food,100,2
5368,1985,6/16/2025,cash,110,3
5369,1986,4/16/2025,food,110,1
5370,1986,5/15/2025,cash,110,2
5371,1986,6/15/2025,food,110,3
5372,1987,4/15/2025,cash,110,1
5373,1987,5/15/2025,food,110,2
5374,1987,6/12/2025,food,100,3
5375,1988,4/10/2025,cash,100,1
5376,1988,6/12/2025,cash,110,3
5377,1989,4/18/2025,cash,110,1
5378,1989,5/14/2025,food,90,2
5379,1989,6/17/2025,cash,100,3
5380,1990,4/10/2025,food,110,1
5381,1990,5/10/2025,cash,90,2
5382,1990,6/19/2025,food,110,3
5383,1991,4/19/2025,food,90,1
5384,1991,5/15/2025,food,110,2
5385,1991,6/16/2025,food,90,3
5386,1992,4/17/2025,food,110,1
5387,1992,5/16/2025,food,110,2
5388,1992,6/16/2025,food,100,3
5389,1993,4/18/2025,food,100,1
5390,1993,5/11/2025,food,100,2
5391,1993,6/10/2025,food,110,3
5392,1994,4/15/2025,food,90,1
5393,1994,6/11/2025,cash,110,3
5394,1995,4/13/2025,cash,90,1
5395,1995,5/12/2025,food,110,2
5396,1995,6/15/2025,food,100,3
5397,1996,4/13/2025,cash,100,1
5398,1996,5/17/2025,cash,90,2
5399,1996,6/11/2025,food,100,3
5400,1997,4/17/2025,cash,110,1
5401,1997,5/16/2025,cash,100,2
5402,1997,6/17/2025,cash,90,3
5403,1998,4/12/2025,food,110,1
5404,1998,5/15/2025,food,100,2
5405,1998,6/20/2025,cash,100,3
5406,1999,4/10/2025,cash,110,1
5407,1999,5/18/2025,cash,110,2
5408,1999,6/16/2025,food,90,3
5409,2000,4/17/2025,cash,100,1
5410,2000,5/16/2025,cash,90,2
5411,2000,6/14/2025,cash,110,3
