beneficiary_id,name,sex,age,household_size,department,commune,vulnerability_score,registration_date
1,Beneficiary_1,M,43,5,Sud,Les Cayes,47,2/1/2025
2,Beneficiary_2,M,46,9,Ouest,Delmas,80,1/12/2025
3,Beneficiary_3,M,30,1,Sud,Port-Salut,45,1/12/2025
4,Beneficiary_4,M,63,9,Ouest,Delmas,65,1/26/2025
5,Beneficiary_5,F,26,4,Sud,Aquin,60,2/27/2025
6,Beneficiary_6,M,26,3,Sud,Port-Salut,40,3/31/2025
7,Beneficiary_7,F,39,3,Artibonite,Saint-Marc,11,1/28/2025
8,Beneficiary_8,M,3,7,Artibonite,Gonaives,38,1/13/2025
9,Beneficiary_9,F,16,1,Artibonite,Saint-Marc,56,2/28/2025
10,Beneficiary_10,F,18,2,Sud,Les Cayes,21,3/12/2025
11,Beneficiary_11,F,61,4,Artibonite,Dessalines,45,1/9/2025
12,Beneficiary_12,F,36,2,Ouest,Delmas,21,1/30/2025
13,Beneficiary_13,F,25,8,Ouest,Carrefour,52,3/23/2025
14,Beneficiary_14,F,14,6,Artibonite,Gonaives,57,1/27/2025
15,Beneficiary_15,M,24,3,Sud,Port-Salut,44,3/10/2025
16,Beneficiary_16,M,24,8,Sud,Les Cayes,87,2/18/2025
17,Beneficiary_17,M,34,6,Artibonite,Dessalines,28,1/8/2025
18,Beneficiary_18,F,49,7,Ouest,Port-au-Prince,25,2/4/2025
19,Beneficiary_19,F,38,4,Ouest,Delmas,10,3/25/2025
20,Beneficiary_20,F,11,3,Artibonite,Saint-Marc,53,2/3/2025
21,Beneficiary_21,F,48,7,Ouest,Delmas,53,3/16/2025
22,Beneficiary_22,M,32,3,Artibonite,Saint-Marc,43,3/7/2025
23,Beneficiary_23,M,8,2,Artibonite,Gonaives,35,1/20/2025
24,Beneficiary_24,F,26,2,Sud,Les Cayes,71,2/19/2025
25,Beneficiary_25,F,41,9,Artibonite,Dessalines,14,2/2/2025
26,Beneficiary_26,M,40,9,Sud,Les Cayes,42,2/4/2025
27,Beneficiary_27,M,22,5,Sud,Port-Salut,62,2/25/2025
28,Beneficiary_28,M,53,5,Ouest,Carrefour,68,3/6/2025
29,Beneficiary_29,F,19,9,Ouest,Port-au-Prince,43,3/19/2025
30,Beneficiary_30,F,40,3,Ouest,Delmas,69,3/11/2025
31,Beneficiary_31,F,26,8,Sud,Les Cayes,46,1/3/2025
32,Beneficiary_32,F,15,4,Ouest,Tabarre,26,1/8/2025
33,Beneficiary_33,M,49,8,Ouest,Port-au-Prince,77,1/9/2025
34,Beneficiary_34,M,33,8,Sud,Les Cayes,70,3/12/2025
35,Beneficiary_35,F,41,4,Ouest,Tabarre,37,3/11/2025
36,Beneficiary_36,M,41,5,Sud,Aquin,80,2/21/2025
37,Beneficiary_37,F,34,8,Sud,Aquin,81,3/8/2025
38,Beneficiary_38,M,0,4,Artibonite,Gonaives,66,1/9/2025
39,Beneficiary_39,M,36,4,Artibonite,Gonaives,44,1/1/2025
40,Beneficiary_40,M,36,2,Ouest,Port-au-Prince,10,1/5/2025
41,Beneficiary_41,M,31,5,Artibonite,Gonaives,57,3/27/2025
42,Beneficiary_42,M,61,8,Artibonite,Gonaives,39,2/1/2025
43,Beneficiary_43,M,20,2,Artibonite,Saint-Marc,39,1/13/2025
44,Beneficiary_44,F,51,7,Sud,Port-Salut,56,2/22/2025
45,Beneficiary_45,M,25,2,Artibonite,Dessalines,60,1/8/2025
46,Beneficiary_46,F,36,2,Artibonite,Dessalines,69,2/1/2025
47,Beneficiary_47,F,22,3,Ouest,Delmas,43,2/24/2025
48,Beneficiary_48,F,27,4,Ouest,Tabarre,20,1/10/2025
49,Beneficiary_49,M,40,1,Artibonite,Dessalines,55,3/25/2025
50,Beneficiary_50,M,35,4,Sud,Les Cayes,45,1/22/2025
51,Beneficiary_51,F,9,4,Artibonite,Saint-Marc,41,2/21/2025
52,Beneficiary_52,F,28,1,Ouest,Delmas,33,2/19/2025
53,Beneficiary_53,F,32,7,Artibonite,Saint-Marc,58,3/31/2025
54,Beneficiary_54,F,68,3,Sud,Aquin,53,1/25/2025
55,Beneficiary_55,M,39,9,Artibonite,Gonaives,48,1/8/2025
56,Beneficiary_56,M,0,1,Sud,Port-Salut,49,3/16/2025
57,Beneficiary_57,M,36,1,Artibonite,Dessalines,99,3/7/2025
58,Beneficiary_58,M,31,2,Ouest,Delmas,56,3/28/2025
59,Beneficiary_59,M,34,4,Ouest,Carrefour,26,3/16/2025
60,Beneficiary_60,M,55,7,Sud,Les Cayes,65,3/26/2025
61,Beneficiary_61,F,49,5,Sud,Aquin,31,1/27/2025
62,Beneficiary_62,F,60,4,Sud,Aquin,21,2/3/2025
63,Beneficiary_63,F,45,8,Artibonite,Gonaives,93,2/10/2025
64,Beneficiary_64,F,17,2,Ouest,Port-au-Prince,38,1/10/2025
65,Beneficiary_65,F,36,3,Sud,Les Cayes,39,2/14/2025
66,Beneficiary_66,F,7,5,Ouest,Delmas,51,1/21/2025
67,Beneficiary_67,F,15,9,Artibonite,Dessalines,59,1/2/2025
68,Beneficiary_68,F,18,2,Sud,Aquin,80,1/18/2025
69,Beneficiary_69,M,20,9,Artibonite,Gonaives,43,1/20/2025
70,Beneficiary_70,M,49,6,Artibonite,Saint-Marc,25,1/27/2025
71,Beneficiary_71,F,39,9,Sud,Aquin,76,3/4/2025
72,Beneficiary_72,M,6,7,Artibonite,Gonaives,53,2/5/2025
73,Beneficiary_73,F,39,3,Ouest,Port-au-Prince,65,3/23/2025
74,Beneficiary_74,F,12,9,Artibonite,Gonaives,23,2/24/2025
75,Beneficiary_75,M,44,2,Sud,Les Cayes,55,3/30/2025
76,Beneficiary_76,F,39,9,Ouest,Port-au-Prince,56,1/19/2025
77,Beneficiary_77,M,22,5,Artibonite,Gonaives,54,2/16/2025
78,Beneficiary_78,M,40,4,Ouest,Tabarre,35,3/27/2025
79,Beneficiary_79,F,68,3,Ouest,Tabarre,59,1/31/2025
80,Beneficiary_80,F,13,1,Ouest,Delmas,63,1/23/2025
81,Beneficiary_81,F,17,4,Sud,Port-Salut,65,2/4/2025
82,Beneficiary_82,F,55,1,Ouest,Port-au-Prince,33,3/2/2025
83,Beneficiary_83,F,52,6,Ouest,Delmas,58,2/9/2025
84,Beneficiary_84,M,49,4,Ouest,Delmas,87,2/21/2025
85,Beneficiary_85,M,30,5,Artibonite,Saint-Marc,34,2/14/2025
86,Beneficiary_86,F,18,9,Sud,Aquin,33,2/12/2025
87,Beneficiary_87,F,33,3,Ouest,Port-au-Prince,56,3/16/2025
88,Beneficiary_88,M,39,7,Artibonite,Gonaives,66,2/14/2025
89,Beneficiary_89,F,35,9,Sud,Port-Salut,79,1/15/2025
90,Beneficiary_90,M,30,5,Artibonite,Dessalines,100,1/6/2025
91,Beneficiary_91,M,46,9,Sud,Port-Salut,32,3/10/2025
92,Beneficiary_92,M,15,6,Sud,Aquin,59,2/25/2025
93,Beneficiary_93,F,30,2,Ouest,Tabarre,64,2/8/2025
94,Beneficiary_94,F,43,6,Sud,Port-Salut,48,2/21/2025
95,Beneficiary_95,M,19,4,Sud,Port-Salut,19,2/23/2025
96,Beneficiary_96,M,26,5,Sud,Port-Salut,67,2/21/2025
97,Beneficiary_97,F,38,5,Sud,Les Cayes,25,1/27/2025
98,Beneficiary_98,F,38,8,Artibonite,Dessalines,57,2/26/2025
99,Beneficiary_99,M,19,9,Artibonite,Dessalines,53,3/2/2025
100,Beneficiary_100,M,36,5,Sud,Les Cayes,27,3/7/2025
101,Beneficiary_101,F,41,2,Sud,Aquin,61,1/31/2025
102,Beneficiary_102,M,54,4,Sud,Port-Salut,71,1/19/2025
103,Beneficiary_103,M,10,8,Ouest,Port-au-Prince,31,3/20/2025
104,Beneficiary_104,F,44,4,Ouest,Carrefour,60,3/31/2025
105,Beneficiary_105,F,44,4,Artibonite,Saint-Marc,100,1/19/2025
106,Beneficiary_106,M,45,2,Sud,Aquin,72,2/24/2025
107,Beneficiary_107,F,52,1,Ouest,Delmas,63,3/13/2025
108,Beneficiary_108,F,29,3,Ouest,Port-au-Prince,65,3/1/2025
109,Beneficiary_109,F,21,8,Sud,Aquin,45,3/20/2025
110,Beneficiary_110,F,26,9,Sud,Aquin,51,2/27/2025
111,Beneficiary_111,F,76,5,Ouest,Carrefour,12,2/1/2025
112,Beneficiary_112,F,47,4,Sud,Port-Salut,17,2/5/2025
113,Beneficiary_113,F,26,4,Artibonite,Gonaives,71,2/4/2025
114,Beneficiary_114,M,36,3,Artibonite,Saint-Marc,28,1/20/2025
115,Beneficiary_115,M,22,4,Ouest,Carrefour,63,1/9/2025
116,Beneficiary_116,F,21,9,Artibonite,Saint-Marc,54,3/1/2025
117,Beneficiary_117,M,35,7,Artibonite,Gonaives,36,2/19/2025
118,Beneficiary_118,M,73,7,Sud,Aquin,62,3/3/2025
119,Beneficiary_119,F,0,7,Ouest,Tabarre,53,2/23/2025
120,Beneficiary_120,M,23,8,Sud,Aquin,67,1/29/2025
121,Beneficiary_121,F,20,1,Artibonite,Saint-Marc,47,2/19/2025
122,Beneficiary_122,F,44,3,Artibonite,Dessalines,67,3/1/2025
123,Beneficiary_123,F,13,1,Ouest,Port-au-Prince,43,1/11/2025
124,Beneficiary_124,M,26,8,Sud,Port-Salut,36,1/24/2025
125,Beneficiary_125,F,66,6,Ouest,Tabarre,58,1/28/2025
126,Beneficiary_126,F,12,7,Artibonite,Saint-Marc,68,2/5/2025
127,Beneficiary_127,M,73,8,Artibonite,Saint-Marc,70,1/3/2025
128,Beneficiary_128,M,7,6,Sud,Aquin,40,1/29/2025
129,Beneficiary_129,M,57,1,Sud,Les Cayes,35,2/1/2025
130,Beneficiary_130,M,42,4,Ouest,Port-au-Prince,65,1/17/2025
131,Beneficiary_131,M,18,4,Artibonite,Dessalines,48,3/1/2025
132,Beneficiary_132,F,0,3,Sud,Port-Salut,29,3/19/2025
133,Beneficiary_133,M,30,3,Sud,Aquin,25,2/9/2025
134,Beneficiary_134,F,64,7,Ouest,Port-au-Prince,21,2/20/2025
135,Beneficiary_135,M,27,4,Sud,Les Cayes,52,1/14/2025
136,Beneficiary_136,M,60,1,Sud,Port-Salut,21,2/14/2025
137,Beneficiary_137,F,55,2,Sud,Port-Salut,50,3/6/2025
138,Beneficiary_138,M,17,7,Sud,Port-Salut,59,3/4/2025
139,Beneficiary_139,F,38,8,Ouest,Carrefour,37,1/20/2025
140,Beneficiary_140,F,36,9,Artibonite,Gonaives,42,3/3/2025
141,Beneficiary_141,F,37,6,Artibonite,Saint-Marc,63,2/1/2025
142,Beneficiary_142,F,63,4,Ouest,Tabarre,25,3/1/2025
143,Beneficiary_143,F,73,6,Sud,Aquin,10,1/4/2025
144,Beneficiary_144,M,32,8,Artibonite,Saint-Marc,61,1/28/2025
145,Beneficiary_145,F,40,5,Artibonite,Saint-Marc,37,3/18/2025
146,Beneficiary_146,M,31,9,Sud,Port-Salut,40,1/25/2025
147,Beneficiary_147,F,24,8,Ouest,Delmas,66,3/13/2025
148,Beneficiary_148,F,41,8,Ouest,Carrefour,36,1/3/2025
149,Beneficiary_149,M,51,7,Ouest,Tabarre,56,3/30/2025
150,Beneficiary_150,F,49,8,Ouest,Tabarre,62,3/12/2025
151,Beneficiary_151,F,20,9,Sud,Port-Salut,38,2/12/2025
152,Beneficiary_152,F,48,5,Artibonite,Dessalines,62,2/9/2025
153,Beneficiary_153,M,34,4,Artibonite,Gonaives,52,2/10/2025
154,Beneficiary_154,M,57,4,Ouest,Delmas,38,3/3/2025
155,Beneficiary_155,F,44,2,Artibonite,Dessalines,45,1/25/2025
156,Beneficiary_156,F,31,3,Artibonite,Gonaives,71,2/8/2025
157,Beneficiary_157,F,49,1,Ouest,Delmas,66,1/7/2025
158,Beneficiary_158,M,58,8,Sud,Port-Salut,50,1/14/2025
159,Beneficiary_159,F,47,8,Ouest,Tabarre,43,2/26/2025
160,Beneficiary_160,M,40,5,Artibonite,Gonaives,47,3/3/2025
161,Beneficiary_161,F,36,8,Ouest,Port-au-Prince,61,1/10/2025
162,Beneficiary_162,M,20,3,Sud,Aquin,91,1/20/2025
163,Beneficiary_163,M,16,4,Sud,Port-Salut,25,1/16/2025
164,Beneficiary_164,M,55,9,Sud,Port-Salut,65,2/18/2025
165,Beneficiary_165,F,46,7,Artibonite,Saint-Marc,62,2/9/2025
166,Beneficiary_166,M,34,2,Sud,Aquin,32,1/27/2025
167,Beneficiary_167,F,36,2,Sud,Les Cayes,36,1/21/2025
168,Beneficiary_168,M,52,3,Ouest,Delmas,47,1/1/2025
169,Beneficiary_169,F,20,5,Artibonite,Saint-Marc,43,1/5/2025
170,Beneficiary_170,F,42,8,Ouest,Tabarre,38,1/10/2025
171,Beneficiary_171,F,20,4,Sud,Les Cayes,54,2/24/2025
172,Beneficiary_172,M,39,5,Ouest,Delmas,39,1/19/2025
173,Beneficiary_173,M,26,5,Ouest,Port-au-Prince,54,3/18/2025
174,Beneficiary_174,F,8,8,Sud,Aquin,21,1/16/2025
175,Beneficiary_175,F,22,7,Artibonite,Dessalines,45,2/4/2025
176,Beneficiary_176,F,40,8,Sud,Aquin,79,1/11/2025
177,Beneficiary_177,F,50,6,Sud,Les Cayes,46,3/19/2025
178,Beneficiary_178,M,34,4,Artibonite,Gonaives,29,3/28/2025
179,Beneficiary_179,M,34,5,Sud,Aquin,44,3/15/2025
180,Beneficiary_180,F,40,9,Ouest,Delmas,33,3/25/2025
181,Beneficiary_181,M,44,7,Artibonite,Saint-Marc,80,3/23/2025
182,Beneficiary_182,F,33,6,Artibonite,Gonaives,58,2/22/2025
183,Beneficiary_183,M,47,3,Artibonite,Saint-Marc,41,2/12/2025
184,Beneficiary_184,F,39,5,Artibonite,Dessalines,50,3/26/2025
185,Beneficiary_185,M,36,8,Artibonite,Dessalines,34,1/12/2025
186,Beneficiary_186,F,35,2,Artibonite,Saint-Marc,59,2/21/2025
187,Beneficiary_187,F,61,7,Sud,Les Cayes,69,1/7/2025
188,Beneficiary_188,F,73,8,Ouest,Tabarre,34,1/7/2025
189,Beneficiary_189,M,50,5,Ouest,Tabarre,53,2/26/2025
190,Beneficiary_190,M,74,1,Sud,Port-Salut,33,3/22/2025
191,Beneficiary_191,M,19,5,Sud,Les Cayes,38,3/12/2025
192,Beneficiary_192,M,0,4,Ouest,Carrefour,39,1/15/2025
193,Beneficiary_193,M,21,8,Artibonite,Gonaives,53,2/7/2025
194,Beneficiary_194,F,41,7,Sud,Aquin,87,3/3/2025
195,Beneficiary_195,F,52,9,Artibonite,Gonaives,38,1/19/2025
196,Beneficiary_196,M,18,2,Artibonite,Gonaives,59,2/5/2025
197,Beneficiary_197,F,11,1,Artibonite,Saint-Marc,86,2/6/2025
198,Beneficiary_198,F,56,3,Sud,Port-Salut,40,2/27/2025
199,Beneficiary_199,F,4,6,Sud,Port-Salut,77,3/12/2025
200,Beneficiary_200,F,32,6,Sud,Port-Salut,74,1/25/2025
201,Beneficiary_201,F,6,4,Sud,Les Cayes,38,2/22/2025
202,Beneficiary_202,F,35,7,Ouest,Tabarre,50,2/19/2025
203,Beneficiary_203,M,26,8,Sud,Aquin,62,1/5/2025
204,Beneficiary_204,M,15,8,Ouest,Tabarre,47,1/13/2025
205,Beneficiary_205,M,37,3,Sud,Port-Salut,60,2/22/2025
206,Beneficiary_206,M,47,8,Sud,Les Cayes,27,2/3/2025
207,Beneficiary_207,F,7,2,Artibonite,Dessalines,75,2/12/2025
208,Beneficiary_208,F,40,6,Sud,Aquin,35,3/22/2025
209,Beneficiary_209,M,62,2,Sud,Port-Salut,52,1/31/2025
210,Beneficiary_210,F,56,4,Sud,Aquin,51,1/12/2025
211,Beneficiary_211,M,72,8,Artibonite,Gonaives,85,1/22/2025
212,Beneficiary_212,M,30,1,Sud,Port-Salut,69,2/11/2025
213,Beneficiary_213,F,46,6,Ouest,Tabarre,77,2/25/2025
214,Beneficiary_214,F,17,3,Ouest,Delmas,63,1/22/2025
215,Beneficiary_215,F,54,4,Ouest,Port-au-Prince,14,3/5/2025
216,Beneficiary_216,M,13,8,Sud,Les Cayes,9,3/23/2025
217,Beneficiary_217,F,30,1,Artibonite,Saint-Marc,64,3/1/2025
218,Beneficiary_218,M,62,2,Artibonite,Dessalines,51,2/26/2025
219,Beneficiary_219,F,64,7,Artibonite,Dessalines,22,3/30/2025
220,Beneficiary_220,F,4,4,Artibonite,Saint-Marc,48,2/19/2025
221,Beneficiary_221,M,41,7,Artibonite,Gonaives,49,3/15/2025
222,Beneficiary_222,F,0,5,Artibonite,Dessalines,48,1/3/2025
223,Beneficiary_223,F,11,1,Sud,Port-Salut,63,3/14/2025
224,Beneficiary_224,M,41,8,Sud,Aquin,31,2/6/2025
225,Beneficiary_225,M,25,4,Ouest,Tabarre,28,3/21/2025
226,Beneficiary_226,M,33,2,Artibonite,Dessalines,69,3/22/2025
227,Beneficiary_227,F,17,8,Sud,Les Cayes,60,1/5/2025
228,Beneficiary_228,M,25,2,Sud,Port-Salut,34,2/7/2025
229,Beneficiary_229,F,33,3,Artibonite,Dessalines,29,1/26/2025
230,Beneficiary_230,F,25,3,Ouest,Tabarre,26,2/2/2025
231,Beneficiary_231,F,70,2,Artibonite,Saint-Marc,50,3/1/2025
232,Beneficiary_232,M,22,7,Ouest,Delmas,54,3/13/2025
233,Beneficiary_233,F,32,1,Artibonite,Gonaives,45,2/3/2025
234,Beneficiary_234,F,46,6,Sud,Les Cayes,65,3/28/2025
235,Beneficiary_235,F,25,7,Sud,Aquin,38,3/23/2025
236,Beneficiary_236,M,30,8,Artibonite,Gonaives,3,1/4/2025
237,Beneficiary_237,F,7,4,Sud,Aquin,77,3/24/2025
238,Beneficiary_238,F,64,7,Ouest,Carrefour,45,1/15/2025
239,Beneficiary_239,M,45,5,Ouest,Port-au-Prince,56,3/5/2025
240,Beneficiary_240,M,90,9,Ouest,Port-au-Prince,72,1/18/2025
241,Beneficiary_241,F,32,9,Artibonite,Saint-Marc,30,2/23/2025
242,Beneficiary_242,M,6,7,Sud,Aquin,54,3/25/2025
243,Beneficiary_243,F,21,5,Ouest,Carrefour,21,1/5/2025
244,Beneficiary_244,M,23,8,Sud,Port-Salut,28,2/26/2025
245,Beneficiary_245,M,65,6,Ouest,Tabarre,67,3/11/2025
246,Beneficiary_246,M,34,7,Sud,Port-Salut,79,2/5/2025
247,Beneficiary_247,F,36,2,Ouest,Port-au-Prince,32,3/26/2025
248,Beneficiary_248,M,62,6,Ouest,Port-au-Prince,60,2/1/2025
249,Beneficiary_249,M,16,9,Ouest,Delmas,46,1/27/2025
250,Beneficiary_250,M,19,6,Sud,Les Cayes,22,1/19/2025
251,Beneficiary_251,F,51,3,Sud,Les Cayes,88,1/17/2025
252,Beneficiary_252,M,9,2,Sud,Port-Salut,61,3/26/2025
253,Beneficiary_253,M,23,6,Ouest,Delmas,40,1/31/2025
254,Beneficiary_254,M,24,3,Sud,Port-Salut,32,2/3/2025
255,Beneficiary_255,F,35,9,Ouest,Delmas,33,1/15/2025
256,Beneficiary_256,F,39,8,Sud,Les Cayes,48,2/16/2025
257,Beneficiary_257,M,30,8,Sud,Aquin,31,3/6/2025
258,Beneficiary_258,F,24,8,Ouest,Port-au-Prince,65,3/24/2025
259,Beneficiary_259,F,44,7,Ouest,Port-au-Prince,30,2/24/2025
260,Beneficiary_260,F,36,8,Sud,Les Cayes,65,1/10/2025
261,Beneficiary_261,M,4,2,Ouest,Tabarre,60,1/17/2025
262,Beneficiary_262,F,23,7,Artibonite,Dessalines,61,3/18/2025
263,Beneficiary_263,F,21,9,Sud,Port-Salut,13,3/19/2025
264,Beneficiary_264,M,5,9,Artibonite,Gonaives,50,1/28/2025
265,Beneficiary_265,M,39,7,Artibonite,Saint-Marc,31,2/13/2025
266,Beneficiary_266,F,46,2,Artibonite,Saint-Marc,16,2/10/2025
267,Beneficiary_267,F,33,6,Artibonite,Saint-Marc,25,1/20/2025
268,Beneficiary_268,M,23,2,Sud,Port-Salut,50,1/11/2025
269,Beneficiary_269,M,19,6,Ouest,Carrefour,42,1/17/2025
270,Beneficiary_270,F,53,2,Sud,Les Cayes,38,2/22/2025
271,Beneficiary_271,F,50,1,Artibonite,Dessalines,27,2/6/2025
272,Beneficiary_272,F,44,2,Sud,Port-Salut,78,3/15/2025
273,Beneficiary_273,M,0,8,Sud,Les Cayes,34,1/29/2025
274,Beneficiary_274,F,45,2,Ouest,Tabarre,45,2/5/2025
275,Beneficiary_275,F,41,9,Sud,Les Cayes,37,3/21/2025
276,Beneficiary_276,M,36,5,Sud,Aquin,46,1/4/2025
277,Beneficiary_277,F,56,6,Ouest,Tabarre,55,2/14/2025
278,Beneficiary_278,M,41,7,Ouest,Delmas,41,1/9/2025
279,Beneficiary_279,M,26,9,Ouest,Port-au-Prince,41,1/28/2025
280,Beneficiary_280,F,42,6,Artibonite,Saint-Marc,41,1/21/2025
281,Beneficiary_281,F,40,2,Artibonite,Saint-Marc,91,1/7/2025
282,Beneficiary_282,M,50,2,Ouest,Delmas,43,2/4/2025
283,Beneficiary_283,F,56,8,Artibonite,Dessalines,41,3/19/2025
284,Beneficiary_284,F,0,4,Artibonite,Saint-Marc,29,3/7/2025
285,Beneficiary_285,F,1,2,Ouest,Tabarre,42,2/6/2025
286,Beneficiary_286,F,35,9,Sud,Aquin,83,3/27/2025
287,Beneficiary_287,M,40,7,Artibonite,Gonaives,45,3/18/2025
288,Beneficiary_288,M,49,5,Ouest,Port-au-Prince,5,1/28/2025
289,Beneficiary_289,F,39,6,Ouest,Tabarre,65,1/16/2025
290,Beneficiary_290,F,8,3,Ouest,Carrefour,72,1/17/2025
291,Beneficiary_291,M,41,9,Artibonite,Dessalines,41,3/13/2025
292,Beneficiary_292,M,46,7,Sud,Port-Salut,95,1/6/2025
293,Beneficiary_293,F,38,2,Artibonite,Gonaives,54,2/10/2025
294,Beneficiary_294,F,26,7,Sud,Port-Salut,33,2/7/2025
295,Beneficiary_295,M,49,6,Ouest,Carrefour,32,1/22/2025
296,Beneficiary_296,F,36,2,Sud,Port-Salut,40,2/25/2025
297,Beneficiary_297,F,43,7,Ouest,Delmas,56,3/9/2025
298,Beneficiary_298,F,53,6,Ouest,Carrefour,39,1/29/2025
299,Beneficiary_299,M,30,9,Artibonite,Gonaives,30,3/23/2025
300,Beneficiary_300,F,27,6,Ouest,Delmas,57,3/24/2025
301,Beneficiary_301,M,48,3,Ouest,Delmas,31,2/2/2025
302,Beneficiary_302,M,50,2,Ouest,Delmas,77,1/23/2025
303,Beneficiary_303,F,42,8,Sud,Port-Salut,87,3/29/2025
304,Beneficiary_304,F,21,6,Sud,Aquin,25,1/20/2025
305,Beneficiary_305,F,2,8,Artibonite,Gonaives,79,3/22/2025
306,Beneficiary_306,M,46,6,Artibonite,Saint-Marc,48,3/6/2025
307,Beneficiary_307,F,40,8,Ouest,Tabarre,27,1/5/2025
308,Beneficiary_308,F,79,2,Ouest,Tabarre,52,3/24/2025
309,Beneficiary_309,F,36,9,Ouest,Carrefour,64,1/6/2025
310,Beneficiary_310,M,43,6,Artibonite,Dessalines,54,3/19/2025
311,Beneficiary_311,M,20,1,Artibonite,Dessalines,59,2/27/2025
312,Beneficiary_312,M,68,9,Ouest,Tabarre,76,3/24/2025
313,Beneficiary_313,M,63,8,Ouest,Port-au-Prince,39,2/26/2025
314,Beneficiary_314,M,17,6,Sud,Aquin,47,2/17/2025
315,Beneficiary_315,F,36,6,Artibonite,Saint-Marc,71,3/28/2025
316,Beneficiary_316,F,4,2,Sud,Les Cayes,80,2/12/2025
317,Beneficiary_317,F,32,5,Ouest,Carrefour,41,3/26/2025
318,Beneficiary_318,F,16,2,Sud,Les Cayes,16,3/16/2025
319,Beneficiary_319,F,49,5,Sud,Les Cayes,51,3/25/2025
320,Beneficiary_320,F,11,3,Sud,Aquin,24,3/18/2025
321,Beneficiary_321,F,28,9,Sud,Les Cayes,83,2/18/2025
322,Beneficiary_322,M,30,9,Sud,Port-Salut,19,1/12/2025
323,Beneficiary_323,F,30,9,Sud,Aquin,44,2/16/2025
324,Beneficiary_324,F,0,3,Ouest,Tabarre,48,1/28/2025
325,Beneficiary_325,M,30,4,Artibonite,Saint-Marc,63,1/18/2025
326,Beneficiary_326,F,68,2,Ouest,Port-au-Prince,72,3/6/2025
327,Beneficiary_327,M,30,6,Sud,Aquin,27,3/21/2025
328,Beneficiary_328,M,81,3,Ouest,Carrefour,51,1/24/2025
329,Beneficiary_329,M,35,8,Sud,Aquin,49,1/6/2025
330,Beneficiary_330,M,38,8,Artibonite,Saint-Marc,47,3/20/2025
331,Beneficiary_331,F,24,4,Artibonite,Dessalines,39,3/10/2025
332,Beneficiary_332,F,34,4,Ouest,Tabarre,39,2/17/2025
333,Beneficiary_333,F,22,8,Sud,Aquin,52,2/6/2025
334,Beneficiary_334,F,30,3,Artibonite,Dessalines,80,1/26/2025
335,Beneficiary_335,F,0,1,Sud,Les Cayes,71,3/24/2025
336,Beneficiary_336,M,57,9,Artibonite,Saint-Marc,8,1/16/2025
337,Beneficiary_337,M,28,5,Artibonite,Gonaives,42,2/27/2025
338,Beneficiary_338,F,9,2,Sud,Les Cayes,34,1/29/2025
339,Beneficiary_339,M,15,7,Artibonite,Saint-Marc,85,1/7/2025
340,Beneficiary_340,F,51,4,Artibonite,Dessalines,75,2/19/2025
341,Beneficiary_341,M,47,1,Ouest,Tabarre,27,2/10/2025
342,Beneficiary_342,M,25,3,Ouest,Tabarre,59,1/5/2025
343,Beneficiary_343,M,13,8,Artibonite,Saint-Marc,64,2/27/2025
344,Beneficiary_344,M,30,1,Sud,Les Cayes,42,2/2/2025
345,Beneficiary_345,F,47,2,Ouest,Delmas,58,2/6/2025
346,Beneficiary_346,M,28,1,Ouest,Tabarre,73,1/31/2025
347,Beneficiary_347,F,15,2,Artibonite,Dessalines,62,1/15/2025
348,Beneficiary_348,M,45,9,Artibonite,Dessalines,43,3/15/2025
349,Beneficiary_349,F,40,7,Ouest,Delmas,24,1/1/2025
350,Beneficiary_350,M,51,7,Sud,Port-Salut,46,1/24/2025
351,Beneficiary_351,M,25,9,Sud,Aquin,70,2/16/2025
352,Beneficiary_352,F,22,8,Ouest,Port-au-Prince,21,1/6/2025
353,Beneficiary_353,F,6,5,Sud,Port-Salut,62,1/3/2025
354,Beneficiary_354,F,11,4,Artibonite,Gonaives,85,3/26/2025
355,Beneficiary_355,F,0,3,Sud,Les Cayes,83,1/6/2025
356,Beneficiary_356,F,38,3,Artibonite,Dessalines,48,3/29/2025
357,Beneficiary_357,F,25,3,Artibonite,Dessalines,57,1/18/2025
358,Beneficiary_358,M,34,5,Ouest,Carrefour,72,1/26/2025
359,Beneficiary_359,M,37,6,Ouest,Delmas,53,2/9/2025
360,Beneficiary_360,F,28,5,Sud,Port-Salut,48,1/5/2025
361,Beneficiary_361,F,40,6,Sud,Les Cayes,15,1/7/2025
362,Beneficiary_362,F,10,2,Sud,Port-Salut,64,2/17/2025
363,Beneficiary_363,F,38,7,Artibonite,Saint-Marc,46,2/13/2025
364,Beneficiary_364,F,35,6,Ouest,Carrefour,56,3/8/2025
365,Beneficiary_365,F,25,2,Artibonite,Gonaives,34,2/25/2025
366,Beneficiary_366,F,38,6,Sud,Les Cayes,30,1/14/2025
367,Beneficiary_367,F,42,5,Ouest,Tabarre,15,2/27/2025
368,Beneficiary_368,F,53,3,Sud,Aquin,59,3/30/2025
369,Beneficiary_369,F,39,1,Artibonite,Saint-Marc,69,2/15/2025
370,Beneficiary_370,F,64,1,Sud,Port-Salut,70,1/10/2025
371,Beneficiary_371,F,1,6,Sud,Aquin,24,3/7/2025
372,Beneficiary_372,M,23,1,Sud,Aquin,50,1/19/2025
373,Beneficiary_373,F,44,1,Sud,Aquin,35,1/17/2025
374,Beneficiary_374,F,38,6,Ouest,Delmas,34,2/19/2025
375,Beneficiary_375,M,23,8,Sud,Les Cayes,21,2/17/2025
376,Beneficiary_376,M,18,3,Artibonite,Saint-Marc,22,3/9/2025
377,Beneficiary_377,F,17,5,Artibonite,Saint-Marc,71,2/1/2025
378,Beneficiary_378,M,17,8,Ouest,Port-au-Prince,100,3/8/2025
379,Beneficiary_379,M,43,5,Artibonite,Dessalines,53,2/3/2025
380,Beneficiary_380,M,19,5,Sud,Port-Salut,64,3/30/2025
381,Beneficiary_381,M,24,3,Artibonite,Gonaives,52,1/10/2025
382,Beneficiary_382,F,81,2,Artibonite,Gonaives,48,3/29/2025
383,Beneficiary_383,F,55,2,Artibonite,Dessalines,35,3/12/2025
384,Beneficiary_384,F,34,3,Sud,Port-Salut,85,3/31/2025
385,Beneficiary_385,F,23,9,Sud,Les Cayes,86,1/29/2025
386,Beneficiary_386,M,47,4,Ouest,Delmas,38,3/5/2025
387,Beneficiary_387,F,46,8,Ouest,Tabarre,69,3/12/2025
388,Beneficiary_388,M,46,5,Ouest,Port-au-Prince,18,2/20/2025
389,Beneficiary_389,F,21,9,Sud,Aquin,45,2/22/2025
390,Beneficiary_390,M,33,3,Artibonite,Dessalines,62,2/10/2025
391,Beneficiary_391,F,38,8,Sud,Les Cayes,23,3/29/2025
392,Beneficiary_392,M,41,9,Sud,Port-Salut,62,3/23/2025
393,Beneficiary_393,M,45,7,Sud,Les Cayes,71,3/6/2025
394,Beneficiary_394,M,50,5,Ouest,Port-au-Prince,59,1/22/2025
395,Beneficiary_395,M,33,6,Ouest,Tabarre,16,3/8/2025
396,Beneficiary_396,F,42,4,Artibonite,Gonaives,54,3/23/2025
397,Beneficiary_397,M,39,5,Sud,Port-Salut,24,3/20/2025
398,Beneficiary_398,M,15,3,Sud,Les Cayes,71,1/22/2025
399,Beneficiary_399,F,34,1,Sud,Aquin,63,1/4/2025
400,Beneficiary_400,F,35,4,Ouest,Port-au-Prince,50,3/15/2025
401,Beneficiary_401,M,51,8,Artibonite,Dessalines,39,3/22/2025
402,Beneficiary_402,F,36,8,Sud,Port-Salut,40,2/1/2025
403,Beneficiary_403,F,27,8,Sud,Port-Salut,43,1/10/2025
404,Beneficiary_404,M,38,8,Sud,Les Cayes,40,2/23/2025
405,Beneficiary_405,M,57,6,Artibonite,Saint-Marc,32,3/19/2025
406,Beneficiary_406,F,31,6,Ouest,Tabarre,41,2/21/2025
407,Beneficiary_407,M,61,6,Ouest,Tabarre,53,1/31/2025
408,Beneficiary_408,F,53,8,Artibonite,Gonaives,20,2/1/2025
409,Beneficiary_409,M,39,5,Ouest,Port-au-Prince,67,2/19/2025
410,Beneficiary_410,M,36,3,Sud,Port-Salut,71,2/11/2025
411,Beneficiary_411,F,25,4,Sud,Aquin,78,1/21/2025
412,Beneficiary_412,F,76,8,Artibonite,Dessalines,42,2/9/2025
413,Beneficiary_413,M,26,7,Artibonite,Gonaives,79,3/6/2025
414,Beneficiary_414,M,63,6,Artibonite,Gonaives,39,1/7/2025
415,Beneficiary_415,F,27,8,Ouest,Tabarre,44,2/6/2025
416,Beneficiary_416,M,10,7,Sud,Les Cayes,31,1/18/2025
417,Beneficiary_417,F,16,7,Artibonite,Dessalines,34,2/16/2025
418,Beneficiary_418,M,34,9,Ouest,Carrefour,54,1/25/2025
419,Beneficiary_419,F,62,2,Artibonite,Dessalines,30,2/19/2025
420,Beneficiary_420,F,52,2,Sud,Port-Salut,45,1/17/2025
421,Beneficiary_421,F,34,6,Ouest,Carrefour,63,3/13/2025
422,Beneficiary_422,M,14,9,Artibonite,Gonaives,57,2/21/2025
423,Beneficiary_423,M,37,1,Sud,Les Cayes,59,1/18/2025
424,Beneficiary_424,F,40,9,Sud,Port-Salut,99,2/28/2025
425,Beneficiary_425,F,23,6,Ouest,Delmas,39,1/21/2025
426,Beneficiary_426,F,23,6,Artibonite,Dessalines,38,3/6/2025
427,Beneficiary_427,F,23,5,Sud,Aquin,73,3/2/2025
428,Beneficiary_428,F,60,2,Ouest,Tabarre,38,2/23/2025
429,Beneficiary_429,M,20,8,Sud,Port-Salut,59,2/3/2025
430,Beneficiary_430,M,25,1,Sud,Aquin,62,3/16/2025
431,Beneficiary_431,F,38,3,Artibonite,Gonaives,19,3/29/2025
432,Beneficiary_432,M,62,4,Ouest,Port-au-Prince,85,1/3/2025
433,Beneficiary_433,F,23,3,Artibonite,Saint-Marc,42,2/22/2025
434,Beneficiary_434,F,40,9,Sud,Les Cayes,56,3/20/2025
435,Beneficiary_435,M,46,3,Artibonite,Dessalines,90,3/8/2025
436,Beneficiary_436,F,31,9,Ouest,Tabarre,34,2/18/2025
437,Beneficiary_437,F,10,9,Artibonite,Gonaives,35,2/13/2025
438,Beneficiary_438,F,34,8,Sud,Port-Salut,85,1/25/2025
439,Beneficiary_439,F,25,4,Ouest,Tabarre,54,2/8/2025
440,Beneficiary_440,M,34,8,Artibonite,Dessalines,73,2/10/2025
441,Beneficiary_441,F,80,5,Artibonite,Saint-Marc,39,1/16/2025
442,Beneficiary_442,F,26,7,Sud,Aquin,70,2/14/2025
443,Beneficiary_443,M,47,5,Ouest,Tabarre,86,1/11/2025
444,Beneficiary_444,F,45,8,Artibonite,Saint-Marc,42,1/28/2025
445,Beneficiary_445,F,45,3,Ouest,Tabarre,72,1/14/2025
446,Beneficiary_446,M,49,4,Sud,Aquin,60,1/7/2025
447,Beneficiary_447,M,54,4,Sud,Aquin,73,1/7/2025
448,Beneficiary_448,F,59,8,Ouest,Carrefour,62,1/13/2025
449,Beneficiary_449,M,31,9,Sud,Les Cayes,52,1/21/2025
450,Beneficiary_450,F,56,8,Artibonite,Dessalines,33,3/25/2025
451,Beneficiary_451,F,41,5,Ouest,Tabarre,42,3/24/2025
452,Beneficiary_452,M,35,9,Ouest,Port-au-Prince,75,1/5/2025
453,Beneficiary_453,M,38,1,Ouest,Carrefour,50,2/20/2025
454,Beneficiary_454,F,10,1,Artibonite,Gonaives,64,1/2/2025
455,Beneficiary_455,M,46,6,Artibonite,Dessalines,93,2/6/2025
456,Beneficiary_456,F,29,3,Artibonite,Dessalines,54,3/6/2025
457,Beneficiary_457,M,39,2,Artibonite,Saint-Marc,81,2/12/2025
458,Beneficiary_458,F,33,3,Ouest,Carrefour,55,1/2/2025
459,Beneficiary_459,F,45,4,Sud,Port-Salut,53,1/23/2025
460,Beneficiary_460,F,26,7,Sud,Aquin,53,3/7/2025
461,Beneficiary_461,F,54,2,Artibonite,Gonaives,29,1/24/2025
462,Beneficiary_462,F,37,4,Ouest,Carrefour,35,1/1/2025
463,Beneficiary_463,M,56,8,Artibonite,Saint-Marc,19,2/4/2025
464,Beneficiary_464,M,24,5,Artibonite,Saint-Marc,57,3/25/2025
465,Beneficiary_465,M,63,1,Artibonite,Dessalines,48,3/27/2025
466,Beneficiary_466,F,25,3,Ouest,Carrefour,87,2/21/2025
467,Beneficiary_467,F,8,2,Sud,Aquin,6,3/23/2025
468,Beneficiary_468,M,42,4,Artibonite,Saint-Marc,39,1/18/2025
469,Beneficiary_469,F,16,6,Artibonite,Gonaives,64,2/23/2025
470,Beneficiary_470,F,39,9,Sud,Aquin,38,3/27/2025
471,Beneficiary_471,M,11,9,Ouest,Delmas,67,2/27/2025
472,Beneficiary_472,F,46,2,Sud,Aquin,48,3/14/2025
473,Beneficiary_473,M,68,9,Ouest,Port-au-Prince,28,1/20/2025
474,Beneficiary_474,F,7,2,Ouest,Tabarre,36,3/29/2025
475,Beneficiary_475,M,34,9,Ouest,Carrefour,54,2/27/2025
476,Beneficiary_476,M,30,9,Ouest,Carrefour,57,2/23/2025
477,Beneficiary_477,M,12,9,Artibonite,Dessalines,78,3/1/2025
478,Beneficiary_478,M,33,7,Sud,Port-Salut,72,2/2/2025
479,Beneficiary_479,M,41,1,Ouest,Delmas,59,2/24/2025
480,Beneficiary_480,M,45,9,Artibonite,Dessalines,58,1/8/2025
481,Beneficiary_481,M,46,5,Ouest,Carrefour,76,2/22/2025
482,Beneficiary_482,F,38,6,Ouest,Delmas,64,2/18/2025
483,Beneficiary_483,F,33,2,Artibonite,Saint-Marc,78,3/29/2025
484,Beneficiary_484,M,22,6,Sud,Aquin,86,1/16/2025
485,Beneficiary_485,M,34,4,Ouest,Carrefour,21,1/1/2025
486,Beneficiary_486,F,37,9,Ouest,Tabarre,36,2/24/2025
487,Beneficiary_487,M,50,4,Sud,Port-Salut,36,2/28/2025
488,Beneficiary_488,F,26,4,Artibonite,Gonaives,12,1/15/2025
489,Beneficiary_489,M,26,4,Ouest,Carrefour,1,1/27/2025
490,Beneficiary_490,M,6,8,Ouest,Port-au-Prince,65,3/18/2025
491,Beneficiary_491,M,49,4,Sud,Aquin,58,1/6/2025
492,Beneficiary_492,M,17,9,Artibonite,Saint-Marc,49,1/28/2025
493,Beneficiary_493,F,34,4,Ouest,Delmas,26,3/15/2025
494,Beneficiary_494,F,62,4,Artibonite,Dessalines,67,2/8/2025
495,Beneficiary_495,F,31,5,Ouest,Delmas,50,2/5/2025
496,Beneficiary_496,F,38,9,Ouest,Delmas,9,3/5/2025
497,Beneficiary_497,F,30,9,Ouest,Tabarre,36,2/10/2025
498,Beneficiary_498,F,16,3,Sud,Port-Salut,44,2/8/2025
499,Beneficiary_499,F,67,4,Artibonite,Gonaives,62,1/29/2025
500,Beneficiary_500,M,24,8,Artibonite,Dessalines,61,1/8/2025
501,Beneficiary_501,F,60,9,Sud,Port-Salut,68,3/9/2025
502,Beneficiary_502,M,36,5,Ouest,Carrefour,37,1/27/2025
503,Beneficiary_503,M,47,8,Artibonite,Dessalines,57,2/17/2025
504,Beneficiary_504,M,51,5,Ouest,Delmas,62,2/18/2025
505,Beneficiary_505,M,53,2,Sud,Aquin,39,1/25/2025
506,Beneficiary_506,M,58,8,Sud,Aquin,53,1/27/2025
507,Beneficiary_507,M,72,4,Artibonite,Saint-Marc,36,1/25/2025
508,Beneficiary_508,F,66,4,Sud,Les Cayes,53,3/31/2025
509,Beneficiary_509,M,23,7,Sud,Aquin,40,1/31/2025
510,Beneficiary_510,F,29,7,Sud,Port-Salut,58,3/1/2025
511,Beneficiary_511,F,44,5,Sud,Aquin,38,2/3/2025
512,Beneficiary_512,F,34,8,Artibonite,Dessalines,92,1/13/2025
513,Beneficiary_513,F,66,4,Sud,Port-Salut,58,2/17/2025
514,Beneficiary_514,M,35,4,Artibonite,Saint-Marc,52,1/19/2025
515,Beneficiary_515,F,46,5,Ouest,Tabarre,29,1/20/2025
516,Beneficiary_516,M,30,7,Ouest,Tabarre,16,3/14/2025
517,Beneficiary_517,F,42,5,Ouest,Carrefour,62,3/4/2025
518,Beneficiary_518,F,26,8,Sud,Aquin,81,1/22/2025
519,Beneficiary_519,M,12,3,Sud,Port-Salut,20,3/11/2025
520,Beneficiary_520,M,39,9,Artibonite,Gonaives,70,1/5/2025
521,Beneficiary_521,M,65,7,Ouest,Port-au-Prince,40,1/18/2025
522,Beneficiary_522,M,54,3,Sud,Les Cayes,49,1/2/2025
523,Beneficiary_523,F,31,1,Ouest,Carrefour,67,3/21/2025
524,Beneficiary_524,F,46,8,Sud,Aquin,18,1/3/2025
525,Beneficiary_525,M,61,1,Ouest,Carrefour,77,3/9/2025
526,Beneficiary_526,F,23,1,Sud,Port-Salut,57,3/6/2025
527,Beneficiary_527,F,43,3,Sud,Aquin,55,1/14/2025
528,Beneficiary_528,M,25,4,Ouest,Delmas,36,3/21/2025
529,Beneficiary_529,F,34,5,Sud,Port-Salut,73,2/20/2025
530,Beneficiary_530,F,44,8,Ouest,Tabarre,42,3/14/2025
531,Beneficiary_531,F,48,2,Ouest,Delmas,0,3/25/2025
532,Beneficiary_532,M,55,7,Sud,Les Cayes,15,2/18/2025
533,Beneficiary_533,F,28,1,Artibonite,Dessalines,27,3/23/2025
534,Beneficiary_534,M,11,8,Ouest,Delmas,73,2/25/2025
535,Beneficiary_535,M,26,9,Sud,Port-Salut,56,1/6/2025
536,Beneficiary_536,F,34,5,Ouest,Delmas,59,1/6/2025
537,Beneficiary_537,M,36,3,Ouest,Tabarre,24,2/10/2025
538,Beneficiary_538,M,52,7,Ouest,Delmas,40,1/10/2025
539,Beneficiary_539,M,6,7,Artibonite,Gonaives,41,3/28/2025
540,Beneficiary_540,F,62,3,Sud,Port-Salut,67,3/30/2025
541,Beneficiary_541,F,28,1,Sud,Les Cayes,43,1/13/2025
542,Beneficiary_542,M,29,6,Artibonite,Gonaives,91,3/19/2025
543,Beneficiary_543,F,41,6,Sud,Aquin,58,1/4/2025
544,Beneficiary_544,F,53,8,Sud,Port-Salut,54,1/30/2025
545,Beneficiary_545,F,30,7,Artibonite,Dessalines,46,1/24/2025
546,Beneficiary_546,F,33,2,Sud,Aquin,49,3/21/2025
547,Beneficiary_547,M,48,2,Artibonite,Gonaives,51,2/4/2025
548,Beneficiary_548,M,48,7,Ouest,Carrefour,48,2/10/2025
549,Beneficiary_549,M,36,1,Artibonite,Gonaives,10,2/9/2025
550,Beneficiary_550,F,51,2,Artibonite,Saint-Marc,56,1/17/2025
551,Beneficiary_551,F,52,8,Ouest,Delmas,0,3/13/2025
552,Beneficiary_552,F,72,2,Sud,Aquin,47,1/4/2025
553,Beneficiary_553,M,54,6,Ouest,Tabarre,29,2/19/2025
554,Beneficiary_554,F,46,7,Ouest,Tabarre,28,1/11/2025
555,Beneficiary_555,M,23,9,Sud,Aquin,88,1/22/2025
556,Beneficiary_556,M,31,3,Sud,Port-Salut,54,2/4/2025
557,Beneficiary_557,F,50,3,Artibonite,Saint-Marc,59,1/9/2025
558,Beneficiary_558,F,37,7,Ouest,Carrefour,57,2/8/2025
559,Beneficiary_559,F,78,5,Artibonite,Gonaives,48,2/1/2025
560,Beneficiary_560,F,38,4,Sud,Aquin,71,2/28/2025
561,Beneficiary_561,F,54,1,Ouest,Delmas,73,2/20/2025
562,Beneficiary_562,F,46,6,Artibonite,Dessalines,27,2/26/2025
563,Beneficiary_563,M,64,5,Artibonite,Saint-Marc,27,2/11/2025
564,Beneficiary_564,M,40,8,Sud,Aquin,34,2/10/2025
565,Beneficiary_565,F,33,5,Ouest,Carrefour,56,3/30/2025
566,Beneficiary_566,M,40,6,Sud,Port-Salut,58,2/18/2025
567,Beneficiary_567,F,64,2,Artibonite,Saint-Marc,59,3/14/2025
568,Beneficiary_568,M,30,8,Ouest,Delmas,69,1/27/2025
569,Beneficiary_569,M,56,7,Artibonite,Saint-Marc,25,3/28/2025
570,Beneficiary_570,F,45,4,Artibonite,Gonaives,64,2/2/2025
571,Beneficiary_571,F,29,7,Sud,Les Cayes,77,1/10/2025
572,Beneficiary_572,F,32,7,Artibonite,Dessalines,52,3/10/2025
573,Beneficiary_573,F,31,9,Sud,Aquin,50,1/5/2025
574,Beneficiary_574,M,15,2,Artibonite,Dessalines,21,2/1/2025
575,Beneficiary_575,F,63,3,Sud,Aquin,33,3/24/2025
576,Beneficiary_576,F,17,6,Sud,Les Cayes,6,2/25/2025
577,Beneficiary_577,M,23,5,Ouest,Port-au-Prince,23,1/29/2025
578,Beneficiary_578,M,64,8,Sud,Aquin,70,2/17/2025
579,Beneficiary_579,M,22,6,Artibonite,Saint-Marc,95,1/4/2025
580,Beneficiary_580,F,52,7,Artibonite,Gonaives,43,1/11/2025
581,Beneficiary_581,F,0,5,Ouest,Delmas,95,2/13/2025
582,Beneficiary_582,F,9,6,Artibonite,Gonaives,17,3/2/2025
583,Beneficiary_583,F,53,6,Ouest,Carrefour,98,1/9/2025
584,Beneficiary_584,M,59,1,Artibonite,Gonaives,61,2/13/2025
585,Beneficiary_585,M,45,4,Sud,Les Cayes,67,3/8/2025
586,Beneficiary_586,F,48,9,Ouest,Delmas,55,2/24/2025
587,Beneficiary_587,F,36,3,Artibonite,Gonaives,48,1/24/2025
588,Beneficiary_588,F,21,7,Sud,Aquin,44,1/4/2025
589,Beneficiary_589,M,4,8,Sud,Aquin,48,3/17/2025
590,Beneficiary_590,M,17,4,Artibonite,Saint-Marc,27,1/27/2025
591,Beneficiary_591,M,38,2,Artibonite,Dessalines,77,3/10/2025
592,Beneficiary_592,F,51,4,Ouest,Tabarre,18,2/28/2025
593,Beneficiary_593,F,17,9,Ouest,Tabarre,68,3/23/2025
594,Beneficiary_594,F,17,7,Artibonite,Dessalines,45,3/17/2025
595,Beneficiary_595,F,44,8,Ouest,Tabarre,30,3/21/2025
596,Beneficiary_596,M,36,3,Ouest,Tabarre,23,2/10/2025
597,Beneficiary_597,F,24,2,Ouest,Delmas,56,1/24/2025
598,Beneficiary_598,M,6,9,Artibonite,Dessalines,58,2/19/2025
599,Beneficiary_599,M,34,7,Artibonite,Dessalines,61,2/24/2025
600,Beneficiary_600,M,39,9,Ouest,Carrefour,77,1/22/2025
601,Beneficiary_601,M,37,3,Artibonite,Saint-Marc,41,2/10/2025
602,Beneficiary_602,M,37,6,Artibonite,Dessalines,60,1/2/2025
603,Beneficiary_603,M,35,7,Artibonite,Gonaives,50,3/13/2025
604,Beneficiary_604,F,22,7,Sud,Aquin,36,3/29/2025
605,Beneficiary_605,F,9,8,Artibonite,Saint-Marc,84,1/22/2025
606,Beneficiary_606,M,12,5,Ouest,Port-au-Prince,36,1/5/2025
607,Beneficiary_607,F,22,3,Artibonite,Gonaives,67,2/28/2025
608,Beneficiary_608,F,29,9,Sud,Aquin,74,3/7/2025
609,Beneficiary_609,F,22,9,Ouest,Port-au-Prince,55,2/16/2025
610,Beneficiary_610,F,19,9,Sud,Les Cayes,92,1/28/2025
611,Beneficiary_611,M,13,5,Artibonite,Gonaives,56,1/5/2025
612,Beneficiary_612,F,46,2,Artibonite,Saint-Marc,58,2/26/2025
613,Beneficiary_613,M,31,6,Ouest,Delmas,47,3/20/2025
614,Beneficiary_614,M,35,3,Sud,Port-Salut,47,1/27/2025
615,Beneficiary_615,F,52,9,Ouest,Port-au-Prince,94,2/5/2025
616,Beneficiary_616,M,24,6,Sud,Aquin,22,2/7/2025
617,Beneficiary_617,F,33,9,Artibonite,Dessalines,100,3/28/2025
618,Beneficiary_618,F,20,1,Ouest,Delmas,82,2/5/2025
619,Beneficiary_619,M,65,4,Sud,Les Cayes,38,1/19/2025
620,Beneficiary_620,M,45,7,Sud,Port-Salut,82,3/4/2025
621,Beneficiary_621,F,28,7,Ouest,Tabarre,45,2/27/2025
622,Beneficiary_622,F,24,9,Ouest,Port-au-Prince,29,2/5/2025
623,Beneficiary_623,F,23,8,Sud,Port-Salut,25,2/11/2025
624,Beneficiary_624,M,35,8,Sud,Les Cayes,34,3/23/2025
625,Beneficiary_625,F,39,2,Sud,Aquin,18,3/10/2025
626,Beneficiary_626,F,40,4,Artibonite,Gonaives,66,3/5/2025
627,Beneficiary_627,F,0,6,Artibonite,Saint-Marc,57,3/12/2025
628,Beneficiary_628,F,57,6,Sud,Les Cayes,25,3/29/2025
629,Beneficiary_629,M,65,8,Ouest,Port-au-Prince,58,1/3/2025
630,Beneficiary_630,F,22,8,Ouest,Delmas,48,1/1/2025
631,Beneficiary_631,M,45,5,Artibonite,Gonaives,51,1/21/2025
632,Beneficiary_632,F,44,5,Artibonite,Gonaives,31,1/11/2025
633,Beneficiary_633,M,38,1,Artibonite,Dessalines,21,2/20/2025
634,Beneficiary_634,M,32,7,Sud,Port-Salut,31,3/25/2025
635,Beneficiary_635,M,21,4,Ouest,Port-au-Prince,74,3/3/2025
636,Beneficiary_636,M,54,9,Ouest,Delmas,62,3/29/2025
637,Beneficiary_637,M,15,6,Artibonite,Gonaives,43,1/16/2025
638,Beneficiary_638,M,56,8,Artibonite,Dessalines,52,1/10/2025
639,Beneficiary_639,M,76,2,Ouest,Carrefour,57,1/14/2025
640,Beneficiary_640,F,38,3,Artibonite,Saint-Marc,43,2/18/2025
641,Beneficiary_641,M,37,9,Ouest,Delmas,46,3/14/2025
642,Beneficiary_642,F,47,6,Ouest,Delmas,69,1/28/2025
643,Beneficiary_643,M,20,7,Sud,Aquin,23,3/20/2025
644,Beneficiary_644,M,1,2,Sud,Port-Salut,60,1/13/2025
645,Beneficiary_645,F,15,6,Ouest,Port-au-Prince,6,2/24/2025
646,Beneficiary_646,M,41,5,Artibonite,Gonaives,99,3/24/2025
647,Beneficiary_647,F,34,1,Ouest,Delmas,66,3/26/2025
648,Beneficiary_648,M,36,7,Artibonite,Gonaives,48,2/7/2025
649,Beneficiary_649,M,51,8,Sud,Les Cayes,44,2/19/2025
650,Beneficiary_650,F,39,2,Ouest,Delmas,56,3/9/2025
651,Beneficiary_651,F,22,3,Ouest,Tabarre,69,2/19/2025
652,Beneficiary_652,F,31,9,Sud,Port-Salut,34,3/29/2025
653,Beneficiary_653,M,44,1,Ouest,Carrefour,32,3/17/2025
654,Beneficiary_654,F,35,4,Ouest,Port-au-Prince,49,1/6/2025
655,Beneficiary_655,F,54,9,Ouest,Carrefour,59,2/23/2025
656,Beneficiary_656,F,34,2,Artibonite,Dessalines,66,3/23/2025
657,Beneficiary_657,M,60,5,Sud,Aquin,61,1/11/2025
658,Beneficiary_658,M,35,3,Artibonite,Gonaives,23,3/10/2025
659,Beneficiary_659,M,15,5,Artibonite,Saint-Marc,43,3/31/2025
660,Beneficiary_660,M,24,1,Artibonite,Dessalines,46,2/1/2025
661,Beneficiary_661,M,36,8,Ouest,Carrefour,60,3/20/2025
662,Beneficiary_662,F,33,3,Sud,Les Cayes,59,1/16/2025
663,Beneficiary_663,M,36,3,Ouest,Delmas,10,3/5/2025
664,Beneficiary_664,F,18,3,Artibonite,Dessalines,47,2/17/2025
665,Beneficiary_665,M,13,1,Ouest,Tabarre,61,2/12/2025
666,Beneficiary_666,M,62,5,Artibonite,Saint-Marc,74,3/15/2025
667,Beneficiary_667,F,31,8,Sud,Les Cayes,79,3/7/2025
668,Beneficiary_668,F,37,3,Artibonite,Gonaives,43,2/17/2025
669,Beneficiary_669,M,23,2,Ouest,Tabarre,43,1/30/2025
670,Beneficiary_670,M,28,1,Sud,Aquin,53,1/2/2025
671,Beneficiary_671,F,37,6,Ouest,Port-au-Prince,50,2/19/2025
672,Beneficiary_672,M,42,9,Ouest,Delmas,73,3/25/2025
673,Beneficiary_673,F,52,4,Artibonite,Gonaives,20,2/23/2025
674,Beneficiary_674,F,0,2,Sud,Port-Salut,68,3/15/2025
675,Beneficiary_675,M,10,3,Artibonite,Gonaives,45,1/29/2025
676,Beneficiary_676,F,13,2,Sud,Les Cayes,13,3/1/2025
677,Beneficiary_677,F,44,2,Artibonite,Saint-Marc,65,3/12/2025
678,Beneficiary_678,F,24,4,Artibonite,Gonaives,0,2/7/2025
679,Beneficiary_679,M,25,8,Sud,Port-Salut,57,2/17/2025
680,Beneficiary_680,M,8,9,Sud,Port-Salut,53,2/1/2025
681,Beneficiary_681,F,34,1,Ouest,Port-au-Prince,61,1/30/2025
682,Beneficiary_682,M,37,6,Sud,Port-Salut,30,1/1/2025
683,Beneficiary_683,F,56,2,Sud,Port-Salut,46,1/27/2025
684,Beneficiary_684,F,34,8,Sud,Les Cayes,31,1/8/2025
685,Beneficiary_685,M,27,1,Ouest,Tabarre,32,1/30/2025
686,Beneficiary_686,F,31,8,Sud,Port-Salut,84,1/11/2025
687,Beneficiary_687,M,10,7,Sud,Les Cayes,17,1/10/2025
688,Beneficiary_688,M,61,7,Sud,Aquin,45,3/26/2025
689,Beneficiary_689,F,22,5,Ouest,Delmas,70,2/10/2025
690,Beneficiary_690,F,24,6,Artibonite,Dessalines,86,2/27/2025
691,Beneficiary_691,M,47,4,Artibonite,Gonaives,40,1/18/2025
692,Beneficiary_692,M,73,2,Sud,Les Cayes,37,1/22/2025
693,Beneficiary_693,F,48,7,Artibonite,Saint-Marc,55,1/16/2025
694,Beneficiary_694,M,58,8,Sud,Port-Salut,81,2/9/2025
695,Beneficiary_695,M,35,2,Artibonite,Saint-Marc,34,1/21/2025
696,Beneficiary_696,M,43,4,Sud,Port-Salut,36,2/11/2025
697,Beneficiary_697,M,71,6,Ouest,Port-au-Prince,52,2/20/2025
698,Beneficiary_698,F,28,5,Sud,Les Cayes,53,1/23/2025
699,Beneficiary_699,F,10,9,Ouest,Carrefour,30,3/12/2025
700,Beneficiary_700,F,56,2,Ouest,Port-au-Prince,36,1/18/2025
701,Beneficiary_701,M,16,4,Ouest,Port-au-Prince,60,1/17/2025
702,Beneficiary_702,F,56,2,Ouest,Carrefour,64,3/16/2025
703,Beneficiary_703,M,52,1,Sud,Port-Salut,34,1/9/2025
704,Beneficiary_704,M,9,2,Ouest,Carrefour,80,2/12/2025
705,Beneficiary_705,F,29,1,Ouest,Port-au-Prince,44,1/22/2025
706,Beneficiary_706,F,58,8,Sud,Port-Salut,61,1/4/2025
707,Beneficiary_707,F,43,3,Artibonite,Dessalines,93,2/15/2025
708,Beneficiary_708,F,23,5,Ouest,Delmas,68,2/27/2025
709,Beneficiary_709,M,36,5,Ouest,Port-au-Prince,55,3/5/2025
710,Beneficiary_710,F,62,1,Artibonite,Dessalines,60,1/12/2025
711,Beneficiary_711,M,44,7,Artibonite,Saint-Marc,71,1/26/2025
712,Beneficiary_712,M,28,9,Sud,Aquin,33,1/3/2025
713,Beneficiary_713,F,16,8,Artibonite,Dessalines,10,3/11/2025
714,Beneficiary_714,F,72,7,Artibonite,Saint-Marc,27,2/4/2025
715,Beneficiary_715,F,31,4,Ouest,Port-au-Prince,44,1/4/2025
716,Beneficiary_716,F,40,9,Artibonite,Gonaives,66,2/15/2025
717,Beneficiary_717,M,50,2,Sud,Les Cayes,38,2/1/2025
718,Beneficiary_718,F,31,9,Sud,Les Cayes,55,1/8/2025
719,Beneficiary_719,F,30,3,Ouest,Carrefour,82,1/23/2025
720,Beneficiary_720,F,43,1,Ouest,Tabarre,64,3/31/2025
721,Beneficiary_721,M,46,4,Artibonite,Dessalines,73,3/5/2025
722,Beneficiary_722,M,38,8,Sud,Port-Salut,24,1/5/2025
723,Beneficiary_723,M,42,4,Ouest,Port-au-Prince,36,1/3/2025
724,Beneficiary_724,M,25,6,Sud,Port-Salut,61,3/20/2025
725,Beneficiary_725,F,57,3,Ouest,Delmas,50,2/11/2025
726,Beneficiary_726,M,40,3,Ouest,Port-au-Prince,84,1/15/2025
727,Beneficiary_727,M,39,6,Sud,Port-Salut,100,3/26/2025
728,Beneficiary_728,M,45,6,Artibonite,Dessalines,14,2/8/2025
729,Beneficiary_729,M,48,7,Artibonite,Gonaives,57,3/23/2025
730,Beneficiary_730,F,58,3,Artibonite,Dessalines,63,3/13/2025
731,Beneficiary_731,F,32,4,Sud,Aquin,25,3/27/2025
732,Beneficiary_732,F,31,5,Sud,Les Cayes,32,3/30/2025
733,Beneficiary_733,M,24,1,Artibonite,Gonaives,61,3/31/2025
734,Beneficiary_734,M,65,3,Sud,Port-Salut,57,3/19/2025
735,Beneficiary_735,M,13,2,Artibonite,Dessalines,58,3/5/2025
736,Beneficiary_736,M,56,4,Ouest,Tabarre,37,2/14/2025
737,Beneficiary_737,M,32,6,Artibonite,Gonaives,50,2/27/2025
738,Beneficiary_738,M,20,4,Ouest,Tabarre,62,3/30/2025
739,Beneficiary_739,F,32,2,Ouest,Tabarre,58,1/1/2025
740,Beneficiary_740,F,19,7,Ouest,Carrefour,41,1/22/2025
741,Beneficiary_741,F,48,6,Artibonite,Saint-Marc,42,3/11/2025
742,Beneficiary_742,F,66,4,Artibonite,Gonaives,42,1/21/2025
743,Beneficiary_743,M,39,5,Artibonite,Gonaives,68,1/3/2025
744,Beneficiary_744,M,9,2,Artibonite,Saint-Marc,14,2/13/2025
745,Beneficiary_745,M,7,2,Ouest,Carrefour,75,3/12/2025
746,Beneficiary_746,F,25,1,Ouest,Tabarre,100,2/25/2025
747,Beneficiary_747,F,24,3,Sud,Les Cayes,53,1/7/2025
748,Beneficiary_748,M,62,4,Ouest,Tabarre,90,2/22/2025
749,Beneficiary_749,F,72,5,Sud,Aquin,74,2/8/2025
750,Beneficiary_750,M,53,7,Ouest,Port-au-Prince,61,3/15/2025
751,Beneficiary_751,M,49,1,Sud,Port-Salut,38,2/16/2025
752,Beneficiary_752,M,20,5,Ouest,Carrefour,49,3/26/2025
753,Beneficiary_753,F,31,4,Sud,Aquin,40,1/13/2025
754,Beneficiary_754,M,47,5,Ouest,Delmas,69,1/11/2025
755,Beneficiary_755,F,36,7,Artibonite,Gonaives,79,3/2/2025
756,Beneficiary_756,F,14,2,Artibonite,Dessalines,46,3/24/2025
757,Beneficiary_757,M,22,6,Sud,Port-Salut,12,2/18/2025
758,Beneficiary_758,F,33,1,Artibonite,Gonaives,47,2/3/2025
759,Beneficiary_759,F,62,4,Artibonite,Saint-Marc,62,2/4/2025
760,Beneficiary_760,M,16,2,Sud,Les Cayes,87,1/11/2025
761,Beneficiary_761,F,56,4,Sud,Port-Salut,61,3/12/2025
762,Beneficiary_762,F,30,9,Ouest,Carrefour,30,3/29/2025
763,Beneficiary_763,M,28,8,Artibonite,Dessalines,71,2/8/2025
764,Beneficiary_764,M,68,9,Ouest,Carrefour,80,3/15/2025
765,Beneficiary_765,M,26,2,Sud,Aquin,27,2/27/2025
766,Beneficiary_766,M,37,4,Ouest,Delmas,14,1/17/2025
767,Beneficiary_767,M,40,7,Ouest,Carrefour,47,1/26/2025
768,Beneficiary_768,F,26,6,Sud,Les Cayes,18,1/9/2025
769,Beneficiary_769,F,44,9,Ouest,Carrefour,39,2/11/2025
770,Beneficiary_770,F,13,1,Artibonite,Dessalines,0,3/31/2025
771,Beneficiary_771,F,34,2,Sud,Aquin,85,2/23/2025
772,Beneficiary_772,M,64,2,Ouest,Delmas,40,3/14/2025
773,Beneficiary_773,F,24,7,Ouest,Tabarre,59,2/3/2025
774,Beneficiary_774,F,17,8,Artibonite,Dessalines,56,1/5/2025
775,Beneficiary_775,F,48,3,Ouest,Tabarre,74,3/21/2025
776,Beneficiary_776,F,33,1,Sud,Aquin,45,2/20/2025
777,Beneficiary_777,M,19,1,Artibonite,Dessalines,33,3/2/2025
778,Beneficiary_778,M,30,6,Artibonite,Saint-Marc,57,2/8/2025
779,Beneficiary_779,F,51,2,Artibonite,Saint-Marc,33,1/30/2025
780,Beneficiary_780,F,61,6,Ouest,Tabarre,44,2/4/2025
781,Beneficiary_781,M,34,4,Sud,Port-Salut,35,2/26/2025
782,Beneficiary_782,F,0,9,Ouest,Carrefour,67,2/17/2025
783,Beneficiary_783,M,48,5,Ouest,Delmas,44,3/6/2025
784,Beneficiary_784,M,36,3,Artibonite,Gonaives,60,1/25/2025
785,Beneficiary_785,M,6,1,Ouest,Port-au-Prince,39,2/28/2025
786,Beneficiary_786,M,49,5,Ouest,Tabarre,24,2/17/2025
787,Beneficiary_787,F,40,2,Artibonite,Dessalines,22,3/29/2025
788,Beneficiary_788,F,43,8,Ouest,Delmas,49,3/18/2025
789,Beneficiary_789,F,5,9,Artibonite,Gonaives,73,2/14/2025
790,Beneficiary_790,F,21,2,Artibonite,Gonaives,33,2/6/2025
791,Beneficiary_791,M,38,3,Ouest,Carrefour,72,3/15/2025
792,Beneficiary_792,M,16,4,Ouest,Delmas,51,2/4/2025
793,Beneficiary_793,M,42,1,Sud,Port-Salut,63,3/2/2025
794,Beneficiary_794,M,38,4,Ouest,Delmas,42,2/2/2025
795,Beneficiary_795,F,20,7,Sud,Port-Salut,51,2/18/2025
796,Beneficiary_796,F,15,4,Artibonite,Saint-Marc,0,3/1/2025
797,Beneficiary_797,F,42,2,Artibonite,Dessalines,68,1/1/2025
798,Beneficiary_798,F,0,9,Sud,Aquin,29,3/24/2025
799,Beneficiary_799,F,46,5,Sud,Aquin,91,3/29/2025
800,Beneficiary_800,M,35,6,Ouest,Carrefour,35,2/5/2025
801,Beneficiary_801,F,31,5,Sud,Port-Salut,77,3/25/2025
802,Beneficiary_802,F,23,4,Sud,Aquin,34,1/20/2025
803,Beneficiary_803,M,26,7,Sud,Les Cayes,30,3/26/2025
804,Beneficiary_804,M,37,1,Artibonite,Dessalines,82,3/25/2025
805,Beneficiary_805,F,40,7,Artibonite,Saint-Marc,44,2/21/2025
806,Beneficiary_806,M,29,4,Artibonite,Dessalines,18,2/13/2025
807,Beneficiary_807,M,50,9,Sud,Aquin,48,3/23/2025
808,Beneficiary_808,F,31,9,Artibonite,Dessalines,100,2/8/2025
809,Beneficiary_809,F,40,2,Ouest,Delmas,34,3/2/2025
810,Beneficiary_810,M,27,6,Ouest,Tabarre,72,3/25/2025
811,Beneficiary_811,F,37,4,Ouest,Delmas,21,2/9/2025
812,Beneficiary_812,F,51,5,Artibonite,Saint-Marc,36,3/16/2025
813,Beneficiary_813,M,68,8,Artibonite,Saint-Marc,71,1/7/2025
814,Beneficiary_814,M,26,8,Sud,Aquin,75,1/25/2025
815,Beneficiary_815,F,36,9,Sud,Les Cayes,67,2/8/2025
816,Beneficiary_816,M,43,3,Artibonite,Gonaives,33,1/26/2025
817,Beneficiary_817,F,23,3,Artibonite,Saint-Marc,70,2/10/2025
818,Beneficiary_818,M,28,8,Sud,Les Cayes,41,2/12/2025
819,Beneficiary_819,F,17,1,Sud,Les Cayes,58,1/1/2025
820,Beneficiary_820,M,72,3,Artibonite,Saint-Marc,28,3/15/2025
821,Beneficiary_821,M,35,3,Ouest,Carrefour,78,3/20/2025
822,Beneficiary_822,F,33,7,Artibonite,Dessalines,59,2/24/2025
823,Beneficiary_823,M,15,1,Artibonite,Saint-Marc,58,3/10/2025
824,Beneficiary_824,M,31,6,Ouest,Tabarre,69,3/9/2025
825,Beneficiary_825,M,56,4,Ouest,Port-au-Prince,100,1/29/2025
826,Beneficiary_826,F,45,3,Sud,Port-Salut,56,1/14/2025
827,Beneficiary_827,F,38,3,Artibonite,Dessalines,42,1/9/2025
828,Beneficiary_828,F,41,8,Ouest,Tabarre,44,3/8/2025
829,Beneficiary_829,F,38,7,Sud,Aquin,76,3/29/2025
830,Beneficiary_830,F,16,6,Ouest,Tabarre,72,1/25/2025
831,Beneficiary_831,M,58,4,Ouest,Carrefour,47,1/29/2025
832,Beneficiary_832,M,0,1,Sud,Les Cayes,37,3/17/2025
833,Beneficiary_833,M,58,6,Sud,Les Cayes,49,3/25/2025
834,Beneficiary_834,F,17,9,Ouest,Carrefour,39,3/21/2025
835,Beneficiary_835,M,50,1,Ouest,Port-au-Prince,60,1/7/2025
836,Beneficiary_836,F,30,8,Sud,Les Cayes,42,2/18/2025
837,Beneficiary_837,F,27,3,Ouest,Tabarre,31,1/27/2025
838,Beneficiary_838,M,64,5,Sud,Aquin,43,2/23/2025
839,Beneficiary_839,F,56,3,Sud,Les Cayes,80,2/23/2025
840,Beneficiary_840,F,52,2,Ouest,Port-au-Prince,41,1/14/2025
841,Beneficiary_841,M,42,5,Artibonite,Gonaives,49,3/8/2025
842,Beneficiary_842,F,18,5,Ouest,Tabarre,56,1/21/2025
843,Beneficiary_843,M,13,8,Ouest,Carrefour,73,2/12/2025
844,Beneficiary_844,M,26,2,Ouest,Port-au-Prince,54,1/15/2025
845,Beneficiary_845,F,40,3,Sud,Aquin,44,1/12/2025
846,Beneficiary_846,M,45,5,Sud,Les Cayes,40,3/24/2025
847,Beneficiary_847,F,50,5,Ouest,Carrefour,23,3/1/2025
848,Beneficiary_848,M,37,1,Ouest,Port-au-Prince,88,2/7/2025
849,Beneficiary_849,F,16,7,Artibonite,Dessalines,36,1/15/2025
850,Beneficiary_850,M,44,3,Ouest,Port-au-Prince,53,3/26/2025
851,Beneficiary_851,F,41,6,Sud,Les Cayes,59,2/26/2025
852,Beneficiary_852,M,46,6,Sud,Port-Salut,72,2/13/2025
853,Beneficiary_853,F,42,7,Ouest,Port-au-Prince,45,2/28/2025
854,Beneficiary_854,F,47,7,Artibonite,Saint-Marc,87,3/25/2025
855,Beneficiary_855,M,32,1,Ouest,Port-au-Prince,30,1/21/2025
856,Beneficiary_856,F,54,8,Ouest,Carrefour,47,1/24/2025
857,Beneficiary_857,F,0,1,Sud,Port-Salut,66,3/29/2025
858,Beneficiary_858,F,25,8,Sud,Les Cayes,48,1/15/2025
859,Beneficiary_859,M,40,2,Artibonite,Saint-Marc,53,2/3/2025
860,Beneficiary_860,M,47,9,Sud,Port-Salut,41,3/15/2025
861,Beneficiary_861,M,44,6,Sud,Aquin,44,3/8/2025
862,Beneficiary_862,M,48,7,Sud,Aquin,62,3/26/2025
863,Beneficiary_863,F,18,6,Sud,Les Cayes,71,3/26/2025
864,Beneficiary_864,F,25,3,Sud,Aquin,66,3/13/2025
865,Beneficiary_865,M,41,3,Sud,Les Cayes,86,3/6/2025
866,Beneficiary_866,M,30,2,Artibonite,Saint-Marc,43,3/4/2025
867,Beneficiary_867,F,34,5,Artibonite,Gonaives,43,1/7/2025
868,Beneficiary_868,F,49,7,Sud,Les Cayes,17,1/31/2025
869,Beneficiary_869,F,16,8,Ouest,Carrefour,28,1/12/2025
870,Beneficiary_870,F,52,2,Artibonite,Saint-Marc,84,3/5/2025
871,Beneficiary_871,M,33,2,Sud,Aquin,46,2/21/2025
872,Beneficiary_872,M,36,2,Artibonite,Gonaives,73,3/19/2025
873,Beneficiary_873,F,18,9,Sud,Aquin,54,3/13/2025
874,Beneficiary_874,F,52,6,Ouest,Carrefour,60,1/7/2025
875,Beneficiary_875,F,38,9,Ouest,Carrefour,70,3/21/2025
876,Beneficiary_876,F,0,8,Sud,Port-Salut,63,1/15/2025
877,Beneficiary_877,M,23,6,Ouest,Delmas,13,2/15/2025
878,Beneficiary_878,F,44,2,Sud,Port-Salut,77,1/6/2025
879,Beneficiary_879,M,32,7,Ouest,Carrefour,69,1/14/2025
880,Beneficiary_880,M,64,4,Artibonite,Dessalines,76,1/16/2025
881,Beneficiary_881,F,64,4,Artibonite,Gonaives,64,2/13/2025
882,Beneficiary_882,M,36,2,Ouest,Carrefour,17,2/27/2025
883,Beneficiary_883,M,30,8,Artibonite,Dessalines,33,1/1/2025
884,Beneficiary_884,M,74,9,Sud,Aquin,46,2/25/2025
885,Beneficiary_885,M,37,3,Sud,Port-Salut,61,1/17/2025
886,Beneficiary_886,F,35,9,Ouest,Carrefour,83,2/19/2025
887,Beneficiary_887,M,23,5,Artibonite,Dessalines,53,2/20/2025
888,Beneficiary_888,F,21,3,Artibonite,Saint-Marc,23,1/18/2025
889,Beneficiary_889,F,23,9,Artibonite,Dessalines,49,2/10/2025
890,Beneficiary_890,M,27,4,Sud,Aquin,36,1/27/2025
891,Beneficiary_891,F,9,6,Sud,Aquin,48,3/28/2025
892,Beneficiary_892,F,7,2,Ouest,Delmas,65,2/15/2025
893,Beneficiary_893,F,36,9,Sud,Port-Salut,20,2/6/2025
894,Beneficiary_894,M,29,1,Artibonite,Gonaives,34,2/18/2025
895,Beneficiary_895,M,40,4,Ouest,Port-au-Prince,76,2/4/2025
896,Beneficiary_896,F,1,3,Ouest,Tabarre,52,1/8/2025
897,Beneficiary_897,M,32,9,Sud,Port-Salut,63,1/5/2025
898,Beneficiary_898,M,38,9,Artibonite,Saint-Marc,34,1/29/2025
899,Beneficiary_899,F,29,4,Sud,Aquin,34,3/7/2025
900,Beneficiary_900,M,54,7,Sud,Port-Salut,50,2/19/2025
901,Beneficiary_901,F,69,9,Artibonite,Dessalines,48,1/7/2025
902,Beneficiary_902,M,22,8,Ouest,Tabarre,19,1/29/2025
903,Beneficiary_903,F,2,9,Sud,Aquin,18,3/19/2025
904,Beneficiary_904,F,39,8,Ouest,Delmas,60,1/23/2025
905,Beneficiary_905,M,6,3,Sud,Les Cayes,67,3/7/2025
906,Beneficiary_906,M,26,7,Ouest,Carrefour,52,2/5/2025
907,Beneficiary_907,M,64,3,Sud,Port-Salut,67,3/16/2025
908,Beneficiary_908,F,30,8,Artibonite,Gonaives,32,1/20/2025
909,Beneficiary_909,F,0,1,Ouest,Delmas,35,3/22/2025
910,Beneficiary_910,F,31,8,Sud,Aquin,30,3/15/2025
911,Beneficiary_911,M,32,6,Sud,Port-Salut,51,3/9/2025
912,Beneficiary_912,M,30,9,Ouest,Delmas,36,1/21/2025
913,Beneficiary_913,F,38,2,Artibonite,Dessalines,58,2/14/2025
914,Beneficiary_914,F,15,6,Ouest,Delmas,78,2/16/2025
915,Beneficiary_915,F,33,9,Artibonite,Gonaives,50,3/25/2025
916,Beneficiary_916,F,47,8,Ouest,Port-au-Prince,54,1/31/2025
917,Beneficiary_917,M,52,1,Sud,Aquin,55,3/29/2025
918,Beneficiary_918,M,23,7,Artibonite,Saint-Marc,57,2/2/2025
919,Beneficiary_919,F,14,1,Sud,Aquin,52,3/8/2025
920,Beneficiary_920,F,34,8,Artibonite,Dessalines,45,1/6/2025
921,Beneficiary_921,M,32,6,Artibonite,Dessalines,12,3/7/2025
922,Beneficiary_922,M,25,9,Ouest,Port-au-Prince,51,3/10/2025
923,Beneficiary_923,M,37,4,Ouest,Port-au-Prince,29,3/29/2025
924,Beneficiary_924,M,57,9,Artibonite,Gonaives,32,3/31/2025
925,Beneficiary_925,M,52,3,Sud,Port-Salut,58,1/4/2025
926,Beneficiary_926,F,23,1,Artibonite,Dessalines,85,1/12/2025
927,Beneficiary_927,M,13,5,Ouest,Port-au-Prince,68,3/13/2025
928,Beneficiary_928,F,53,7,Ouest,Delmas,36,2/19/2025
929,Beneficiary_929,F,60,7,Artibonite,Dessalines,44,2/10/2025
930,Beneficiary_930,M,40,9,Ouest,Carrefour,55,1/1/2025
931,Beneficiary_931,M,32,1,Sud,Aquin,66,3/31/2025
932,Beneficiary_932,M,49,5,Ouest,Tabarre,15,3/29/2025
933,Beneficiary_933,M,58,5,Artibonite,Dessalines,16,2/26/2025
934,Beneficiary_934,M,53,8,Artibonite,Saint-Marc,72,1/21/2025
935,Beneficiary_935,M,15,7,Sud,Les Cayes,41,3/11/2025
936,Beneficiary_936,M,15,5,Artibonite,Dessalines,45,3/28/2025
937,Beneficiary_937,F,29,1,Sud,Aquin,65,3/12/2025
938,Beneficiary_938,M,58,1,Sud,Les Cayes,77,1/1/2025
939,Beneficiary_939,F,24,9,Sud,Aquin,45,3/12/2025
940,Beneficiary_940,M,4,6,Ouest,Tabarre,33,1/28/2025
941,Beneficiary_941,M,52,3,Artibonite,Dessalines,82,1/24/2025
942,Beneficiary_942,M,12,2,Ouest,Tabarre,38,1/24/2025
943,Beneficiary_943,M,34,9,Sud,Aquin,55,3/1/2025
944,Beneficiary_944,M,20,5,Sud,Aquin,58,3/27/2025
945,Beneficiary_945,M,26,4,Ouest,Tabarre,49,3/16/2025
946,Beneficiary_946,F,44,3,Artibonite,Saint-Marc,50,3/27/2025
947,Beneficiary_947,M,27,5,Sud,Les Cayes,47,3/21/2025
948,Beneficiary_948,F,33,8,Ouest,Delmas,42,2/27/2025
949,Beneficiary_949,F,30,3,Artibonite,Dessalines,81,3/14/2025
950,Beneficiary_950,F,45,7,Sud,Port-Salut,44,1/22/2025
951,Beneficiary_951,M,47,4,Ouest,Tabarre,43,3/24/2025
952,Beneficiary_952,F,56,3,Artibonite,Saint-Marc,57,3/28/2025
953,Beneficiary_953,F,33,8,Sud,Port-Salut,58,2/27/2025
954,Beneficiary_954,F,6,9,Artibonite,Saint-Marc,27,1/14/2025
955,Beneficiary_955,F,13,3,Ouest,Port-au-Prince,52,3/10/2025
956,Beneficiary_956,M,66,2,Ouest,Tabarre,94,1/3/2025
957,Beneficiary_957,M,46,7,Sud,Aquin,60,3/17/2025
958,Beneficiary_958,F,2,9,Ouest,Port-au-Prince,39,3/11/2025
959,Beneficiary_959,M,20,6,Artibonite,Dessalines,37,2/20/2025
960,Beneficiary_960,M,31,8,Ouest,Tabarre,40,3/6/2025
961,Beneficiary_961,F,0,6,Sud,Les Cayes,64,3/6/2025
962,Beneficiary_962,M,15,9,Ouest,Delmas,54,1/18/2025
963,Beneficiary_963,M,72,3,Artibonite,Gonaives,31,3/3/2025
964,Beneficiary_964,M,0,8,Artibonite,Gonaives,44,1/30/2025
965,Beneficiary_965,F,54,4,Ouest,Tabarre,89,1/6/2025
966,Beneficiary_966,F,12,7,Sud,Les Cayes,59,3/2/2025
967,Beneficiary_967,M,26,6,Artibonite,Gonaives,47,1/14/2025
968,Beneficiary_968,F,82,5,Sud,Aquin,19,3/16/2025
969,Beneficiary_969,M,39,7,Sud,Aquin,59,3/25/2025
970,Beneficiary_970,M,54,9,Artibonite,Saint-Marc,51,2/2/2025
971,Beneficiary_971,F,40,6,Artibonite,Gonaives,42,2/14/2025
972,Beneficiary_972,M,39,9,Artibonite,Saint-Marc,43,1/18/2025
973,Beneficiary_973,M,46,2,Artibonite,Gonaives,42,3/7/2025
974,Beneficiary_974,M,41,3,Sud,Port-Salut,49,1/24/2025
975,Beneficiary_975,M,55,4,Ouest,Tabarre,48,2/23/2025
976,Beneficiary_976,M,3,8,Artibonite,Dessalines,75,3/28/2025
977,Beneficiary_977,M,18,3,Artibonite,Saint-Marc,36,3/24/2025
978,Beneficiary_978,M,24,1,Artibonite,Gonaives,77,1/17/2025
979,Beneficiary_979,M,0,3,Sud,Aquin,100,3/22/2025
980,Beneficiary_980,M,54,1,Sud,Les Cayes,54,1/22/2025
981,Beneficiary_981,F,34,1,Artibonite,Gonaives,55,3/26/2025
982,Beneficiary_982,M,44,8,Artibonite,Gonaives,62,3/19/2025
983,Beneficiary_983,M,45,4,Artibonite,Saint-Marc,51,2/22/2025
984,Beneficiary_984,M,31,9,Sud,Les Cayes,46,2/3/2025
985,Beneficiary_985,F,31,2,Ouest,Tabarre,72,1/30/2025
986,Beneficiary_986,M,45,2,Artibonite,Saint-Marc,0,1/3/2025
987,Beneficiary_987,M,46,2,Ouest,Carrefour,53,1/23/2025
988,Beneficiary_988,M,34,9,Artibonite,Dessalines,42,3/6/2025
989,Beneficiary_989,F,55,3,Ouest,Port-au-Prince,68,3/19/2025
990,Beneficiary_990,F,21,9,Sud,Les Cayes,58,2/23/2025
991,Beneficiary_991,F,17,4,Artibonite,Gonaives,22,3/3/2025
992,Beneficiary_992,M,23,7,Artibonite,Saint-Marc,67,1/18/2025
993,Beneficiary_993,M,52,2,Artibonite,Saint-Marc,60,2/6/2025
994,Beneficiary_994,F,48,5,Sud,Aquin,60,1/25/2025
995,Beneficiary_995,M,23,9,Ouest,Port-au-Prince,58,1/1/2025
996,Beneficiary_996,M,49,6,Artibonite,Dessalines,65,2/22/2025
997,Beneficiary_997,M,56,7,Artibonite,Gonaives,64,3/25/2025
998,Beneficiary_998,F,41,9,Sud,Port-Salut,71,2/24/2025
999,Beneficiary_999,F,34,7,Sud,Port-Salut,32,1/27/2025
1000,Beneficiary_1000,F,32,3,Artibonite,Dessalines,35,2/17/2025
1001,Beneficiary_1001,F,22,5,Sud,Aquin,47,2/9/2025
1002,Beneficiary_1002,F,20,3,Sud,Port-Salut,43,3/26/2025
1003,Beneficiary_1003,F,0,3,Ouest,Delmas,54,1/13/2025
1004,Beneficiary_1004,F,35,9,Ouest,Carrefour,33,3/20/2025
1005,Beneficiary_1005,M,46,3,Sud,Aquin,68,2/19/2025
1006,Beneficiary_1006,M,6,3,Sud,Les Cayes,34,3/2/2025
1007,Beneficiary_1007,M,21,2,Sud,Port-Salut,31,2/3/2025
1008,Beneficiary_1008,M,49,1,Ouest,Tabarre,46,2/19/2025
1009,Beneficiary_1009,F,30,1,Artibonite,Dessalines,9,1/23/2025
1010,Beneficiary_1010,F,46,1,Sud,Port-Salut,25,1/26/2025
1011,Beneficiary_1011,F,36,4,Sud,Aquin,55,1/5/2025
1012,Beneficiary_1012,M,59,3,Sud,Aquin,23,3/28/2025
1013,Beneficiary_1013,M,0,1,Ouest,Tabarre,53,1/21/2025
1014,Beneficiary_1014,F,67,6,Ouest,Tabarre,74,3/27/2025
1015,Beneficiary_1015,M,38,9,Artibonite,Saint-Marc,40,1/2/2025
1016,Beneficiary_1016,M,49,2,Sud,Aquin,30,3/12/2025
1017,Beneficiary_1017,F,43,6,Artibonite,Dessalines,60,2/5/2025
1018,Beneficiary_1018,F,54,7,Ouest,Delmas,100,3/15/2025
1019,Beneficiary_1019,M,42,7,Ouest,Tabarre,39,3/6/2025
1020,Beneficiary_1020,F,34,6,Ouest,Port-au-Prince,14,1/15/2025
1021,Beneficiary_1021,F,22,8,Sud,Port-Salut,41,2/18/2025
1022,Beneficiary_1022,M,25,6,Sud,Port-Salut,53,2/28/2025
1023,Beneficiary_1023,M,20,8,Sud,Port-Salut,72,1/15/2025
1024,Beneficiary_1024,F,35,4,Artibonite,Gonaives,49,3/28/2025
1025,Beneficiary_1025,F,29,7,Sud,Les Cayes,53,2/15/2025
1026,Beneficiary_1026,M,49,5,Sud,Aquin,32,2/1/2025
1027,Beneficiary_1027,F,23,6,Artibonite,Gonaives,43,1/10/2025
1028,Beneficiary_1028,F,10,6,Sud,Les Cayes,33,2/15/2025
1029,Beneficiary_1029,M,26,4,Ouest,Tabarre,67,3/5/2025
1030,Beneficiary_1030,M,39,4,Sud,Les Cayes,53,2/3/2025
1031,Beneficiary_1031,M,50,4,Ouest,Delmas,47,3/21/2025
1032,Beneficiary_1032,M,42,2,Artibonite,Gonaives,47,1/11/2025
1033,Beneficiary_1033,F,39,1,Sud,Aquin,38,3/11/2025
1034,Beneficiary_1034,F,0,6,Ouest,Carrefour,47,3/5/2025
1035,Beneficiary_1035,F,60,3,Sud,Port-Salut,68,3/7/2025
1036,Beneficiary_1036,M,52,3,Artibonite,Saint-Marc,74,1/7/2025
1037,Beneficiary_1037,F,36,9,Sud,Port-Salut,53,1/5/2025
1038,Beneficiary_1038,F,23,3,Sud,Port-Salut,43,2/28/2025
1039,Beneficiary_1039,F,46,1,Ouest,Carrefour,74,1/2/2025
1040,Beneficiary_1040,F,32,2,Sud,Les Cayes,40,2/11/2025
1041,Beneficiary_1041,F,35,3,Artibonite,Dessalines,62,3/12/2025
1042,Beneficiary_1042,F,9,8,Artibonite,Gonaives,4,3/20/2025
1043,Beneficiary_1043,M,25,8,Artibonite,Saint-Marc,25,2/24/2025
1044,Beneficiary_1044,F,25,6,Ouest,Carrefour,47,2/21/2025
1045,Beneficiary_1045,M,26,3,Artibonite,Saint-Marc,79,3/15/2025
1046,Beneficiary_1046,M,40,5,Sud,Les Cayes,56,1/31/2025
1047,Beneficiary_1047,F,46,4,Sud,Port-Salut,27,1/19/2025
1048,Beneficiary_1048,F,53,1,Sud,Les Cayes,48,1/23/2025
1049,Beneficiary_1049,M,47,9,Artibonite,Saint-Marc,28,3/10/2025
1050,Beneficiary_1050,F,7,5,Sud,Port-Salut,66,2/2/2025
1051,Beneficiary_1051,M,41,7,Sud,Aquin,31,1/13/2025
1052,Beneficiary_1052,M,19,4,Sud,Les Cayes,72,2/2/2025
1053,Beneficiary_1053,M,13,8,Artibonite,Dessalines,82,2/12/2025
1054,Beneficiary_1054,F,18,9,Artibonite,Saint-Marc,62,3/13/2025
1055,Beneficiary_1055,M,29,7,Artibonite,Saint-Marc,62,1/16/2025
1056,Beneficiary_1056,M,25,9,Artibonite,Dessalines,46,1/23/2025
1057,Beneficiary_1057,F,35,9,Artibonite,Saint-Marc,29,3/4/2025
1058,Beneficiary_1058,M,48,7,Sud,Port-Salut,39,3/20/2025
1059,Beneficiary_1059,M,30,3,Artibonite,Saint-Marc,30,3/23/2025
1060,Beneficiary_1060,F,0,2,Artibonite,Saint-Marc,46,1/11/2025
1061,Beneficiary_1061,M,78,6,Ouest,Tabarre,65,2/10/2025
1062,Beneficiary_1062,F,34,7,Sud,Port-Salut,44,2/4/2025
1063,Beneficiary_1063,F,35,7,Artibonite,Saint-Marc,60,1/22/2025
1064,Beneficiary_1064,M,13,4,Ouest,Port-au-Prince,72,3/26/2025
1065,Beneficiary_1065,M,47,4,Artibonite,Dessalines,64,1/22/2025
1066,Beneficiary_1066,M,42,2,Artibonite,Gonaives,50,3/2/2025
1067,Beneficiary_1067,M,47,7,Sud,Les Cayes,61,3/9/2025
1068,Beneficiary_1068,F,28,3,Ouest,Port-au-Prince,38,1/11/2025
1069,Beneficiary_1069,F,36,4,Sud,Port-Salut,80,2/1/2025
1070,Beneficiary_1070,F,12,3,Sud,Port-Salut,20,1/17/2025
1071,Beneficiary_1071,M,37,1,Sud,Les Cayes,51,3/26/2025
1072,Beneficiary_1072,F,38,8,Artibonite,Saint-Marc,54,3/11/2025
1073,Beneficiary_1073,F,30,3,Artibonite,Dessalines,79,3/31/2025
1074,Beneficiary_1074,F,6,7,Sud,Les Cayes,33,3/9/2025
1075,Beneficiary_1075,F,33,6,Sud,Aquin,17,3/3/2025
1076,Beneficiary_1076,M,31,8,Sud,Les Cayes,83,2/9/2025
1077,Beneficiary_1077,F,35,3,Artibonite,Saint-Marc,54,2/8/2025
1078,Beneficiary_1078,M,12,6,Ouest,Port-au-Prince,37,2/6/2025
1079,Beneficiary_1079,M,28,8,Artibonite,Dessalines,43,3/3/2025
1080,Beneficiary_1080,F,58,5,Artibonite,Gonaives,61,3/18/2025
1081,Beneficiary_1081,F,14,4,Ouest,Port-au-Prince,54,2/22/2025
1082,Beneficiary_1082,F,43,4,Sud,Port-Salut,72,1/21/2025
1083,Beneficiary_1083,F,63,7,Sud,Aquin,29,1/29/2025
1084,Beneficiary_1084,F,20,4,Artibonite,Gonaives,24,3/8/2025
1085,Beneficiary_1085,F,30,5,Sud,Aquin,59,3/25/2025
1086,Beneficiary_1086,F,52,7,Sud,Aquin,48,1/25/2025
1087,Beneficiary_1087,M,29,5,Ouest,Delmas,53,1/15/2025
1088,Beneficiary_1088,F,19,5,Sud,Port-Salut,91,3/31/2025
1089,Beneficiary_1089,M,6,6,Sud,Port-Salut,53,1/3/2025
1090,Beneficiary_1090,M,71,3,Ouest,Port-au-Prince,50,1/14/2025
1091,Beneficiary_1091,M,31,8,Artibonite,Saint-Marc,42,1/2/2025
1092,Beneficiary_1092,M,31,1,Ouest,Port-au-Prince,77,3/5/2025
1093,Beneficiary_1093,F,0,5,Ouest,Tabarre,80,3/5/2025
1094,Beneficiary_1094,M,9,6,Artibonite,Saint-Marc,44,1/11/2025
1095,Beneficiary_1095,F,27,7,Ouest,Port-au-Prince,61,1/10/2025
1096,Beneficiary_1096,M,6,4,Sud,Port-Salut,59,2/2/2025
1097,Beneficiary_1097,M,71,4,Artibonite,Gonaives,22,2/19/2025
1098,Beneficiary_1098,M,38,4,Artibonite,Gonaives,36,2/28/2025
1099,Beneficiary_1099,M,42,8,Sud,Les Cayes,50,2/19/2025
1100,Beneficiary_1100,F,23,3,Sud,Port-Salut,59,3/22/2025
1101,Beneficiary_1101,M,67,5,Sud,Les Cayes,46,3/3/2025
1102,Beneficiary_1102,M,47,6,Sud,Port-Salut,24,1/7/2025
1103,Beneficiary_1103,M,17,4,Sud,Les Cayes,59,3/23/2025
1104,Beneficiary_1104,M,61,3,Artibonite,Saint-Marc,57,2/5/2025
1105,Beneficiary_1105,F,29,4,Sud,Les Cayes,49,1/2/2025
1106,Beneficiary_1106,M,12,6,Ouest,Carrefour,62,1/12/2025
1107,Beneficiary_1107,F,50,2,Ouest,Delmas,40,3/29/2025
1108,Beneficiary_1108,M,26,1,Sud,Port-Salut,55,2/15/2025
1109,Beneficiary_1109,M,27,3,Sud,Les Cayes,48,3/4/2025
1110,Beneficiary_1110,F,72,8,Ouest,Tabarre,45,1/25/2025
1111,Beneficiary_1111,F,28,3,Ouest,Carrefour,37,2/2/2025
1112,Beneficiary_1112,F,48,9,Ouest,Carrefour,46,2/7/2025
1113,Beneficiary_1113,F,23,4,Sud,Aquin,76,3/14/2025
1114,Beneficiary_1114,F,60,8,Ouest,Tabarre,37,2/5/2025
1115,Beneficiary_1115,M,1,2,Sud,Aquin,70,3/9/2025
1116,Beneficiary_1116,F,22,5,Ouest,Carrefour,65,3/11/2025
1117,Beneficiary_1117,M,0,9,Artibonite,Saint-Marc,67,2/18/2025
1118,Beneficiary_1118,M,13,6,Sud,Les Cayes,64,3/21/2025
1119,Beneficiary_1119,M,35,9,Ouest,Tabarre,30,2/19/2025
1120,Beneficiary_1120,M,27,5,Ouest,Carrefour,63,2/11/2025
1121,Beneficiary_1121,F,36,2,Artibonite,Dessalines,61,1/13/2025
1122,Beneficiary_1122,M,70,1,Sud,Aquin,18,1/17/2025
1123,Beneficiary_1123,M,64,2,Ouest,Port-au-Prince,52,3/4/2025
1124,Beneficiary_1124,M,18,7,Ouest,Port-au-Prince,23,3/26/2025
1125,Beneficiary_1125,F,31,1,Artibonite,Dessalines,68,2/16/2025
1126,Beneficiary_1126,M,32,4,Ouest,Port-au-Prince,80,3/25/2025
1127,Beneficiary_1127,F,8,1,Artibonite,Gonaives,49,2/16/2025
1128,Beneficiary_1128,F,12,6,Sud,Aquin,57,1/8/2025
1129,Beneficiary_1129,M,50,2,Sud,Port-Salut,41,2/8/2025
1130,Beneficiary_1130,M,0,2,Ouest,Delmas,53,1/30/2025
1131,Beneficiary_1131,M,42,4,Sud,Port-Salut,58,3/9/2025
1132,Beneficiary_1132,M,57,9,Sud,Les Cayes,28,3/13/2025
1133,Beneficiary_1133,M,47,6,Artibonite,Dessalines,73,3/28/2025
1134,Beneficiary_1134,F,2,2,Artibonite,Dessalines,56,1/22/2025
1135,Beneficiary_1135,F,25,3,Ouest,Carrefour,48,3/10/2025
1136,Beneficiary_1136,F,41,6,Sud,Port-Salut,40,3/12/2025
1137,Beneficiary_1137,F,22,7,Artibonite,Saint-Marc,50,2/11/2025
1138,Beneficiary_1138,M,15,7,Sud,Les Cayes,28,3/12/2025
1139,Beneficiary_1139,F,47,8,Sud,Port-Salut,27,2/27/2025
1140,Beneficiary_1140,M,46,5,Artibonite,Gonaives,59,3/18/2025
1141,Beneficiary_1141,F,3,1,Ouest,Delmas,36,2/8/2025
1142,Beneficiary_1142,F,56,1,Ouest,Delmas,30,3/30/2025
1143,Beneficiary_1143,M,26,2,Artibonite,Dessalines,59,1/5/2025
1144,Beneficiary_1144,M,49,3,Artibonite,Saint-Marc,44,2/3/2025
1145,Beneficiary_1145,M,24,4,Artibonite,Dessalines,78,2/2/2025
1146,Beneficiary_1146,F,66,4,Artibonite,Gonaives,69,1/10/2025
1147,Beneficiary_1147,F,36,3,Sud,Port-Salut,33,3/4/2025
1148,Beneficiary_1148,M,20,5,Sud,Aquin,60,1/5/2025
1149,Beneficiary_1149,F,42,2,Sud,Aquin,78,1/8/2025
1150,Beneficiary_1150,F,46,7,Artibonite,Saint-Marc,19,1/16/2025
1151,Beneficiary_1151,F,53,1,Ouest,Port-au-Prince,30,2/9/2025
1152,Beneficiary_1152,F,28,9,Sud,Les Cayes,55,3/14/2025
1153,Beneficiary_1153,M,70,3,Ouest,Tabarre,100,1/7/2025
1154,Beneficiary_1154,F,45,8,Sud,Aquin,46,3/18/2025
1155,Beneficiary_1155,M,44,4,Sud,Aquin,67,2/25/2025
1156,Beneficiary_1156,M,29,3,Artibonite,Saint-Marc,85,2/13/2025
1157,Beneficiary_1157,M,39,9,Ouest,Carrefour,59,2/21/2025
1158,Beneficiary_1158,F,46,9,Artibonite,Gonaives,58,2/25/2025
1159,Beneficiary_1159,M,50,8,Sud,Les Cayes,37,3/13/2025
1160,Beneficiary_1160,F,24,4,Ouest,Carrefour,27,3/13/2025
1161,Beneficiary_1161,M,42,4,Sud,Aquin,65,1/10/2025
1162,Beneficiary_1162,F,43,2,Artibonite,Saint-Marc,83,1/15/2025
1163,Beneficiary_1163,F,34,6,Sud,Port-Salut,63,2/14/2025
1164,Beneficiary_1164,F,15,1,Ouest,Tabarre,42,2/9/2025
1165,Beneficiary_1165,F,47,3,Ouest,Tabarre,66,2/26/2025
1166,Beneficiary_1166,M,29,6,Ouest,Delmas,48,1/20/2025
1167,Beneficiary_1167,M,7,1,Sud,Les Cayes,42,2/1/2025
1168,Beneficiary_1168,F,51,1,Sud,Les Cayes,61,2/13/2025
1169,Beneficiary_1169,F,44,8,Sud,Les Cayes,50,3/2/2025
1170,Beneficiary_1170,M,35,9,Ouest,Tabarre,36,1/28/2025
1171,Beneficiary_1171,F,47,3,Ouest,Tabarre,58,3/30/2025
1172,Beneficiary_1172,M,43,7,Sud,Aquin,39,3/16/2025
1173,Beneficiary_1173,M,0,5,Sud,Aquin,71,1/22/2025
1174,Beneficiary_1174,M,26,5,Ouest,Tabarre,32,1/7/2025
1175,Beneficiary_1175,M,47,2,Artibonite,Dessalines,42,2/19/2025
1176,Beneficiary_1176,F,54,2,Sud,Port-Salut,62,1/3/2025
1177,Beneficiary_1177,F,47,4,Artibonite,Dessalines,22,2/18/2025
1178,Beneficiary_1178,M,56,6,Sud,Aquin,55,3/4/2025
1179,Beneficiary_1179,M,28,3,Sud,Aquin,52,1/26/2025
1180,Beneficiary_1180,M,3,1,Sud,Port-Salut,58,2/1/2025
1181,Beneficiary_1181,F,16,8,Sud,Port-Salut,22,2/20/2025
1182,Beneficiary_1182,M,7,6,Sud,Les Cayes,72,3/29/2025
1183,Beneficiary_1183,F,23,4,Artibonite,Saint-Marc,80,3/6/2025
1184,Beneficiary_1184,F,25,7,Artibonite,Gonaives,15,1/4/2025
1185,Beneficiary_1185,M,14,3,Sud,Port-Salut,74,2/13/2025
1186,Beneficiary_1186,M,32,2,Artibonite,Dessalines,39,2/18/2025
1187,Beneficiary_1187,M,37,7,Sud,Aquin,60,1/31/2025
1188,Beneficiary_1188,F,55,5,Sud,Les Cayes,78,3/19/2025
1189,Beneficiary_1189,M,28,4,Artibonite,Saint-Marc,23,3/25/2025
1190,Beneficiary_1190,M,27,5,Ouest,Delmas,55,3/30/2025
1191,Beneficiary_1191,M,17,7,Sud,Aquin,30,1/19/2025
1192,Beneficiary_1192,M,41,6,Sud,Aquin,49,1/9/2025
1193,Beneficiary_1193,M,35,3,Sud,Aquin,34,2/10/2025
1194,Beneficiary_1194,F,30,7,Ouest,Port-au-Prince,31,2/22/2025
1195,Beneficiary_1195,F,51,3,Artibonite,Saint-Marc,70,1/25/2025
1196,Beneficiary_1196,M,1,1,Ouest,Delmas,31,3/20/2025
1197,Beneficiary_1197,M,8,4,Sud,Port-Salut,36,1/30/2025
1198,Beneficiary_1198,F,33,2,Sud,Les Cayes,21,3/30/2025
1199,Beneficiary_1199,F,18,6,Artibonite,Gonaives,29,1/24/2025
1200,Beneficiary_1200,F,38,3,Artibonite,Saint-Marc,51,1/21/2025
1201,Beneficiary_1201,M,22,7,Ouest,Delmas,53,1/2/2025
1202,Beneficiary_1202,M,25,4,Artibonite,Saint-Marc,44,1/27/2025
1203,Beneficiary_1203,F,65,8,Ouest,Delmas,76,3/30/2025
1204,Beneficiary_1204,M,11,7,Artibonite,Saint-Marc,66,2/21/2025
1205,Beneficiary_1205,F,49,7,Ouest,Carrefour,27,3/20/2025
1206,Beneficiary_1206,M,49,9,Sud,Aquin,80,1/14/2025
1207,Beneficiary_1207,M,14,4,Artibonite,Saint-Marc,31,3/8/2025
1208,Beneficiary_1208,M,53,9,Sud,Port-Salut,55,2/19/2025
1209,Beneficiary_1209,M,44,4,Sud,Aquin,56,2/7/2025
1210,Beneficiary_1210,F,42,5,Artibonite,Saint-Marc,23,3/1/2025
1211,Beneficiary_1211,F,53,1,Ouest,Carrefour,73,3/30/2025
1212,Beneficiary_1212,F,30,8,Sud,Les Cayes,49,1/12/2025
1213,Beneficiary_1213,M,7,3,Sud,Aquin,60,3/16/2025
1214,Beneficiary_1214,M,45,7,Sud,Aquin,48,2/22/2025
1215,Beneficiary_1215,M,55,3,Artibonite,Saint-Marc,43,2/28/2025
1216,Beneficiary_1216,M,45,8,Sud,Aquin,29,1/12/2025
1217,Beneficiary_1217,M,34,2,Artibonite,Saint-Marc,46,1/12/2025
1218,Beneficiary_1218,F,39,2,Ouest,Carrefour,42,3/9/2025
1219,Beneficiary_1219,M,32,7,Sud,Port-Salut,66,3/12/2025
1220,Beneficiary_1220,M,27,6,Artibonite,Gonaives,17,3/14/2025
1221,Beneficiary_1221,M,66,3,Sud,Les Cayes,77,1/23/2025
1222,Beneficiary_1222,F,11,5,Sud,Les Cayes,63,2/9/2025
1223,Beneficiary_1223,F,25,3,Sud,Port-Salut,55,1/16/2025
1224,Beneficiary_1224,M,40,5,Ouest,Delmas,45,1/2/2025
1225,Beneficiary_1225,F,20,9,Artibonite,Saint-Marc,36,1/1/2025
1226,Beneficiary_1226,M,18,4,Sud,Port-Salut,33,3/17/2025
1227,Beneficiary_1227,F,33,7,Sud,Port-Salut,35,2/26/2025
1228,Beneficiary_1228,M,47,9,Ouest,Port-au-Prince,79,2/5/2025
1229,Beneficiary_1229,M,24,1,Sud,Aquin,54,1/24/2025
1230,Beneficiary_1230,F,43,1,Ouest,Port-au-Prince,59,1/19/2025
1231,Beneficiary_1231,F,36,2,Ouest,Tabarre,64,1/7/2025
1232,Beneficiary_1232,M,43,3,Ouest,Carrefour,25,3/28/2025
1233,Beneficiary_1233,M,50,8,Artibonite,Dessalines,67,3/16/2025
1234,Beneficiary_1234,M,21,5,Artibonite,Gonaives,50,2/11/2025
1235,Beneficiary_1235,M,47,7,Artibonite,Saint-Marc,45,3/12/2025
1236,Beneficiary_1236,F,54,3,Ouest,Tabarre,97,1/16/2025
1237,Beneficiary_1237,F,20,9,Sud,Port-Salut,22,2/22/2025
1238,Beneficiary_1238,M,40,1,Sud,Les Cayes,64,1/14/2025
1239,Beneficiary_1239,M,30,8,Sud,Aquin,79,3/30/2025
1240,Beneficiary_1240,F,10,7,Sud,Aquin,63,3/19/2025
1241,Beneficiary_1241,F,24,3,Artibonite,Saint-Marc,84,3/20/2025
1242,Beneficiary_1242,F,70,8,Sud,Port-Salut,34,1/24/2025
1243,Beneficiary_1243,F,25,4,Sud,Les Cayes,67,1/1/2025
1244,Beneficiary_1244,F,28,2,Ouest,Port-au-Prince,49,1/27/2025
1245,Beneficiary_1245,F,35,1,Sud,Port-Salut,11,2/12/2025
1246,Beneficiary_1246,M,34,1,Artibonite,Dessalines,36,3/23/2025
1247,Beneficiary_1247,F,26,2,Ouest,Tabarre,78,2/9/2025
1248,Beneficiary_1248,F,12,1,Artibonite,Dessalines,66,1/15/2025
1249,Beneficiary_1249,F,29,7,Sud,Port-Salut,44,3/14/2025
1250,Beneficiary_1250,M,49,4,Sud,Les Cayes,56,2/12/2025
1251,Beneficiary_1251,F,45,8,Artibonite,Dessalines,69,1/5/2025
1252,Beneficiary_1252,F,29,3,Sud,Les Cayes,37,3/22/2025
1253,Beneficiary_1253,F,15,8,Artibonite,Dessalines,33,2/22/2025
1254,Beneficiary_1254,F,88,6,Sud,Les Cayes,74,3/13/2025
1255,Beneficiary_1255,M,10,6,Sud,Les Cayes,23,2/15/2025
1256,Beneficiary_1256,F,43,1,Ouest,Delmas,60,2/13/2025
1257,Beneficiary_1257,M,44,7,Artibonite,Dessalines,44,1/24/2025
1258,Beneficiary_1258,F,32,6,Sud,Les Cayes,56,1/5/2025
1259,Beneficiary_1259,M,36,8,Artibonite,Saint-Marc,5,1/31/2025
1260,Beneficiary_1260,F,30,4,Artibonite,Saint-Marc,32,3/9/2025
1261,Beneficiary_1261,M,38,6,Artibonite,Gonaives,100,1/5/2025
1262,Beneficiary_1262,F,41,9,Ouest,Port-au-Prince,43,1/4/2025
1263,Beneficiary_1263,M,51,4,Artibonite,Dessalines,59,2/13/2025
1264,Beneficiary_1264,F,42,6,Artibonite,Dessalines,62,1/19/2025
1265,Beneficiary_1265,M,72,1,Ouest,Delmas,27,2/28/2025
1266,Beneficiary_1266,M,43,1,Artibonite,Dessalines,31,2/9/2025
1267,Beneficiary_1267,F,44,8,Ouest,Port-au-Prince,31,1/6/2025
1268,Beneficiary_1268,M,27,5,Ouest,Tabarre,44,3/23/2025
1269,Beneficiary_1269,M,52,4,Ouest,Tabarre,68,2/6/2025
1270,Beneficiary_1270,F,12,8,Artibonite,Dessalines,51,3/27/2025
1271,Beneficiary_1271,M,22,3,Ouest,Tabarre,24,2/5/2025
1272,Beneficiary_1272,M,31,4,Ouest,Port-au-Prince,43,3/11/2025
1273,Beneficiary_1273,F,78,5,Artibonite,Dessalines,58,1/19/2025
1274,Beneficiary_1274,M,10,3,Sud,Port-Salut,38,1/10/2025
1275,Beneficiary_1275,F,53,9,Artibonite,Dessalines,91,2/26/2025
1276,Beneficiary_1276,M,6,8,Ouest,Delmas,12,3/28/2025
1277,Beneficiary_1277,F,68,1,Ouest,Port-au-Prince,57,1/12/2025
1278,Beneficiary_1278,M,19,8,Artibonite,Saint-Marc,60,3/20/2025
1279,Beneficiary_1279,F,0,4,Artibonite,Saint-Marc,50,3/27/2025
1280,Beneficiary_1280,F,40,3,Sud,Les Cayes,68,1/12/2025
1281,Beneficiary_1281,M,16,8,Sud,Port-Salut,51,2/9/2025
1282,Beneficiary_1282,F,18,8,Sud,Aquin,55,1/30/2025
1283,Beneficiary_1283,F,18,6,Ouest,Delmas,41,2/20/2025
1284,Beneficiary_1284,F,17,8,Ouest,Tabarre,63,3/4/2025
1285,Beneficiary_1285,F,50,2,Ouest,Port-au-Prince,45,2/14/2025
1286,Beneficiary_1286,M,35,5,Artibonite,Saint-Marc,21,2/14/2025
1287,Beneficiary_1287,M,29,9,Sud,Aquin,48,1/14/2025
1288,Beneficiary_1288,M,82,6,Artibonite,Dessalines,27,3/13/2025
1289,Beneficiary_1289,F,61,9,Sud,Les Cayes,69,3/1/2025
1290,Beneficiary_1290,F,40,4,Artibonite,Dessalines,85,3/21/2025
1291,Beneficiary_1291,F,41,7,Ouest,Delmas,57,1/9/2025
1292,Beneficiary_1292,F,34,7,Artibonite,Gonaives,74,3/14/2025
1293,Beneficiary_1293,M,54,3,Artibonite,Dessalines,37,3/26/2025
1294,Beneficiary_1294,F,11,2,Sud,Les Cayes,45,3/17/2025
1295,Beneficiary_1295,F,20,9,Sud,Port-Salut,48,1/13/2025
1296,Beneficiary_1296,F,57,7,Artibonite,Gonaives,40,1/9/2025
1297,Beneficiary_1297,F,34,6,Sud,Les Cayes,51,3/5/2025
1298,Beneficiary_1298,M,50,2,Sud,Aquin,5,1/28/2025
1299,Beneficiary_1299,M,24,3,Ouest,Port-au-Prince,54,2/27/2025
1300,Beneficiary_1300,F,56,8,Sud,Port-Salut,40,1/26/2025
1301,Beneficiary_1301,F,1,5,Ouest,Tabarre,62,2/25/2025
1302,Beneficiary_1302,M,23,1,Sud,Port-Salut,26,3/20/2025
1303,Beneficiary_1303,M,23,5,Sud,Port-Salut,46,1/8/2025
1304,Beneficiary_1304,M,24,1,Artibonite,Dessalines,5,3/13/2025
1305,Beneficiary_1305,F,51,1,Artibonite,Gonaives,75,1/31/2025
1306,Beneficiary_1306,F,46,6,Artibonite,Dessalines,27,2/18/2025
1307,Beneficiary_1307,F,31,9,Artibonite,Saint-Marc,49,1/28/2025
1308,Beneficiary_1308,F,45,3,Sud,Les Cayes,63,1/25/2025
1309,Beneficiary_1309,F,21,7,Sud,Port-Salut,51,1/20/2025
1310,Beneficiary_1310,M,43,3,Artibonite,Dessalines,79,1/2/2025
1311,Beneficiary_1311,M,47,8,Ouest,Port-au-Prince,65,3/26/2025
1312,Beneficiary_1312,M,36,3,Artibonite,Gonaives,78,3/24/2025
1313,Beneficiary_1313,F,42,3,Artibonite,Saint-Marc,32,2/28/2025
1314,Beneficiary_1314,F,60,7,Sud,Port-Salut,63,2/15/2025
1315,Beneficiary_1315,F,27,1,Ouest,Delmas,40,3/15/2025
1316,Beneficiary_1316,M,40,9,Artibonite,Dessalines,59,2/4/2025
1317,Beneficiary_1317,F,38,1,Artibonite,Dessalines,56,1/5/2025
1318,Beneficiary_1318,F,65,2,Sud,Port-Salut,71,3/16/2025
1319,Beneficiary_1319,M,38,3,Artibonite,Dessalines,68,3/9/2025
1320,Beneficiary_1320,M,16,9,Artibonite,Saint-Marc,57,3/20/2025
1321,Beneficiary_1321,F,67,2,Ouest,Delmas,45,3/29/2025
1322,Beneficiary_1322,F,19,1,Sud,Aquin,36,2/13/2025
1323,Beneficiary_1323,F,15,8,Sud,Les Cayes,34,3/7/2025
1324,Beneficiary_1324,F,28,7,Artibonite,Dessalines,21,2/15/2025
1325,Beneficiary_1325,M,35,1,Artibonite,Saint-Marc,68,3/30/2025
1326,Beneficiary_1326,F,18,5,Sud,Aquin,80,1/8/2025
1327,Beneficiary_1327,M,44,1,Sud,Port-Salut,70,3/26/2025
1328,Beneficiary_1328,M,23,5,Artibonite,Dessalines,67,3/4/2025
1329,Beneficiary_1329,M,15,5,Ouest,Delmas,67,2/2/2025
1330,Beneficiary_1330,F,38,5,Ouest,Tabarre,61,1/2/2025
1331,Beneficiary_1331,M,13,3,Sud,Les Cayes,32,3/26/2025
1332,Beneficiary_1332,M,45,5,Artibonite,Saint-Marc,31,3/31/2025
1333,Beneficiary_1333,M,43,9,Ouest,Carrefour,22,1/5/2025
1334,Beneficiary_1334,M,50,3,Artibonite,Gonaives,25,3/5/2025
1335,Beneficiary_1335,M,44,8,Artibonite,Saint-Marc,62,3/23/2025
1336,Beneficiary_1336,F,22,1,Ouest,Delmas,61,3/24/2025
1337,Beneficiary_1337,M,39,3,Artibonite,Gonaives,39,3/1/2025
1338,Beneficiary_1338,F,16,8,Artibonite,Saint-Marc,10,3/10/2025
1339,Beneficiary_1339,F,41,8,Ouest,Carrefour,18,2/3/2025
1340,Beneficiary_1340,M,36,5,Ouest,Carrefour,44,2/27/2025
1341,Beneficiary_1341,F,47,9,Artibonite,Dessalines,43,3/29/2025
1342,Beneficiary_1342,F,29,7,Ouest,Port-au-Prince,64,3/20/2025
1343,Beneficiary_1343,F,41,5,Sud,Port-Salut,56,2/4/2025
1344,Beneficiary_1344,F,43,8,Ouest,Tabarre,19,3/28/2025
1345,Beneficiary_1345,M,48,9,Sud,Les Cayes,62,2/13/2025
1346,Beneficiary_1346,M,16,6,Sud,Aquin,45,3/12/2025
1347,Beneficiary_1347,M,34,1,Ouest,Port-au-Prince,47,2/22/2025
1348,Beneficiary_1348,F,41,6,Ouest,Port-au-Prince,78,1/29/2025
1349,Beneficiary_1349,F,54,4,Sud,Port-Salut,23,1/5/2025
1350,Beneficiary_1350,M,46,4,Ouest,Port-au-Prince,76,3/18/2025
1351,Beneficiary_1351,M,41,2,Sud,Les Cayes,71,3/19/2025
1352,Beneficiary_1352,M,71,2,Ouest,Carrefour,70,3/31/2025
1353,Beneficiary_1353,F,39,8,Ouest,Tabarre,70,3/26/2025
1354,Beneficiary_1354,F,37,7,Ouest,Carrefour,50,3/30/2025
1355,Beneficiary_1355,F,28,3,Sud,Port-Salut,81,1/10/2025
1356,Beneficiary_1356,F,20,7,Artibonite,Gonaives,80,2/12/2025
1357,Beneficiary_1357,F,43,3,Ouest,Tabarre,22,2/26/2025
1358,Beneficiary_1358,M,41,7,Ouest,Carrefour,7,1/23/2025
1359,Beneficiary_1359,M,46,3,Sud,Port-Salut,67,3/11/2025
1360,Beneficiary_1360,M,24,8,Artibonite,Gonaives,52,2/3/2025
1361,Beneficiary_1361,M,70,2,Ouest,Port-au-Prince,39,3/15/2025
1362,Beneficiary_1362,F,15,1,Sud,Port-Salut,79,3/5/2025
1363,Beneficiary_1363,M,70,7,Ouest,Port-au-Prince,50,2/4/2025
1364,Beneficiary_1364,F,53,1,Ouest,Tabarre,76,3/7/2025
1365,Beneficiary_1365,F,21,7,Sud,Port-Salut,40,2/21/2025
1366,Beneficiary_1366,M,57,1,Sud,Les Cayes,83,2/19/2025
1367,Beneficiary_1367,M,45,9,Sud,Port-Salut,32,2/15/2025
1368,Beneficiary_1368,F,70,7,Artibonite,Dessalines,39,1/8/2025
1369,Beneficiary_1369,M,28,6,Sud,Aquin,56,3/10/2025
1370,Beneficiary_1370,F,62,5,Artibonite,Gonaives,67,3/24/2025
1371,Beneficiary_1371,M,42,7,Ouest,Delmas,59,3/26/2025
1372,Beneficiary_1372,F,35,2,Ouest,Tabarre,61,3/22/2025
1373,Beneficiary_1373,F,0,2,Sud,Port-Salut,44,3/22/2025
1374,Beneficiary_1374,M,39,3,Artibonite,Dessalines,26,1/5/2025
1375,Beneficiary_1375,M,41,8,Ouest,Port-au-Prince,45,2/19/2025
1376,Beneficiary_1376,F,66,9,Ouest,Tabarre,81,2/27/2025
1377,Beneficiary_1377,F,26,1,Ouest,Port-au-Prince,46,2/13/2025
1378,Beneficiary_1378,F,33,2,Sud,Les Cayes,40,1/28/2025
1379,Beneficiary_1379,F,38,9,Sud,Aquin,34,1/20/2025
1380,Beneficiary_1380,M,14,2,Sud,Aquin,62,1/5/2025
1381,Beneficiary_1381,F,46,1,Sud,Les Cayes,33,3/2/2025
1382,Beneficiary_1382,M,51,3,Sud,Les Cayes,37,1/2/2025
1383,Beneficiary_1383,F,39,2,Ouest,Port-au-Prince,66,2/28/2025
1384,Beneficiary_1384,M,34,2,Sud,Les Cayes,59,1/15/2025
1385,Beneficiary_1385,M,25,2,Artibonite,Dessalines,46,1/26/2025
1386,Beneficiary_1386,F,31,6,Artibonite,Saint-Marc,35,1/16/2025
1387,Beneficiary_1387,M,31,6,Sud,Aquin,19,1/28/2025
1388,Beneficiary_1388,F,26,2,Ouest,Delmas,44,1/16/2025
1389,Beneficiary_1389,F,30,3,Artibonite,Gonaives,45,3/31/2025
1390,Beneficiary_1390,M,33,8,Artibonite,Dessalines,59,2/1/2025
1391,Beneficiary_1391,M,50,2,Sud,Les Cayes,37,3/22/2025
1392,Beneficiary_1392,M,13,1,Sud,Port-Salut,29,3/4/2025
1393,Beneficiary_1393,M,26,3,Ouest,Port-au-Prince,42,1/12/2025
1394,Beneficiary_1394,F,21,7,Sud,Aquin,24,3/30/2025
1395,Beneficiary_1395,M,26,4,Artibonite,Dessalines,53,1/19/2025
1396,Beneficiary_1396,F,45,7,Sud,Port-Salut,38,1/31/2025
1397,Beneficiary_1397,M,27,8,Ouest,Port-au-Prince,31,3/20/2025
1398,Beneficiary_1398,F,34,7,Ouest,Tabarre,33,1/1/2025
1399,Beneficiary_1399,M,45,2,Sud,Les Cayes,14,3/9/2025
1400,Beneficiary_1400,M,28,8,Ouest,Tabarre,56,3/22/2025
1401,Beneficiary_1401,F,38,1,Sud,Les Cayes,100,1/25/2025
1402,Beneficiary_1402,F,41,8,Ouest,Delmas,29,1/23/2025
1403,Beneficiary_1403,M,33,6,Ouest,Port-au-Prince,14,2/6/2025
1404,Beneficiary_1404,F,33,6,Ouest,Carrefour,33,3/20/2025
1405,Beneficiary_1405,M,51,1,Artibonite,Gonaives,39,3/10/2025
1406,Beneficiary_1406,M,32,8,Ouest,Delmas,37,3/7/2025
1407,Beneficiary_1407,M,66,8,Ouest,Port-au-Prince,43,3/17/2025
1408,Beneficiary_1408,F,67,4,Sud,Port-Salut,66,3/28/2025
1409,Beneficiary_1409,M,43,6,Artibonite,Gonaives,57,1/30/2025
1410,Beneficiary_1410,F,42,4,Ouest,Delmas,11,2/18/2025
1411,Beneficiary_1411,F,29,8,Ouest,Port-au-Prince,66,1/7/2025
1412,Beneficiary_1412,M,34,8,Artibonite,Gonaives,21,1/23/2025
1413,Beneficiary_1413,M,34,8,Artibonite,Saint-Marc,84,1/25/2025
1414,Beneficiary_1414,F,57,4,Sud,Port-Salut,48,2/12/2025
1415,Beneficiary_1415,M,52,5,Ouest,Port-au-Prince,42,1/18/2025
1416,Beneficiary_1416,F,4,7,Ouest,Carrefour,31,1/22/2025
1417,Beneficiary_1417,F,63,3,Artibonite,Gonaives,44,3/23/2025
1418,Beneficiary_1418,M,30,2,Sud,Les Cayes,44,2/22/2025
1419,Beneficiary_1419,M,69,8,Sud,Port-Salut,82,3/1/2025
1420,Beneficiary_1420,F,74,4,Artibonite,Gonaives,46,2/1/2025
1421,Beneficiary_1421,M,40,3,Artibonite,Saint-Marc,19,3/15/2025
1422,Beneficiary_1422,M,61,1,Ouest,Carrefour,26,3/2/2025
1423,Beneficiary_1423,M,38,7,Sud,Aquin,28,3/9/2025
1424,Beneficiary_1424,M,24,8,Artibonite,Saint-Marc,33,3/5/2025
1425,Beneficiary_1425,M,24,7,Ouest,Port-au-Prince,39,1/28/2025
1426,Beneficiary_1426,F,25,4,Ouest,Tabarre,66,3/24/2025
1427,Beneficiary_1427,F,15,5,Ouest,Port-au-Prince,54,1/21/2025
1428,Beneficiary_1428,M,56,8,Sud,Port-Salut,39,3/1/2025
1429,Beneficiary_1429,M,22,6,Ouest,Carrefour,45,3/22/2025
1430,Beneficiary_1430,M,56,2,Artibonite,Dessalines,53,2/19/2025
1431,Beneficiary_1431,M,25,5,Sud,Port-Salut,59,2/24/2025
1432,Beneficiary_1432,M,15,2,Artibonite,Dessalines,63,3/21/2025
1433,Beneficiary_1433,M,42,9,Artibonite,Dessalines,43,3/28/2025
1434,Beneficiary_1434,M,19,7,Artibonite,Gonaives,32,2/16/2025
1435,Beneficiary_1435,M,44,6,Artibonite,Dessalines,74,2/16/2025
1436,Beneficiary_1436,M,23,3,Ouest,Port-au-Prince,59,2/12/2025
1437,Beneficiary_1437,F,0,4,Ouest,Port-au-Prince,38,1/29/2025
1438,Beneficiary_1438,F,34,9,Artibonite,Saint-Marc,31,3/29/2025
1439,Beneficiary_1439,M,18,2,Artibonite,Saint-Marc,36,2/17/2025
1440,Beneficiary_1440,F,40,9,Artibonite,Saint-Marc,46,3/9/2025
1441,Beneficiary_1441,F,0,8,Ouest,Carrefour,7,3/21/2025
1442,Beneficiary_1442,M,24,4,Artibonite,Dessalines,59,2/28/2025
1443,Beneficiary_1443,F,0,3,Ouest,Port-au-Prince,40,2/6/2025
1444,Beneficiary_1444,M,25,5,Ouest,Port-au-Prince,77,1/15/2025
1445,Beneficiary_1445,F,28,3,Sud,Les Cayes,57,1/27/2025
1446,Beneficiary_1446,M,37,5,Sud,Aquin,7,2/23/2025
1447,Beneficiary_1447,M,48,8,Sud,Aquin,54,2/14/2025
1448,Beneficiary_1448,M,44,5,Artibonite,Saint-Marc,100,1/25/2025
1449,Beneficiary_1449,M,0,9,Ouest,Port-au-Prince,84,3/24/2025
1450,Beneficiary_1450,F,29,6,Artibonite,Saint-Marc,55,3/4/2025
1451,Beneficiary_1451,F,34,8,Sud,Aquin,41,2/8/2025
1452,Beneficiary_1452,F,24,3,Sud,Les Cayes,56,2/3/2025
1453,Beneficiary_1453,F,7,5,Ouest,Carrefour,65,1/7/2025
1454,Beneficiary_1454,F,27,8,Ouest,Tabarre,27,1/22/2025
1455,Beneficiary_1455,F,26,3,Sud,Les Cayes,75,1/23/2025
1456,Beneficiary_1456,M,25,3,Sud,Aquin,57,1/31/2025
1457,Beneficiary_1457,F,21,3,Ouest,Port-au-Prince,65,2/26/2025
1458,Beneficiary_1458,M,47,4,Artibonite,Saint-Marc,86,3/13/2025
1459,Beneficiary_1459,F,31,6,Sud,Les Cayes,63,1/19/2025
1460,Beneficiary_1460,M,36,9,Artibonite,Saint-Marc,75,2/8/2025
1461,Beneficiary_1461,F,22,8,Ouest,Port-au-Prince,64,1/19/2025
1462,Beneficiary_1462,M,31,1,Artibonite,Saint-Marc,48,3/11/2025
1463,Beneficiary_1463,F,36,8,Sud,Port-Salut,55,2/7/2025
1464,Beneficiary_1464,M,32,8,Sud,Aquin,54,2/13/2025
1465,Beneficiary_1465,F,63,1,Sud,Les Cayes,69,1/18/2025
1466,Beneficiary_1466,M,50,5,Sud,Aquin,40,1/4/2025
1467,Beneficiary_1467,M,18,8,Artibonite,Dessalines,69,2/15/2025
1468,Beneficiary_1468,M,50,4,Ouest,Tabarre,79,3/16/2025
1469,Beneficiary_1469,F,24,4,Sud,Les Cayes,45,1/3/2025
1470,Beneficiary_1470,M,5,9,Ouest,Carrefour,42,2/20/2025
1471,Beneficiary_1471,F,52,9,Ouest,Carrefour,40,1/8/2025
1472,Beneficiary_1472,F,46,3,Sud,Port-Salut,46,2/24/2025
1473,Beneficiary_1473,F,40,1,Artibonite,Saint-Marc,27,2/6/2025
1474,Beneficiary_1474,F,36,8,Artibonite,Saint-Marc,0,3/13/2025
1475,Beneficiary_1475,F,31,7,Ouest,Delmas,17,2/26/2025
1476,Beneficiary_1476,F,56,7,Artibonite,Gonaives,65,1/18/2025
1477,Beneficiary_1477,M,43,3,Sud,Aquin,80,1/27/2025
1478,Beneficiary_1478,F,17,2,Artibonite,Saint-Marc,84,3/17/2025
1479,Beneficiary_1479,M,51,7,Artibonite,Gonaives,45,3/23/2025
1480,Beneficiary_1480,M,55,9,Artibonite,Saint-Marc,27,3/1/2025
1481,Beneficiary_1481,M,20,4,Sud,Aquin,37,1/24/2025
1482,Beneficiary_1482,F,25,1,Artibonite,Saint-Marc,28,2/8/2025
1483,Beneficiary_1483,F,57,9,Sud,Port-Salut,44,3/1/2025
1484,Beneficiary_1484,M,41,3,Ouest,Port-au-Prince,38,2/3/2025
1485,Beneficiary_1485,F,2,2,Artibonite,Dessalines,55,3/25/2025
1486,Beneficiary_1486,F,0,3,Sud,Port-Salut,48,3/4/2025
1487,Beneficiary_1487,M,10,1,Sud,Aquin,89,1/16/2025
1488,Beneficiary_1488,M,51,6,Artibonite,Saint-Marc,52,3/16/2025
1489,Beneficiary_1489,F,57,5,Artibonite,Dessalines,33,3/22/2025
1490,Beneficiary_1490,M,44,6,Sud,Port-Salut,53,3/7/2025
1491,Beneficiary_1491,M,39,5,Sud,Aquin,75,1/21/2025
1492,Beneficiary_1492,M,48,6,Sud,Les Cayes,55,3/1/2025
1493,Beneficiary_1493,F,5,3,Sud,Les Cayes,30,1/7/2025
1494,Beneficiary_1494,F,32,6,Artibonite,Saint-Marc,51,1/7/2025
1495,Beneficiary_1495,M,14,9,Artibonite,Saint-Marc,98,1/25/2025
1496,Beneficiary_1496,M,62,3,Sud,Les Cayes,62,3/11/2025
1497,Beneficiary_1497,F,36,5,Artibonite,Saint-Marc,45,3/29/2025
1498,Beneficiary_1498,F,17,2,Sud,Aquin,51,3/10/2025
1499,Beneficiary_1499,M,39,1,Sud,Port-Salut,25,1/18/2025
1500,Beneficiary_1500,F,41,8,Sud,Port-Salut,46,2/22/2025
1501,Beneficiary_1501,M,0,4,Artibonite,Gonaives,32,1/20/2025
1502,Beneficiary_1502,M,27,9,Sud,Les Cayes,87,3/20/2025
1503,Beneficiary_1503,M,45,7,Sud,Aquin,23,2/28/2025
1504,Beneficiary_1504,M,43,1,Ouest,Port-au-Prince,19,3/3/2025
1505,Beneficiary_1505,F,54,3,Artibonite,Saint-Marc,40,2/26/2025
1506,Beneficiary_1506,F,33,3,Sud,Aquin,76,2/8/2025
1507,Beneficiary_1507,M,11,3,Ouest,Port-au-Prince,22,3/30/2025
1508,Beneficiary_1508,F,24,3,Ouest,Delmas,70,1/27/2025
1509,Beneficiary_1509,F,7,2,Ouest,Port-au-Prince,0,1/10/2025
1510,Beneficiary_1510,F,26,1,Ouest,Carrefour,61,1/26/2025
1511,Beneficiary_1511,M,56,8,Ouest,Port-au-Prince,40,1/16/2025
1512,Beneficiary_1512,M,27,5,Artibonite,Gonaives,73,3/27/2025
1513,Beneficiary_1513,M,1,4,Ouest,Port-au-Prince,42,3/17/2025
1514,Beneficiary_1514,F,38,1,Ouest,Delmas,58,1/12/2025
1515,Beneficiary_1515,F,25,6,Ouest,Tabarre,50,1/21/2025
1516,Beneficiary_1516,M,0,9,Sud,Aquin,36,3/14/2025
1517,Beneficiary_1517,M,43,9,Ouest,Port-au-Prince,30,1/28/2025
1518,Beneficiary_1518,F,36,3,Sud,Les Cayes,58,3/10/2025
1519,Beneficiary_1519,M,28,9,Ouest,Port-au-Prince,53,3/2/2025
1520,Beneficiary_1520,M,17,8,Artibonite,Dessalines,45,3/28/2025
1521,Beneficiary_1521,F,45,7,Ouest,Delmas,53,2/24/2025
1522,Beneficiary_1522,F,24,2,Ouest,Delmas,54,2/10/2025
1523,Beneficiary_1523,M,47,9,Ouest,Carrefour,9,1/18/2025
1524,Beneficiary_1524,F,55,9,Artibonite,Saint-Marc,43,1/6/2025
1525,Beneficiary_1525,F,42,2,Ouest,Tabarre,73,2/19/2025
1526,Beneficiary_1526,F,10,8,Artibonite,Saint-Marc,35,1/29/2025
1527,Beneficiary_1527,F,29,7,Sud,Port-Salut,34,1/25/2025
1528,Beneficiary_1528,F,66,3,Ouest,Carrefour,32,1/2/2025
1529,Beneficiary_1529,M,25,7,Sud,Port-Salut,54,2/26/2025
1530,Beneficiary_1530,M,13,2,Sud,Aquin,42,1/19/2025
1531,Beneficiary_1531,M,40,3,Artibonite,Saint-Marc,43,1/9/2025
1532,Beneficiary_1532,F,33,4,Artibonite,Gonaives,39,3/18/2025
1533,Beneficiary_1533,M,7,7,Artibonite,Gonaives,56,3/5/2025
1534,Beneficiary_1534,F,66,7,Artibonite,Dessalines,50,2/15/2025
1535,Beneficiary_1535,F,39,8,Artibonite,Dessalines,63,3/7/2025
1536,Beneficiary_1536,F,12,2,Artibonite,Gonaives,84,1/16/2025
1537,Beneficiary_1537,F,38,4,Artibonite,Saint-Marc,82,3/22/2025
1538,Beneficiary_1538,M,21,1,Ouest,Port-au-Prince,86,1/9/2025
1539,Beneficiary_1539,M,48,3,Artibonite,Dessalines,61,2/18/2025
1540,Beneficiary_1540,F,39,3,Sud,Aquin,45,2/8/2025
1541,Beneficiary_1541,M,56,2,Sud,Aquin,52,3/26/2025
1542,Beneficiary_1542,F,0,4,Sud,Port-Salut,27,2/7/2025
1543,Beneficiary_1543,F,31,9,Sud,Port-Salut,56,2/3/2025
1544,Beneficiary_1544,M,33,1,Sud,Port-Salut,74,2/25/2025
1545,Beneficiary_1545,F,0,6,Ouest,Carrefour,52,2/18/2025
1546,Beneficiary_1546,M,2,1,Artibonite,Saint-Marc,65,1/23/2025
1547,Beneficiary_1547,F,33,3,Sud,Aquin,58,3/4/2025
1548,Beneficiary_1548,F,19,7,Artibonite,Gonaives,75,3/4/2025
1549,Beneficiary_1549,F,53,8,Ouest,Carrefour,61,3/13/2025
1550,Beneficiary_1550,F,32,5,Ouest,Port-au-Prince,61,3/5/2025
1551,Beneficiary_1551,F,22,5,Sud,Port-Salut,67,2/11/2025
1552,Beneficiary_1552,M,64,3,Ouest,Port-au-Prince,71,2/16/2025
1553,Beneficiary_1553,M,21,6,Artibonite,Dessalines,57,2/18/2025
1554,Beneficiary_1554,F,11,6,Ouest,Carrefour,61,2/22/2025
1555,Beneficiary_1555,M,43,4,Artibonite,Gonaives,12,1/31/2025
1556,Beneficiary_1556,M,14,2,Sud,Port-Salut,44,2/9/2025
1557,Beneficiary_1557,M,29,1,Ouest,Tabarre,25,3/10/2025
1558,Beneficiary_1558,F,42,7,Artibonite,Gonaives,55,3/14/2025
1559,Beneficiary_1559,F,31,1,Sud,Port-Salut,34,3/31/2025
1560,Beneficiary_1560,M,53,6,Artibonite,Dessalines,83,2/18/2025
1561,Beneficiary_1561,F,26,2,Sud,Port-Salut,37,3/4/2025
1562,Beneficiary_1562,F,43,8,Ouest,Delmas,42,3/6/2025
1563,Beneficiary_1563,M,32,5,Sud,Port-Salut,64,2/16/2025
1564,Beneficiary_1564,F,0,2,Artibonite,Gonaives,76,3/10/2025
1565,Beneficiary_1565,F,36,1,Ouest,Tabarre,41,2/8/2025
1566,Beneficiary_1566,M,33,2,Sud,Port-Salut,49,3/16/2025
1567,Beneficiary_1567,F,3,2,Ouest,Tabarre,79,3/14/2025
1568,Beneficiary_1568,F,35,4,Sud,Port-Salut,58,2/14/2025
1569,Beneficiary_1569,F,52,7,Ouest,Tabarre,29,3/26/2025
1570,Beneficiary_1570,M,43,7,Sud,Port-Salut,44,2/21/2025
1571,Beneficiary_1571,F,50,9,Artibonite,Dessalines,7,1/24/2025
1572,Beneficiary_1572,F,33,4,Ouest,Delmas,37,3/26/2025
1573,Beneficiary_1573,F,42,9,Sud,Port-Salut,59,3/20/2025
1574,Beneficiary_1574,M,22,9,Artibonite,Dessalines,35,1/26/2025
1575,Beneficiary_1575,M,33,4,Artibonite,Saint-Marc,32,1/20/2025
1576,Beneficiary_1576,F,50,7,Sud,Aquin,42,2/22/2025
1577,Beneficiary_1577,M,0,7,Artibonite,Gonaives,42,2/4/2025
1578,Beneficiary_1578,M,16,5,Artibonite,Dessalines,17,3/29/2025
1579,Beneficiary_1579,F,12,4,Sud,Les Cayes,52,1/15/2025
1580,Beneficiary_1580,M,58,4,Ouest,Delmas,56,2/9/2025
1581,Beneficiary_1581,F,24,7,Artibonite,Saint-Marc,59,3/24/2025
1582,Beneficiary_1582,M,26,5,Ouest,Delmas,36,1/18/2025
1583,Beneficiary_1583,F,14,9,Ouest,Tabarre,14,1/23/2025
1584,Beneficiary_1584,F,27,1,Sud,Les Cayes,53,1/8/2025
1585,Beneficiary_1585,F,33,2,Ouest,Tabarre,41,2/22/2025
1586,Beneficiary_1586,M,17,7,Artibonite,Dessalines,62,1/18/2025
1587,Beneficiary_1587,M,11,9,Ouest,Port-au-Prince,65,3/27/2025
1588,Beneficiary_1588,F,16,8,Sud,Aquin,34,1/12/2025
1589,Beneficiary_1589,F,8,6,Ouest,Port-au-Prince,39,3/16/2025
1590,Beneficiary_1590,M,52,7,Sud,Port-Salut,60,1/28/2025
1591,Beneficiary_1591,M,52,4,Ouest,Port-au-Prince,60,2/5/2025
1592,Beneficiary_1592,F,15,1,Artibonite,Saint-Marc,43,3/4/2025
1593,Beneficiary_1593,M,20,6,Sud,Port-Salut,76,3/11/2025
1594,Beneficiary_1594,M,13,5,Artibonite,Saint-Marc,67,1/19/2025
1595,Beneficiary_1595,F,51,5,Artibonite,Saint-Marc,86,1/3/2025
1596,Beneficiary_1596,M,27,1,Sud,Aquin,64,3/30/2025
1597,Beneficiary_1597,F,76,9,Sud,Les Cayes,37,2/19/2025
1598,Beneficiary_1598,F,7,2,Artibonite,Dessalines,12,3/10/2025
1599,Beneficiary_1599,F,47,1,Ouest,Carrefour,12,2/20/2025
1600,Beneficiary_1600,M,28,4,Artibonite,Saint-Marc,58,2/8/2025
1601,Beneficiary_1601,F,38,6,Ouest,Delmas,58,3/24/2025
1602,Beneficiary_1602,F,39,2,Artibonite,Gonaives,75,3/4/2025
1603,Beneficiary_1603,F,17,6,Artibonite,Dessalines,36,2/24/2025
1604,Beneficiary_1604,F,21,9,Ouest,Delmas,66,1/9/2025
1605,Beneficiary_1605,F,51,8,Artibonite,Saint-Marc,59,3/30/2025
1606,Beneficiary_1606,M,56,8,Ouest,Port-au-Prince,26,3/24/2025
1607,Beneficiary_1607,F,65,4,Ouest,Port-au-Prince,80,3/22/2025
1608,Beneficiary_1608,M,48,2,Artibonite,Saint-Marc,85,1/21/2025
1609,Beneficiary_1609,F,5,6,Ouest,Delmas,39,2/27/2025
1610,Beneficiary_1610,M,21,5,Artibonite,Dessalines,64,1/23/2025
1611,Beneficiary_1611,F,16,5,Sud,Aquin,65,1/26/2025
1612,Beneficiary_1612,F,59,3,Ouest,Carrefour,63,2/20/2025
1613,Beneficiary_1613,M,40,1,Artibonite,Dessalines,30,1/3/2025
1614,Beneficiary_1614,M,19,2,Sud,Aquin,74,3/1/2025
1615,Beneficiary_1615,M,49,1,Ouest,Tabarre,49,2/21/2025
1616,Beneficiary_1616,F,27,3,Sud,Port-Salut,9,1/12/2025
1617,Beneficiary_1617,M,15,1,Artibonite,Gonaives,88,3/9/2025
1618,Beneficiary_1618,F,11,2,Artibonite,Saint-Marc,53,1/29/2025
1619,Beneficiary_1619,M,53,5,Sud,Les Cayes,24,2/6/2025
1620,Beneficiary_1620,F,38,3,Sud,Port-Salut,68,2/25/2025
1621,Beneficiary_1621,F,35,4,Ouest,Delmas,100,2/23/2025
1622,Beneficiary_1622,M,4,1,Ouest,Carrefour,71,2/7/2025
1623,Beneficiary_1623,F,31,4,Artibonite,Gonaives,65,2/17/2025
1624,Beneficiary_1624,F,42,2,Sud,Aquin,35,1/2/2025
1625,Beneficiary_1625,F,39,7,Artibonite,Gonaives,12,3/29/2025
1626,Beneficiary_1626,F,45,5,Ouest,Carrefour,55,1/10/2025
1627,Beneficiary_1627,M,46,6,Ouest,Port-au-Prince,71,1/31/2025
1628,Beneficiary_1628,M,41,1,Artibonite,Saint-Marc,52,2/2/2025
1629,Beneficiary_1629,F,19,5,Sud,Aquin,35,2/20/2025
1630,Beneficiary_1630,M,56,9,Sud,Port-Salut,78,1/6/2025
1631,Beneficiary_1631,F,30,3,Sud,Les Cayes,50,3/6/2025
1632,Beneficiary_1632,F,18,3,Artibonite,Saint-Marc,73,1/12/2025
1633,Beneficiary_1633,F,46,3,Artibonite,Dessalines,88,2/3/2025
1634,Beneficiary_1634,M,19,3,Ouest,Tabarre,42,3/5/2025
1635,Beneficiary_1635,F,39,7,Artibonite,Dessalines,62,2/6/2025
1636,Beneficiary_1636,F,31,9,Artibonite,Dessalines,32,2/10/2025
1637,Beneficiary_1637,F,50,8,Artibonite,Gonaives,64,1/20/2025
1638,Beneficiary_1638,F,18,1,Sud,Aquin,77,1/25/2025
1639,Beneficiary_1639,M,56,3,Ouest,Port-au-Prince,52,1/5/2025
1640,Beneficiary_1640,M,36,8,Artibonite,Saint-Marc,61,2/25/2025
1641,Beneficiary_1641,M,19,8,Ouest,Carrefour,50,2/15/2025
1642,Beneficiary_1642,F,0,8,Sud,Aquin,67,3/5/2025
1643,Beneficiary_1643,M,6,6,Ouest,Delmas,80,1/12/2025
1644,Beneficiary_1644,M,29,3,Ouest,Tabarre,45,3/7/2025
1645,Beneficiary_1645,M,23,1,Artibonite,Dessalines,44,3/9/2025
1646,Beneficiary_1646,F,60,2,Sud,Les Cayes,0,2/1/2025
1647,Beneficiary_1647,M,57,6,Artibonite,Dessalines,56,1/4/2025
1648,Beneficiary_1648,M,13,7,Artibonite,Dessalines,28,2/17/2025
1649,Beneficiary_1649,F,65,3,Sud,Les Cayes,31,1/4/2025
1650,Beneficiary_1650,F,14,8,Ouest,Carrefour,72,3/22/2025
1651,Beneficiary_1651,M,41,6,Artibonite,Dessalines,31,1/6/2025
1652,Beneficiary_1652,F,38,6,Sud,Aquin,29,3/14/2025
1653,Beneficiary_1653,M,54,5,Ouest,Delmas,71,2/11/2025
1654,Beneficiary_1654,F,44,2,Ouest,Port-au-Prince,57,2/21/2025
1655,Beneficiary_1655,M,66,7,Artibonite,Gonaives,49,1/12/2025
1656,Beneficiary_1656,M,13,7,Ouest,Delmas,58,2/21/2025
1657,Beneficiary_1657,M,72,2,Artibonite,Dessalines,29,2/8/2025
1658,Beneficiary_1658,F,28,3,Artibonite,Saint-Marc,58,2/15/2025
1659,Beneficiary_1659,F,34,9,Sud,Les Cayes,30,1/26/2025
1660,Beneficiary_1660,F,55,8,Artibonite,Saint-Marc,96,2/4/2025
1661,Beneficiary_1661,F,38,2,Sud,Aquin,31,2/24/2025
1662,Beneficiary_1662,M,7,7,Artibonite,Dessalines,55,3/22/2025
1663,Beneficiary_1663,M,54,9,Artibonite,Gonaives,59,2/13/2025
1664,Beneficiary_1664,M,34,3,Artibonite,Dessalines,38,3/5/2025
1665,Beneficiary_1665,M,15,5,Sud,Aquin,66,3/1/2025
1666,Beneficiary_1666,F,51,5,Artibonite,Gonaives,19,1/20/2025
1667,Beneficiary_1667,M,63,9,Ouest,Tabarre,61,2/24/2025
1668,Beneficiary_1668,M,60,9,Artibonite,Dessalines,23,1/10/2025
1669,Beneficiary_1669,F,10,7,Ouest,Port-au-Prince,47,1/13/2025
1670,Beneficiary_1670,F,44,6,Artibonite,Dessalines,85,2/2/2025
1671,Beneficiary_1671,M,47,2,Sud,Les Cayes,45,3/26/2025
1672,Beneficiary_1672,M,16,7,Artibonite,Gonaives,74,1/6/2025
1673,Beneficiary_1673,F,17,6,Ouest,Carrefour,82,3/17/2025
1674,Beneficiary_1674,F,29,5,Sud,Port-Salut,81,2/13/2025
1675,Beneficiary_1675,M,47,2,Ouest,Delmas,47,3/19/2025
1676,Beneficiary_1676,M,25,7,Artibonite,Dessalines,43,3/10/2025
1677,Beneficiary_1677,F,42,2,Ouest,Port-au-Prince,51,1/2/2025
1678,Beneficiary_1678,F,24,7,Ouest,Carrefour,46,3/26/2025
1679,Beneficiary_1679,F,36,5,Sud,Aquin,7,3/21/2025
1680,Beneficiary_1680,F,43,5,Sud,Port-Salut,30,1/12/2025
1681,Beneficiary_1681,M,14,4,Ouest,Delmas,16,1/15/2025
1682,Beneficiary_1682,M,2,4,Ouest,Delmas,22,3/3/2025
1683,Beneficiary_1683,M,22,7,Sud,Les Cayes,89,3/22/2025
1684,Beneficiary_1684,M,25,5,Sud,Les Cayes,53,3/1/2025
1685,Beneficiary_1685,F,42,1,Ouest,Carrefour,52,1/15/2025
1686,Beneficiary_1686,F,33,8,Ouest,Delmas,26,3/2/2025
1687,Beneficiary_1687,M,61,4,Ouest,Carrefour,86,2/7/2025
1688,Beneficiary_1688,M,4,6,Sud,Port-Salut,29,1/2/2025
1689,Beneficiary_1689,F,29,8,Ouest,Carrefour,30,3/16/2025
1690,Beneficiary_1690,F,44,1,Sud,Aquin,35,3/4/2025
1691,Beneficiary_1691,F,73,4,Artibonite,Saint-Marc,73,1/8/2025
1692,Beneficiary_1692,F,38,6,Sud,Les Cayes,70,3/12/2025
1693,Beneficiary_1693,F,54,8,Ouest,Tabarre,38,1/15/2025
1694,Beneficiary_1694,F,20,8,Artibonite,Dessalines,51,3/31/2025
1695,Beneficiary_1695,M,50,5,Artibonite,Gonaives,52,1/25/2025
1696,Beneficiary_1696,F,6,4,Artibonite,Saint-Marc,33,3/6/2025
1697,Beneficiary_1697,F,33,3,Ouest,Tabarre,48,2/7/2025
1698,Beneficiary_1698,F,70,7,Sud,Aquin,22,3/28/2025
1699,Beneficiary_1699,F,44,8,Sud,Aquin,79,1/21/2025
1700,Beneficiary_1700,F,75,2,Sud,Les Cayes,41,3/27/2025
1701,Beneficiary_1701,M,43,4,Artibonite,Gonaives,61,1/21/2025
1702,Beneficiary_1702,M,38,7,Sud,Port-Salut,48,3/5/2025
1703,Beneficiary_1703,M,42,9,Artibonite,Gonaives,0,1/7/2025
1704,Beneficiary_1704,F,47,6,Ouest,Tabarre,52,3/28/2025
1705,Beneficiary_1705,M,30,2,Ouest,Delmas,90,2/13/2025
1706,Beneficiary_1706,M,22,2,Artibonite,Gonaives,41,3/13/2025
1707,Beneficiary_1707,F,70,6,Ouest,Carrefour,33,2/15/2025
1708,Beneficiary_1708,M,25,9,Ouest,Tabarre,47,3/19/2025
1709,Beneficiary_1709,M,50,8,Sud,Les Cayes,54,2/28/2025
1710,Beneficiary_1710,M,11,9,Ouest,Port-au-Prince,39,1/6/2025
1711,Beneficiary_1711,M,24,2,Sud,Les Cayes,48,1/27/2025
1712,Beneficiary_1712,F,42,8,Artibonite,Gonaives,58,3/6/2025
1713,Beneficiary_1713,M,3,3,Artibonite,Dessalines,71,3/24/2025
1714,Beneficiary_1714,M,39,2,Artibonite,Saint-Marc,77,1/26/2025
1715,Beneficiary_1715,M,42,4,Artibonite,Saint-Marc,72,3/2/2025
1716,Beneficiary_1716,M,43,2,Artibonite,Saint-Marc,76,2/4/2025
1717,Beneficiary_1717,F,44,6,Artibonite,Dessalines,48,3/22/2025
1718,Beneficiary_1718,M,75,9,Sud,Les Cayes,67,2/23/2025
1719,Beneficiary_1719,F,45,7,Ouest,Delmas,24,2/22/2025
1720,Beneficiary_1720,F,11,1,Artibonite,Dessalines,55,2/26/2025
1721,Beneficiary_1721,M,37,2,Ouest,Port-au-Prince,37,2/13/2025
1722,Beneficiary_1722,M,37,7,Artibonite,Saint-Marc,81,1/8/2025
1723,Beneficiary_1723,M,47,1,Artibonite,Gonaives,27,3/22/2025
1724,Beneficiary_1724,F,32,7,Sud,Aquin,33,2/21/2025
1725,Beneficiary_1725,F,28,6,Sud,Aquin,41,2/14/2025
1726,Beneficiary_1726,M,26,7,Ouest,Tabarre,24,2/27/2025
1727,Beneficiary_1727,F,32,6,Sud,Les Cayes,38,3/25/2025
1728,Beneficiary_1728,F,0,2,Artibonite,Gonaives,91,1/5/2025
1729,Beneficiary_1729,F,54,3,Sud,Port-Salut,42,3/8/2025
1730,Beneficiary_1730,M,35,2,Sud,Port-Salut,26,3/7/2025
1731,Beneficiary_1731,F,65,3,Sud,Port-Salut,87,1/3/2025
1732,Beneficiary_1732,M,37,5,Ouest,Tabarre,70,2/24/2025
1733,Beneficiary_1733,M,38,6,Sud,Les Cayes,23,2/3/2025
1734,Beneficiary_1734,F,27,2,Sud,Aquin,52,1/7/2025
1735,Beneficiary_1735,F,26,5,Sud,Les Cayes,45,3/15/2025
1736,Beneficiary_1736,F,33,6,Sud,Les Cayes,48,1/31/2025
1737,Beneficiary_1737,M,35,6,Sud,Aquin,28,2/8/2025
1738,Beneficiary_1738,M,22,7,Artibonite,Dessalines,24,3/8/2025
1739,Beneficiary_1739,M,52,6,Sud,Les Cayes,7,3/8/2025
1740,Beneficiary_1740,F,55,8,Sud,Les Cayes,77,1/13/2025
1741,Beneficiary_1741,F,29,2,Ouest,Carrefour,0,1/12/2025
1742,Beneficiary_1742,M,28,8,Ouest,Carrefour,48,1/28/2025
1743,Beneficiary_1743,F,16,9,Artibonite,Gonaives,39,2/21/2025
1744,Beneficiary_1744,F,62,5,Sud,Aquin,63,3/16/2025
1745,Beneficiary_1745,F,18,8,Artibonite,Dessalines,18,3/30/2025
1746,Beneficiary_1746,F,29,3,Artibonite,Dessalines,45,1/19/2025
1747,Beneficiary_1747,F,43,8,Sud,Les Cayes,39,1/17/2025
1748,Beneficiary_1748,M,44,4,Sud,Aquin,88,2/28/2025
1749,Beneficiary_1749,M,49,9,Artibonite,Gonaives,49,2/17/2025
1750,Beneficiary_1750,M,31,2,Ouest,Carrefour,42,2/17/2025
1751,Beneficiary_1751,M,56,9,Sud,Port-Salut,37,1/20/2025
1752,Beneficiary_1752,F,35,6,Ouest,Tabarre,51,2/8/2025
1753,Beneficiary_1753,M,25,3,Artibonite,Saint-Marc,22,1/19/2025
1754,Beneficiary_1754,M,40,5,Sud,Port-Salut,48,2/6/2025
1755,Beneficiary_1755,F,44,1,Ouest,Delmas,39,1/16/2025
1756,Beneficiary_1756,M,56,1,Sud,Port-Salut,32,2/23/2025
1757,Beneficiary_1757,F,65,8,Artibonite,Dessalines,15,2/13/2025
1758,Beneficiary_1758,M,42,3,Artibonite,Saint-Marc,59,3/6/2025
1759,Beneficiary_1759,F,20,8,Sud,Port-Salut,58,1/20/2025
1760,Beneficiary_1760,M,58,7,Sud,Port-Salut,5,2/19/2025
1761,Beneficiary_1761,F,44,9,Ouest,Carrefour,0,1/6/2025
1762,Beneficiary_1762,F,17,2,Sud,Port-Salut,82,1/22/2025
1763,Beneficiary_1763,F,24,9,Sud,Les Cayes,26,3/24/2025
1764,Beneficiary_1764,M,31,9,Ouest,Port-au-Prince,91,3/15/2025
1765,Beneficiary_1765,F,2,9,Ouest,Delmas,28,1/3/2025
1766,Beneficiary_1766,M,61,5,Ouest,Delmas,87,1/27/2025
1767,Beneficiary_1767,M,33,9,Ouest,Carrefour,25,3/19/2025
1768,Beneficiary_1768,M,72,8,Artibonite,Saint-Marc,81,1/3/2025
1769,Beneficiary_1769,M,47,7,Artibonite,Saint-Marc,33,1/4/2025
1770,Beneficiary_1770,F,34,5,Sud,Port-Salut,46,1/12/2025
1771,Beneficiary_1771,M,40,5,Ouest,Port-au-Prince,79,1/19/2025
1772,Beneficiary_1772,M,50,3,Ouest,Tabarre,28,2/9/2025
1773,Beneficiary_1773,M,59,1,Artibonite,Dessalines,56,3/20/2025
1774,Beneficiary_1774,M,47,1,Artibonite,Gonaives,79,2/8/2025
1775,Beneficiary_1775,F,14,3,Artibonite,Gonaives,49,2/22/2025
1776,Beneficiary_1776,F,25,2,Artibonite,Saint-Marc,18,1/7/2025
1777,Beneficiary_1777,M,41,8,Ouest,Delmas,100,3/7/2025
1778,Beneficiary_1778,M,1,5,Sud,Port-Salut,49,1/8/2025
1779,Beneficiary_1779,F,46,2,Artibonite,Saint-Marc,52,3/3/2025
1780,Beneficiary_1780,M,32,1,Ouest,Carrefour,24,2/4/2025
1781,Beneficiary_1781,M,39,4,Sud,Aquin,34,3/13/2025
1782,Beneficiary_1782,F,0,7,Sud,Les Cayes,73,2/27/2025
1783,Beneficiary_1783,M,52,6,Ouest,Delmas,51,3/11/2025
1784,Beneficiary_1784,F,39,9,Ouest,Delmas,71,2/27/2025
1785,Beneficiary_1785,F,39,5,Ouest,Port-au-Prince,68,3/25/2025
1786,Beneficiary_1786,M,29,8,Ouest,Port-au-Prince,76,2/4/2025
1787,Beneficiary_1787,F,40,6,Sud,Port-Salut,53,3/22/2025
1788,Beneficiary_1788,M,12,3,Ouest,Tabarre,55,3/10/2025
1789,Beneficiary_1789,F,20,2,Sud,Les Cayes,37,2/20/2025
1790,Beneficiary_1790,M,20,9,Sud,Les Cayes,28,2/5/2025
1791,Beneficiary_1791,F,73,6,Artibonite,Gonaives,76,3/23/2025
1792,Beneficiary_1792,F,69,5,Artibonite,Dessalines,25,2/1/2025
1793,Beneficiary_1793,F,36,4,Sud,Port-Salut,24,2/28/2025
1794,Beneficiary_1794,M,22,3,Sud,Port-Salut,31,3/24/2025
1795,Beneficiary_1795,M,57,1,Ouest,Carrefour,42,3/28/2025
1796,Beneficiary_1796,F,54,7,Ouest,Carrefour,62,3/10/2025
1797,Beneficiary_1797,M,76,8,Ouest,Port-au-Prince,20,3/28/2025
1798,Beneficiary_1798,F,57,6,Ouest,Tabarre,72,2/19/2025
1799,Beneficiary_1799,M,17,8,Ouest,Port-au-Prince,70,2/17/2025
1800,Beneficiary_1800,M,41,4,Ouest,Carrefour,45,1/3/2025
1801,Beneficiary_1801,F,20,4,Artibonite,Dessalines,35,1/12/2025
1802,Beneficiary_1802,F,71,4,Sud,Aquin,50,1/30/2025
1803,Beneficiary_1803,M,49,5,Artibonite,Saint-Marc,34,3/5/2025
1804,Beneficiary_1804,M,20,1,Sud,Aquin,71,1/26/2025
1805,Beneficiary_1805,M,10,5,Sud,Port-Salut,41,3/14/2025
1806,Beneficiary_1806,M,35,9,Sud,Port-Salut,52,1/25/2025
1807,Beneficiary_1807,M,31,2,Sud,Aquin,57,3/17/2025
1808,Beneficiary_1808,M,47,5,Ouest,Port-au-Prince,64,3/14/2025
1809,Beneficiary_1809,M,17,1,Ouest,Tabarre,44,3/30/2025
1810,Beneficiary_1810,F,56,9,Sud,Aquin,67,2/28/2025
1811,Beneficiary_1811,M,10,6,Ouest,Carrefour,57,2/25/2025
1812,Beneficiary_1812,M,0,9,Artibonite,Saint-Marc,50,3/1/2025
1813,Beneficiary_1813,M,69,4,Artibonite,Saint-Marc,31,1/7/2025
1814,Beneficiary_1814,F,19,6,Artibonite,Saint-Marc,65,1/1/2025
1815,Beneficiary_1815,F,7,2,Artibonite,Gonaives,37,3/15/2025
1816,Beneficiary_1816,F,45,2,Ouest,Delmas,37,2/1/2025
1817,Beneficiary_1817,F,30,5,Ouest,Delmas,64,1/9/2025
1818,Beneficiary_1818,M,42,1,Sud,Aquin,55,3/3/2025
1819,Beneficiary_1819,F,28,5,Artibonite,Gonaives,57,2/1/2025
1820,Beneficiary_1820,M,32,6,Ouest,Carrefour,59,1/7/2025
1821,Beneficiary_1821,M,26,2,Artibonite,Dessalines,46,3/18/2025
1822,Beneficiary_1822,M,17,8,Sud,Port-Salut,49,3/16/2025
1823,Beneficiary_1823,M,20,1,Ouest,Port-au-Prince,27,2/18/2025
1824,Beneficiary_1824,M,39,3,Artibonite,Dessalines,54,1/8/2025
1825,Beneficiary_1825,F,49,7,Artibonite,Gonaives,41,1/9/2025
1826,Beneficiary_1826,M,42,5,Ouest,Port-au-Prince,61,2/18/2025
1827,Beneficiary_1827,F,43,4,Artibonite,Gonaives,33,3/18/2025
1828,Beneficiary_1828,M,37,8,Sud,Aquin,57,2/19/2025
1829,Beneficiary_1829,M,35,6,Artibonite,Saint-Marc,8,3/25/2025
1830,Beneficiary_1830,F,37,9,Sud,Les Cayes,94,2/12/2025
1831,Beneficiary_1831,M,28,2,Sud,Les Cayes,35,1/2/2025
1832,Beneficiary_1832,M,41,4,Sud,Aquin,56,3/15/2025
1833,Beneficiary_1833,F,56,7,Ouest,Tabarre,24,3/3/2025
1834,Beneficiary_1834,F,48,3,Sud,Aquin,61,2/1/2025
1835,Beneficiary_1835,M,32,3,Ouest,Port-au-Prince,56,2/9/2025
1836,Beneficiary_1836,F,53,5,Sud,Port-Salut,67,3/16/2025
1837,Beneficiary_1837,M,14,8,Sud,Les Cayes,66,2/9/2025
1838,Beneficiary_1838,F,33,6,Sud,Port-Salut,51,1/2/2025
1839,Beneficiary_1839,M,36,1,Sud,Aquin,46,1/31/2025
1840,Beneficiary_1840,M,56,7,Sud,Aquin,48,2/14/2025
1841,Beneficiary_1841,M,14,2,Ouest,Delmas,42,2/13/2025
1842,Beneficiary_1842,F,38,6,Ouest,Carrefour,74,3/16/2025
1843,Beneficiary_1843,F,45,7,Sud,Port-Salut,32,2/12/2025
1844,Beneficiary_1844,F,79,1,Ouest,Port-au-Prince,55,3/5/2025
1845,Beneficiary_1845,M,57,4,Ouest,Port-au-Prince,46,3/1/2025
1846,Beneficiary_1846,M,44,8,Sud,Les Cayes,66,2/12/2025
1847,Beneficiary_1847,M,56,7,Sud,Port-Salut,71,1/24/2025
1848,Beneficiary_1848,M,50,2,Ouest,Tabarre,43,2/15/2025
1849,Beneficiary_1849,M,24,5,Ouest,Port-au-Prince,56,2/26/2025
1850,Beneficiary_1850,M,51,1,Ouest,Tabarre,45,1/26/2025
1851,Beneficiary_1851,M,54,4,Ouest,Tabarre,79,2/3/2025
1852,Beneficiary_1852,F,18,9,Sud,Les Cayes,33,2/1/2025
1853,Beneficiary_1853,M,32,3,Ouest,Delmas,56,2/3/2025
1854,Beneficiary_1854,M,25,7,Ouest,Port-au-Prince,77,3/25/2025
1855,Beneficiary_1855,M,42,5,Ouest,Tabarre,50,2/28/2025
1856,Beneficiary_1856,F,9,3,Ouest,Tabarre,23,3/9/2025
1857,Beneficiary_1857,M,40,2,Sud,Port-Salut,7,1/19/2025
1858,Beneficiary_1858,M,53,9,Ouest,Delmas,46,2/18/2025
1859,Beneficiary_1859,F,90,7,Sud,Port-Salut,96,3/23/2025
1860,Beneficiary_1860,M,31,9,Ouest,Port-au-Prince,47,2/7/2025
1861,Beneficiary_1861,M,52,1,Ouest,Tabarre,84,3/22/2025
1862,Beneficiary_1862,F,5,4,Artibonite,Gonaives,14,1/11/2025
1863,Beneficiary_1863,M,23,3,Artibonite,Dessalines,61,3/7/2025
1864,Beneficiary_1864,F,43,8,Artibonite,Dessalines,71,3/8/2025
1865,Beneficiary_1865,F,13,6,Artibonite,Gonaives,3,3/9/2025
1866,Beneficiary_1866,F,50,8,Sud,Port-Salut,33,2/4/2025
1867,Beneficiary_1867,M,0,4,Sud,Port-Salut,52,1/29/2025
1868,Beneficiary_1868,M,49,7,Ouest,Carrefour,47,1/28/2025
1869,Beneficiary_1869,F,26,3,Artibonite,Saint-Marc,46,2/17/2025
1870,Beneficiary_1870,M,28,3,Artibonite,Dessalines,23,1/11/2025
1871,Beneficiary_1871,F,22,4,Artibonite,Saint-Marc,60,3/16/2025
1872,Beneficiary_1872,F,40,7,Ouest,Carrefour,53,2/27/2025
1873,Beneficiary_1873,F,17,6,Artibonite,Saint-Marc,46,3/5/2025
1874,Beneficiary_1874,F,0,1,Artibonite,Saint-Marc,53,1/23/2025
1875,Beneficiary_1875,F,60,2,Artibonite,Gonaives,20,2/15/2025
1876,Beneficiary_1876,M,24,5,Ouest,Tabarre,56,1/30/2025
1877,Beneficiary_1877,M,57,6,Ouest,Port-au-Prince,41,1/5/2025
1878,Beneficiary_1878,F,22,4,Sud,Les Cayes,10,3/28/2025
1879,Beneficiary_1879,F,36,5,Artibonite,Saint-Marc,90,1/25/2025
1880,Beneficiary_1880,M,39,9,Sud,Aquin,49,2/3/2025
1881,Beneficiary_1881,F,40,6,Ouest,Tabarre,49,2/21/2025
1882,Beneficiary_1882,M,20,8,Artibonite,Dessalines,66,3/25/2025
1883,Beneficiary_1883,F,39,4,Sud,Les Cayes,50,1/30/2025
1884,Beneficiary_1884,M,17,8,Sud,Aquin,76,1/30/2025
1885,Beneficiary_1885,F,46,8,Sud,Aquin,38,2/13/2025
1886,Beneficiary_1886,M,53,7,Ouest,Tabarre,40,3/31/2025
1887,Beneficiary_1887,F,20,8,Artibonite,Gonaives,34,3/13/2025
1888,Beneficiary_1888,M,3,3,Ouest,Tabarre,59,2/9/2025
1889,Beneficiary_1889,F,2,6,Sud,Les Cayes,25,2/13/2025
1890,Beneficiary_1890,F,0,7,Ouest,Carrefour,48,3/30/2025
1891,Beneficiary_1891,F,32,1,Sud,Port-Salut,43,3/14/2025
1892,Beneficiary_1892,M,16,6,Ouest,Delmas,26,3/14/2025
1893,Beneficiary_1893,F,43,7,Sud,Aquin,38,1/27/2025
1894,Beneficiary_1894,F,40,4,Artibonite,Gonaives,32,3/2/2025
1895,Beneficiary_1895,F,38,5,Ouest,Tabarre,76,1/12/2025
1896,Beneficiary_1896,M,45,1,Ouest,Port-au-Prince,41,3/30/2025
1897,Beneficiary_1897,M,39,3,Sud,Port-Salut,45,1/26/2025
1898,Beneficiary_1898,F,35,4,Ouest,Carrefour,43,1/30/2025
1899,Beneficiary_1899,M,32,8,Artibonite,Dessalines,54,1/8/2025
1900,Beneficiary_1900,M,17,3,Artibonite,Dessalines,29,2/11/2025
1901,Beneficiary_1901,M,10,2,Artibonite,Saint-Marc,17,1/17/2025
1902,Beneficiary_1902,F,13,2,Sud,Port-Salut,53,2/19/2025
1903,Beneficiary_1903,M,18,5,Ouest,Delmas,60,2/25/2025
1904,Beneficiary_1904,F,35,3,Sud,Aquin,10,3/19/2025
1905,Beneficiary_1905,M,46,9,Sud,Port-Salut,66,3/29/2025
1906,Beneficiary_1906,M,17,1,Artibonite,Saint-Marc,58,1/19/2025
1907,Beneficiary_1907,F,19,4,Artibonite,Gonaives,51,3/9/2025
1908,Beneficiary_1908,F,12,8,Artibonite,Dessalines,14,3/1/2025
1909,Beneficiary_1909,M,28,5,Sud,Les Cayes,47,3/24/2025
1910,Beneficiary_1910,F,27,7,Artibonite,Saint-Marc,26,3/20/2025
1911,Beneficiary_1911,M,27,3,Ouest,Carrefour,55,3/21/2025
1912,Beneficiary_1912,F,34,7,Sud,Port-Salut,53,3/26/2025
1913,Beneficiary_1913,F,22,1,Ouest,Port-au-Prince,73,1/31/2025
1914,Beneficiary_1914,F,13,2,Ouest,Tabarre,59,3/31/2025
1915,Beneficiary_1915,M,56,8,Sud,Aquin,59,2/22/2025
1916,Beneficiary_1916,F,31,2,Sud,Les Cayes,39,1/14/2025
1917,Beneficiary_1917,F,53,8,Sud,Port-Salut,21,1/22/2025
1918,Beneficiary_1918,M,17,8,Artibonite,Gonaives,42,1/4/2025
1919,Beneficiary_1919,F,57,6,Ouest,Carrefour,57,2/21/2025
1920,Beneficiary_1920,M,17,1,Ouest,Carrefour,43,2/2/2025
1921,Beneficiary_1921,F,23,8,Ouest,Delmas,35,3/4/2025
1922,Beneficiary_1922,M,52,9,Artibonite,Gonaives,22,3/26/2025
1923,Beneficiary_1923,M,63,8,Ouest,Carrefour,66,2/5/2025
1924,Beneficiary_1924,M,54,2,Ouest,Delmas,40,1/23/2025
1925,Beneficiary_1925,F,32,3,Artibonite,Gonaives,21,1/10/2025
1926,Beneficiary_1926,F,25,3,Sud,Les Cayes,59,2/26/2025
1927,Beneficiary_1927,M,58,1,Artibonite,Gonaives,27,3/28/2025
1928,Beneficiary_1928,F,28,1,Sud,Les Cayes,46,3/23/2025
1929,Beneficiary_1929,M,9,7,Sud,Aquin,61,3/30/2025
1930,Beneficiary_1930,M,21,1,Artibonite,Saint-Marc,46,1/7/2025
1931,Beneficiary_1931,M,26,6,Artibonite,Gonaives,34,1/31/2025
1932,Beneficiary_1932,M,34,7,Ouest,Port-au-Prince,45,1/4/2025
1933,Beneficiary_1933,M,28,2,Ouest,Tabarre,35,1/29/2025
1934,Beneficiary_1934,M,40,1,Ouest,Delmas,83,2/23/2025
1935,Beneficiary_1935,F,37,6,Sud,Les Cayes,69,3/13/2025
1936,Beneficiary_1936,M,9,9,Sud,Les Cayes,53,2/20/2025
1937,Beneficiary_1937,M,15,4,Artibonite,Gonaives,20,1/14/2025
1938,Beneficiary_1938,M,21,1,Artibonite,Saint-Marc,73,2/21/2025
1939,Beneficiary_1939,M,52,7,Sud,Port-Salut,54,1/28/2025
1940,Beneficiary_1940,M,7,5,Artibonite,Gonaives,46,3/25/2025
1941,Beneficiary_1941,M,40,2,Sud,Port-Salut,53,1/28/2025
1942,Beneficiary_1942,F,1,2,Artibonite,Saint-Marc,32,3/10/2025
1943,Beneficiary_1943,F,33,2,Sud,Les Cayes,60,3/18/2025
1944,Beneficiary_1944,F,0,3,Artibonite,Dessalines,46,2/12/2025
1945,Beneficiary_1945,F,37,2,Ouest,Tabarre,66,2/12/2025
1946,Beneficiary_1946,F,47,9,Ouest,Carrefour,61,3/23/2025
1947,Beneficiary_1947,M,20,4,Sud,Les Cayes,11,1/3/2025
1948,Beneficiary_1948,F,27,4,Sud,Les Cayes,70,2/24/2025
1949,Beneficiary_1949,M,60,3,Ouest,Port-au-Prince,64,2/17/2025
1950,Beneficiary_1950,M,42,3,Artibonite,Saint-Marc,57,2/18/2025
1951,Beneficiary_1951,M,24,8,Ouest,Port-au-Prince,47,2/12/2025
1952,Beneficiary_1952,F,65,1,Ouest,Tabarre,31,3/8/2025
1953,Beneficiary_1953,F,64,1,Artibonite,Dessalines,43,1/30/2025
1954,Beneficiary_1954,F,58,4,Sud,Port-Salut,21,1/27/2025
1955,Beneficiary_1955,M,45,4,Sud,Les Cayes,35,3/19/2025
1956,Beneficiary_1956,F,9,3,Artibonite,Dessalines,54,2/26/2025
1957,Beneficiary_1957,M,53,8,Sud,Les Cayes,33,1/9/2025
1958,Beneficiary_1958,M,8,4,Ouest,Port-au-Prince,48,1/17/2025
1959,Beneficiary_1959,M,33,4,Ouest,Delmas,60,3/6/2025
1960,Beneficiary_1960,F,52,5,Ouest,Carrefour,48,1/22/2025
1961,Beneficiary_1961,M,68,7,Sud,Les Cayes,54,1/23/2025
1962,Beneficiary_1962,F,28,5,Sud,Les Cayes,17,3/15/2025
1963,Beneficiary_1963,M,30,5,Artibonite,Dessalines,43,3/3/2025
1964,Beneficiary_1964,F,52,7,Ouest,Tabarre,59,1/22/2025
1965,Beneficiary_1965,F,13,9,Artibonite,Saint-Marc,53,3/20/2025
1966,Beneficiary_1966,M,47,8,Sud,Port-Salut,80,1/3/2025
1967,Beneficiary_1967,M,50,5,Artibonite,Saint-Marc,65,3/18/2025
1968,Beneficiary_1968,M,36,5,Sud,Les Cayes,57,2/18/2025
1969,Beneficiary_1969,F,57,5,Artibonite,Saint-Marc,23,2/18/2025
1970,Beneficiary_1970,F,28,2,Sud,Aquin,34,2/12/2025
1971,Beneficiary_1971,M,41,3,Ouest,Carrefour,74,1/25/2025
1972,Beneficiary_1972,F,24,8,Ouest,Port-au-Prince,2,2/21/2025
1973,Beneficiary_1973,F,27,7,Artibonite,Saint-Marc,68,3/4/2025
1974,Beneficiary_1974,M,44,7,Artibonite,Dessalines,58,1/5/2025
1975,Beneficiary_1975,M,29,4,Ouest,Carrefour,24,2/25/2025
1976,Beneficiary_1976,F,44,9,Artibonite,Dessalines,33,3/4/2025
1977,Beneficiary_1977,F,74,1,Sud,Aquin,61,3/25/2025
1978,Beneficiary_1978,M,24,4,Artibonite,Saint-Marc,37,3/3/2025
1979,Beneficiary_1979,M,33,3,Ouest,Tabarre,45,2/3/2025
1980,Beneficiary_1980,M,55,5,Sud,Port-Salut,53,2/1/2025
1981,Beneficiary_1981,M,21,1,Sud,Aquin,87,1/15/2025
1982,Beneficiary_1982,F,35,2,Ouest,Carrefour,65,3/8/2025
1983,Beneficiary_1983,M,24,7,Ouest,Carrefour,57,2/2/2025
1984,Beneficiary_1984,F,40,5,Sud,Port-Salut,12,2/22/2025
1985,Beneficiary_1985,M,71,6,Sud,Les Cayes,75,1/19/2025
1986,Beneficiary_1986,M,27,7,Artibonite,Dessalines,27,3/31/2025
1987,Beneficiary_1987,M,41,8,Artibonite,Gonaives,51,1/1/2025
1988,Beneficiary_1988,F,41,9,Ouest,Port-au-Prince,53,2/23/2025
1989,Beneficiary_1989,F,44,3,Sud,Port-Salut,78,1/23/2025
1990,Beneficiary_1990,M,45,4,Artibonite,Gonaives,29,3/4/2025
1991,Beneficiary_1991,F,59,4,Ouest,Port-au-Prince,82,1/24/2025
1992,Beneficiary_1992,M,90,4,Ouest,Port-au-Prince,27,2/3/2025
1993,Beneficiary_1993,M,39,3,Artibonite,Saint-Marc,8,1/11/2025
1994,Beneficiary_1994,F,44,2,Artibonite,Gonaives,39,2/5/2025
1995,Beneficiary_1995,M,69,4,Ouest,Tabarre,34,3/3/2025
1996,Beneficiary_1996,M,4,1,Artibonite,Dessalines,40,1/8/2025
1997,Beneficiary_1997,M,0,2,Artibonite,Gonaives,65,1/28/2025
1998,Beneficiary_1998,F,0,9,Sud,Les Cayes,50,2/4/2025
1999,Beneficiary_1999,F,0,7,Artibonite,Saint-Marc,43,2/13/2025
2000,Beneficiary_2000,F,64,6,Artibonite,Dessalines,57,1/31/2025
